2025-11-02 11:14:57,932 - INFO - Log salvato in: execution_logs\script_execution_2025-11-02_11-14-57.log
2025-11-02 11:14:57,932 - INFO - Inizio esecuzione script principale.
2025-11-02 11:14:57,932 - INFO - Step 1: Backup del database e troncamento delle tabelle.
2025-11-02 11:14:58,097 - INFO - Backup del database completato: db_history\backup_2025-11-02_11-14-57.sql
2025-11-02 11:14:58,102 - INFO - Backup e troncamento completati con successo.
2025-11-02 11:14:58,102 - INFO - Step 2: Estrazione dei rappresentanti della commissione.
2025-11-02 11:15:02,922 - INFO - Estrazione dei rappresentanti completata.
2025-11-02 11:15:02,922 - INFO - Step 3: Raccolta degli ID dei lobbisti.
2025-11-02 11:15:02,922 - INFO - Scraping letter A...
2025-11-02 11:16:04,670 - INFO - Scraping letter B...
2025-11-02 11:16:30,922 - INFO - Scraping letter C...
2025-11-02 11:17:15,751 - INFO - Scraping letter D...
2025-11-02 11:17:36,597 - INFO - Scraping letter E...
2025-11-02 11:18:43,495 - INFO - Scraping letter F...
2025-11-02 11:19:20,543 - INFO - Scraping letter G...
2025-11-02 11:19:36,792 - INFO - Scraping letter H...
2025-11-02 11:19:49,811 - INFO - Scraping letter I...
2025-11-02 11:20:21,098 - INFO - Scraping letter J...
2025-11-02 11:20:24,892 - INFO - Scraping letter K...
2025-11-02 11:20:34,403 - INFO - Scraping letter L...
2025-11-02 11:20:48,388 - INFO - Scraping letter M...
2025-11-02 11:21:07,016 - INFO - Scraping letter N...
2025-11-02 11:21:22,503 - INFO - Scraping letter O...
2025-11-02 11:21:34,579 - INFO - Scraping letter P...
2025-11-02 11:21:55,332 - INFO - Scraping letter Q...
2025-11-02 11:21:57,148 - INFO - Scraping letter R...
2025-11-02 11:22:11,750 - INFO - Scraping letter S...
2025-11-02 11:22:52,375 - INFO - Scraping letter T...
2025-11-02 11:23:16,979 - INFO - Scraping letter U...
2025-11-02 11:23:30,157 - INFO - Scraping letter V...
2025-11-02 11:23:44,723 - INFO - Scraping letter W...
2025-11-02 11:23:54,443 - INFO - Scraping letter X...
2025-11-02 11:23:55,574 - INFO - Scraping letter Y...
2025-11-02 11:23:57,370 - INFO - Scraping letter Z...
2025-11-02 11:24:01,160 - INFO - Raccolta ID lobbisti completata.
2025-11-02 11:24:01,160 - INFO - Step 4: Elaborazione dei lobbisti.
2025-11-02 11:24:01,195 - INFO - Processing lobbyist ID: 000075850398-74
2025-11-02 11:24:02,635 - INFO - Processing lobbyist ID: 000104242849-49
2025-11-02 11:24:04,016 - INFO - Processing lobbyist ID: 000142439924-52
2025-11-02 11:24:05,270 - INFO - Processing lobbyist ID: 000182225214-48
2025-11-02 11:24:06,520 - INFO - Processing lobbyist ID: 0001976677-12
2025-11-02 11:24:09,634 - INFO - Processing lobbyist ID: 000244295913-08
2025-11-02 11:24:10,846 - INFO - Processing lobbyist ID: 000422497674-67
2025-11-02 11:24:12,063 - INFO - Processing lobbyist ID: 000527594184-73
2025-11-02 11:24:13,299 - INFO - Processing lobbyist ID: 000688397923-96
2025-11-02 11:24:14,591 - INFO - Processing lobbyist ID: 000695351467-52
2025-11-02 11:24:15,908 - INFO - Processing lobbyist ID: 000764914245-74
2025-11-02 11:24:17,322 - INFO - Processing lobbyist ID: 00086317186-42
2025-11-02 11:24:19,567 - INFO - Processing lobbyist ID: 000889444601-32
2025-11-02 11:24:20,817 - INFO - Processing lobbyist ID: 00098856602-24
2025-11-02 11:24:22,961 - INFO - Processing lobbyist ID: 001034597151-46
2025-11-02 11:24:24,201 - INFO - Processing lobbyist ID: 001034695847-74
2025-11-02 11:24:25,517 - INFO - Processing lobbyist ID: 001133594410-22
2025-11-02 11:24:26,797 - INFO - Processing lobbyist ID: 001245815997-85
2025-11-02 11:24:28,502 - INFO - Processing lobbyist ID: 001339619562-21
2025-11-02 11:24:29,808 - INFO - Processing lobbyist ID: 0013730100466-28
2025-11-02 11:24:31,046 - INFO - Processing lobbyist ID: 001373249269-75
2025-11-02 11:24:32,464 - INFO - Processing lobbyist ID: 0014082722-83
2025-11-02 11:24:38,911 - INFO - Processing lobbyist ID: 001473999521-12
2025-11-02 11:24:40,139 - INFO - Processing lobbyist ID: 001531620369-40
2025-11-02 11:24:41,400 - INFO - Processing lobbyist ID: 00162715418-92
2025-11-02 11:24:43,514 - INFO - Processing lobbyist ID: 001634749272-03
2025-11-02 11:24:44,798 - INFO - Processing lobbyist ID: 001688341517-07
2025-11-02 11:24:46,082 - INFO - Processing lobbyist ID: 0017507100355-80
2025-11-02 11:24:47,301 - INFO - Processing lobbyist ID: 001814832718-07
2025-11-02 11:24:48,515 - INFO - Processing lobbyist ID: 001852197924-10
2025-11-02 11:24:49,721 - INFO - Processing lobbyist ID: 001866415031-87
2025-11-02 11:24:53,851 - INFO - Processing lobbyist ID: 001908294805-68
2025-11-02 11:24:55,035 - INFO - Processing lobbyist ID: 001968511387-52
2025-11-02 11:24:56,338 - INFO - Processing lobbyist ID: 001987598706-22
2025-11-02 11:24:57,578 - INFO - Processing lobbyist ID: 002032845543-49
2025-11-02 11:24:58,843 - INFO - Processing lobbyist ID: 002077217226-17
2025-11-02 11:25:00,164 - INFO - Processing lobbyist ID: 002126439066-24
2025-11-02 11:25:01,483 - INFO - Processing lobbyist ID: 002130110187-09
2025-11-02 11:25:02,762 - INFO - Processing lobbyist ID: 002206440983-89
2025-11-02 11:25:04,039 - INFO - Processing lobbyist ID: 002267299074-83
2025-11-02 11:25:05,283 - INFO - Processing lobbyist ID: 002278013515-26
2025-11-02 11:25:10,518 - INFO - Processing lobbyist ID: 002296943369-49
2025-11-02 11:25:11,751 - INFO - Processing lobbyist ID: 002317551074-12
2025-11-02 11:25:13,028 - INFO - Processing lobbyist ID: 002340497029-12
2025-11-02 11:25:14,289 - INFO - Processing lobbyist ID: 002504399144-30
2025-11-02 11:25:15,463 - INFO - Processing lobbyist ID: 0026376672-48
2025-11-02 11:25:16,829 - INFO - Processing lobbyist ID: 002861430113-81
2025-11-02 11:25:18,111 - INFO - Processing lobbyist ID: 002873446831-13
2025-11-02 11:25:19,555 - INFO - Processing lobbyist ID: 002907048115-56
2025-11-02 11:25:20,838 - INFO - Processing lobbyist ID: 002977215945-85
2025-11-02 11:25:24,512 - INFO - Processing lobbyist ID: 003058994490-80
2025-11-02 11:25:25,709 - INFO - Processing lobbyist ID: 003123953167-62
2025-11-02 11:25:26,999 - INFO - Processing lobbyist ID: 003152049192-70
2025-11-02 11:25:28,192 - INFO - Processing lobbyist ID: 003277719548-45
2025-11-02 11:25:30,847 - INFO - Processing lobbyist ID: 003289421663-92
2025-11-02 11:25:32,091 - INFO - Processing lobbyist ID: 0033733100389-64
2025-11-02 11:25:33,401 - INFO - Processing lobbyist ID: 003435750110-24
2025-11-02 11:25:34,628 - INFO - Processing lobbyist ID: 003453329147-26
2025-11-02 11:25:35,995 - INFO - Processing lobbyist ID: 00353757573-57
2025-11-02 11:25:39,914 - INFO - Processing lobbyist ID: 00358442856-45
2025-11-02 11:25:44,273 - INFO - Processing lobbyist ID: 003708136830-08
2025-11-02 11:25:45,833 - INFO - Processing lobbyist ID: 003824096869-82
2025-11-02 11:25:47,227 - INFO - Processing lobbyist ID: 004225299808-40
2025-11-02 11:25:48,494 - INFO - Processing lobbyist ID: 004258218904-75
2025-11-02 11:25:49,760 - INFO - Processing lobbyist ID: 004348352902-37
2025-11-02 11:25:51,241 - INFO - Processing lobbyist ID: 004391428791-19
2025-11-02 11:25:52,897 - INFO - Processing lobbyist ID: 004585041625-47
2025-11-02 11:25:54,233 - INFO - Processing lobbyist ID: 00475641564-03
2025-11-02 11:25:57,024 - INFO - Processing lobbyist ID: 00481013843-28
2025-11-02 11:25:58,344 - INFO - Processing lobbyist ID: 004878298526-53
2025-11-02 11:25:59,528 - INFO - Processing lobbyist ID: 004942218376-96
2025-11-02 11:26:00,840 - INFO - Processing lobbyist ID: 005036551217-80
2025-11-02 11:26:02,145 - INFO - Processing lobbyist ID: 0051555100570-57
2025-11-02 11:26:03,364 - INFO - Processing lobbyist ID: 005244199146-19
2025-11-02 11:26:04,605 - INFO - Processing lobbyist ID: 005426136369-56
2025-11-02 11:26:05,885 - INFO - Processing lobbyist ID: 005464798079-18
2025-11-02 11:26:07,154 - INFO - Processing lobbyist ID: 005489498073-39
2025-11-02 11:26:08,404 - INFO - Processing lobbyist ID: 005538931799-72
2025-11-02 11:26:09,713 - INFO - Processing lobbyist ID: 005575320561-06
2025-11-02 11:26:10,963 - INFO - Processing lobbyist ID: 005858195645-64
2025-11-02 11:26:12,180 - INFO - Processing lobbyist ID: 005887421809-56
2025-11-02 11:26:13,572 - INFO - Processing lobbyist ID: 005892792090-20
2025-11-02 11:26:15,066 - INFO - Processing lobbyist ID: 005930614727-54
2025-11-02 11:26:16,622 - INFO - Processing lobbyist ID: 006004145615-69
2025-11-02 11:26:17,999 - INFO - Processing lobbyist ID: 006018796649-51
2025-11-02 11:26:19,293 - INFO - Processing lobbyist ID: 006020340285-19
2025-11-02 11:26:20,651 - INFO - Processing lobbyist ID: 006043210924-49
2025-11-02 11:26:22,069 - INFO - Processing lobbyist ID: 006052644907-55
2025-11-02 11:26:23,338 - INFO - Processing lobbyist ID: 006087021537-90
2025-11-02 11:26:24,609 - INFO - Processing lobbyist ID: 00609669640-11
2025-11-02 11:26:25,918 - INFO - Processing lobbyist ID: 006203933416-48
2025-11-02 11:26:27,228 - INFO - Processing lobbyist ID: 0062284100605-61
2025-11-02 11:26:28,522 - INFO - Processing lobbyist ID: 006411421255-36
2025-11-02 11:26:29,950 - INFO - Processing lobbyist ID: 006455698245-11
2025-11-02 11:26:31,231 - INFO - Processing lobbyist ID: 006485918021-78
2025-11-02 11:26:32,470 - INFO - Processing lobbyist ID: 006537450157-04
2025-11-02 11:26:34,168 - INFO - Processing lobbyist ID: 006668652433-34
2025-11-02 11:26:35,390 - INFO - Processing lobbyist ID: 006687715492-92
2025-11-02 11:26:38,154 - INFO - Processing lobbyist ID: 006901422654-34
2025-11-02 11:26:39,747 - INFO - Processing lobbyist ID: 006930420009-75
2025-11-02 11:26:41,013 - INFO - Processed 100 lobbyists out of 16087. Pausing for 3 seconds to avoid server overload...
2025-11-02 11:26:44,026 - INFO - Processing lobbyist ID: 00705635730-34
2025-11-02 11:26:45,246 - INFO - Processing lobbyist ID: 007060049916-62
2025-11-02 11:26:46,576 - INFO - Processing lobbyist ID: 007095651479-45
2025-11-02 11:26:47,868 - INFO - Processing lobbyist ID: 007199150839-85
2025-11-02 11:26:49,200 - INFO - Processing lobbyist ID: 00723343929-96
2025-11-02 11:26:53,323 - INFO - Processing lobbyist ID: 007323695868-83
2025-11-02 11:26:54,634 - INFO - Processing lobbyist ID: 007338250495-75
2025-11-02 11:26:56,133 - INFO - Processing lobbyist ID: 007408046051-73
2025-11-02 11:26:57,655 - INFO - Processing lobbyist ID: 007422325160-44
2025-11-02 11:26:58,974 - INFO - Processing lobbyist ID: 007427047315-01
2025-11-02 11:27:00,184 - INFO - Processing lobbyist ID: 00745248690-02
2025-11-02 11:27:02,828 - INFO - Processing lobbyist ID: 007461027732-18
2025-11-02 11:27:04,073 - INFO - Processing lobbyist ID: 007467099082-71
2025-11-02 11:27:05,276 - INFO - Processing lobbyist ID: 007503529333-27
2025-11-02 11:27:06,539 - INFO - Processing lobbyist ID: 007522248387-91
2025-11-02 11:27:07,934 - INFO - Processing lobbyist ID: 007555936329-95
2025-11-02 11:27:09,213 - INFO - Processing lobbyist ID: 007579634856-38
2025-11-02 11:27:10,600 - INFO - Processing lobbyist ID: 0075818100011-92
2025-11-02 11:27:11,769 - INFO - Processing lobbyist ID: 007667198226-29
2025-11-02 11:27:12,996 - INFO - Processing lobbyist ID: 00770563312-18
2025-11-02 11:27:14,275 - INFO - Processing lobbyist ID: 007711699464-17
2025-11-02 11:27:15,550 - INFO - Processing lobbyist ID: 007723395262-08
2025-11-02 11:27:16,872 - INFO - Processing lobbyist ID: 007825151843-16
2025-11-02 11:27:18,058 - INFO - Processing lobbyist ID: 007878641067-30
2025-11-02 11:27:19,385 - INFO - Processing lobbyist ID: 007895639418-81
2025-11-02 11:27:21,211 - INFO - Processing lobbyist ID: 007938540807-31
2025-11-02 11:27:22,431 - INFO - Processing lobbyist ID: 007961591670-39
2025-11-02 11:27:23,703 - INFO - Processing lobbyist ID: 008129895742-57
2025-11-02 11:27:24,993 - INFO - Processing lobbyist ID: 008155797168-06
2025-11-02 11:27:26,257 - INFO - Processing lobbyist ID: 008159896407-07
2025-11-02 11:27:27,641 - INFO - Processing lobbyist ID: 008175019549-76
2025-11-02 11:27:28,876 - INFO - Processing lobbyist ID: 008226499481-97
2025-11-02 11:27:30,152 - INFO - Processing lobbyist ID: 008245942001-90
2025-11-02 11:27:31,473 - INFO - Processing lobbyist ID: 008251593134-84
2025-11-02 11:27:32,664 - INFO - Processing lobbyist ID: 008316496461-20
2025-11-02 11:27:33,898 - INFO - Processing lobbyist ID: 008383997443-17
2025-11-02 11:27:35,170 - INFO - Processing lobbyist ID: 008431330155-37
2025-11-02 11:27:37,286 - INFO - Processing lobbyist ID: 008448634151-77
2025-11-02 11:27:38,611 - INFO - Processing lobbyist ID: 00849042167-65
2025-11-02 11:27:40,079 - INFO - Processing lobbyist ID: 008507452878-73
2025-11-02 11:27:41,467 - INFO - Processing lobbyist ID: 008533846785-96
2025-11-02 11:27:42,776 - INFO - Processing lobbyist ID: 008658631225-37
2025-11-02 11:27:43,967 - INFO - Processing lobbyist ID: 008697197178-54
2025-11-02 11:27:45,310 - INFO - Processing lobbyist ID: 008753395526-51
2025-11-02 11:27:46,534 - INFO - Processing lobbyist ID: 008788051727-26
2025-11-02 11:27:47,830 - INFO - Processing lobbyist ID: 008826648924-61
2025-11-02 11:27:49,426 - INFO - Processing lobbyist ID: 008848426348-02
2025-11-02 11:27:50,869 - INFO - Processing lobbyist ID: 008855336156-25
2025-11-02 11:27:52,296 - INFO - Processing lobbyist ID: 008905797453-30
2025-11-02 11:27:53,568 - INFO - Processing lobbyist ID: 008983098832-22
2025-11-02 11:27:54,797 - INFO - Processing lobbyist ID: 009024498126-11
2025-11-02 11:27:56,025 - INFO - Processing lobbyist ID: 009110095886-27
2025-11-02 11:27:57,193 - INFO - Processing lobbyist ID: 009141896639-72
2025-11-02 11:27:58,498 - INFO - Processing lobbyist ID: 009153631495-97
2025-11-02 11:27:59,742 - INFO - Processing lobbyist ID: 009175623137-75
2025-11-02 11:28:01,023 - INFO - Processing lobbyist ID: 009188192222-11
2025-11-02 11:28:02,464 - INFO - Processing lobbyist ID: 00919034091-89
2025-11-02 11:28:05,751 - INFO - Processing lobbyist ID: 009214311424-03
2025-11-02 11:28:08,843 - INFO - Processing lobbyist ID: 009321698575-22
2025-11-02 11:28:10,114 - INFO - Processing lobbyist ID: 009383899006-81
2025-11-02 11:28:11,385 - INFO - Processing lobbyist ID: 009433826675-55
2025-11-02 11:28:15,798 - INFO - Processing lobbyist ID: 009451252014-73
2025-11-02 11:28:17,161 - INFO - Processing lobbyist ID: 009456692317-07
2025-11-02 11:28:18,416 - INFO - Processing lobbyist ID: 009462448118-38
2025-11-02 11:28:20,160 - INFO - Processing lobbyist ID: 009472117655-59
2025-11-02 11:28:21,396 - INFO - Processing lobbyist ID: 00951027955-96
2025-11-02 11:28:24,213 - INFO - Processing lobbyist ID: 009543351056-37
2025-11-02 11:28:25,539 - INFO - Processing lobbyist ID: 009600952690-40
2025-11-02 11:28:26,822 - INFO - Processing lobbyist ID: 009613032395-62
2025-11-02 11:28:28,206 - INFO - Processing lobbyist ID: 009627841465-17
2025-11-02 11:28:29,482 - INFO - Processing lobbyist ID: 009832643638-02
2025-11-02 11:28:30,787 - INFO - Processing lobbyist ID: 0099789101135-61
2025-11-02 11:28:31,993 - INFO - Processing lobbyist ID: 0100181100542-61
2025-11-02 11:28:33,257 - INFO - Processing lobbyist ID: 010109849251-54
2025-11-02 11:28:34,476 - INFO - Processing lobbyist ID: 010172838303-72
2025-11-02 11:28:35,860 - INFO - Processing lobbyist ID: 010187228143-49
2025-11-02 11:28:37,165 - INFO - Processing lobbyist ID: 010212710281-97
2025-11-02 11:28:39,954 - INFO - Processing lobbyist ID: 010237950703-92
2025-11-02 11:28:41,264 - INFO - Processing lobbyist ID: 010336241935-13
2025-11-02 11:28:42,624 - INFO - Processing lobbyist ID: 010350193429-87
2025-11-02 11:28:43,837 - INFO - Processing lobbyist ID: 010397411668-54
2025-11-02 11:28:45,252 - INFO - Processing lobbyist ID: 0105047100027-26
2025-11-02 11:28:46,551 - INFO - Processing lobbyist ID: 010510531771-50
2025-11-02 11:28:47,837 - INFO - Processing lobbyist ID: 010537126862-09
2025-11-02 11:28:49,142 - INFO - Processing lobbyist ID: 010630050724-84
2025-11-02 11:28:50,603 - INFO - Processing lobbyist ID: 01063261836-24
2025-11-02 11:28:52,895 - INFO - Processing lobbyist ID: 010822218390-62
2025-11-02 11:28:54,490 - INFO - Processing lobbyist ID: 010836591536-69
2025-11-02 11:28:55,730 - INFO - Processing lobbyist ID: 010922834782-77
2025-11-02 11:28:56,984 - INFO - Processing lobbyist ID: 011033338441-66
2025-11-02 11:28:58,246 - INFO - Processing lobbyist ID: 011080341579-06
2025-11-02 11:28:59,765 - INFO - Processing lobbyist ID: 011095511691-05
2025-11-02 11:29:02,275 - INFO - Processing lobbyist ID: 011167597905-22
2025-11-02 11:29:03,629 - INFO - Processing lobbyist ID: 011182829000-96
2025-11-02 11:29:04,976 - INFO - Processing lobbyist ID: 011322353074-80
2025-11-02 11:29:06,172 - INFO - Processing lobbyist ID: 011340223514-19
2025-11-02 11:29:07,482 - INFO - Processing lobbyist ID: 011403294822-89
2025-11-02 11:29:08,795 - INFO - Processing lobbyist ID: 011479419288-08
2025-11-02 11:29:10,438 - INFO - Processing lobbyist ID: 01150446981-34
2025-11-02 11:29:12,304 - INFO - Processing lobbyist ID: 011520698213-80
2025-11-02 11:29:13,638 - INFO - Processed 200 lobbyists out of 16087. Pausing for 3 seconds to avoid server overload...
2025-11-02 11:29:16,648 - INFO - Processing lobbyist ID: 0115461100540-67
2025-11-02 11:29:17,917 - INFO - Processing lobbyist ID: 011603934072-68
2025-11-02 11:29:19,281 - INFO - Processing lobbyist ID: 011816043546-53
2025-11-02 11:29:20,559 - INFO - Processing lobbyist ID: 0118191795-12
2025-11-02 11:29:22,142 - INFO - Processing lobbyist ID: 011855093589-29
2025-11-02 11:29:23,394 - INFO - Processing lobbyist ID: 011985949739-34
2025-11-02 11:29:24,804 - INFO - Processing lobbyist ID: 0120704687-67
2025-11-02 11:29:26,343 - INFO - Processing lobbyist ID: 012146830944-03
2025-11-02 11:29:28,059 - INFO - Processing lobbyist ID: 012185922677-09
2025-11-02 11:29:29,419 - INFO - Processing lobbyist ID: 01224764261-72
2025-11-02 11:29:31,230 - INFO - Processing lobbyist ID: 012362537267-41
2025-11-02 11:29:32,515 - INFO - Processing lobbyist ID: 0124074100269-09
2025-11-02 11:29:33,836 - INFO - Processing lobbyist ID: 012433548896-48
2025-11-02 11:29:35,110 - INFO - Processing lobbyist ID: 01251825535-85
2025-11-02 11:29:36,335 - INFO - Processing lobbyist ID: 012670095188-92
2025-11-02 11:29:37,652 - INFO - Processing lobbyist ID: 012717123539-58
2025-11-02 11:29:39,057 - INFO - Processing lobbyist ID: 012728850867-18
2025-11-02 11:29:40,373 - INFO - Processing lobbyist ID: 012856893445-37
2025-11-02 11:29:41,665 - INFO - Processing lobbyist ID: 012964696343-17
2025-11-02 11:29:42,880 - INFO - Processing lobbyist ID: 013076816891-46
2025-11-02 11:29:44,163 - INFO - Processing lobbyist ID: 01312486176-25
2025-11-02 11:29:45,601 - INFO - Processing lobbyist ID: 013325324971-78
2025-11-02 11:29:47,192 - INFO - Processing lobbyist ID: 0133338100106-19
2025-11-02 11:29:48,431 - INFO - Processing lobbyist ID: 013340043345-76
2025-11-02 11:29:49,750 - INFO - Processing lobbyist ID: 013412029702-91
2025-11-02 11:29:51,037 - INFO - Processing lobbyist ID: 013432829763-33
2025-11-02 11:29:52,587 - INFO - Processing lobbyist ID: 013465915676-21
2025-11-02 11:29:53,973 - INFO - Processing lobbyist ID: 013596348877-66
2025-11-02 11:29:55,161 - INFO - Processing lobbyist ID: 013687599386-92
2025-11-02 11:29:56,390 - INFO - Processing lobbyist ID: 013755513854-45
2025-11-02 11:29:57,693 - INFO - Processing lobbyist ID: 013786146388-70
2025-11-02 11:29:59,071 - INFO - Processing lobbyist ID: 01380772294-53
2025-11-02 11:30:00,531 - INFO - Processing lobbyist ID: 013829597751-75
2025-11-02 11:30:01,858 - INFO - Processing lobbyist ID: 013841522595-24
2025-11-02 11:30:03,544 - INFO - Processing lobbyist ID: 0138855852-93
2025-11-02 11:30:05,097 - INFO - Processing lobbyist ID: 013942047039-83
2025-11-02 11:30:06,493 - INFO - Processing lobbyist ID: 013957194446-64
2025-11-02 11:30:07,803 - INFO - Processing lobbyist ID: 014007296394-33
2025-11-02 11:30:09,065 - INFO - Processing lobbyist ID: 014120028084-09
2025-11-02 11:30:10,813 - INFO - Processing lobbyist ID: 014158842886-37
2025-11-02 11:30:12,160 - INFO - Processing lobbyist ID: 014184753116-13
2025-11-02 11:30:13,553 - INFO - Processing lobbyist ID: 014218910510-57
2025-11-02 11:30:15,282 - INFO - Processing lobbyist ID: 014245397405-82
2025-11-02 11:30:16,584 - INFO - Processing lobbyist ID: 01437575131-45
2025-11-02 11:30:18,110 - INFO - Processing lobbyist ID: 014395614376-93
2025-11-02 11:30:19,359 - INFO - Processing lobbyist ID: 014463491778-34
2025-11-02 11:30:20,877 - INFO - Processing lobbyist ID: 0144980100795-53
2025-11-02 11:30:22,122 - INFO - Processing lobbyist ID: 014643899071-34
2025-11-02 11:30:23,405 - INFO - Processing lobbyist ID: 014662751131-84
2025-11-02 11:30:24,679 - INFO - Processing lobbyist ID: 014681328548-06
2025-11-02 11:30:25,982 - INFO - Processing lobbyist ID: 014715298521-33
2025-11-02 11:30:27,266 - INFO - Processing lobbyist ID: 0147465100747-03
2025-11-02 11:30:28,585 - INFO - Processing lobbyist ID: 014826342271-15
2025-11-02 11:30:29,873 - INFO - Processing lobbyist ID: 015001392003-96
2025-11-02 11:30:31,343 - INFO - Processing lobbyist ID: 015090047765-51
2025-11-02 11:30:32,641 - INFO - Processing lobbyist ID: 015109739041-17
2025-11-02 11:30:34,307 - INFO - Processing lobbyist ID: 015130537432-86
2025-11-02 11:30:35,584 - INFO - Processing lobbyist ID: 015146319708-20
2025-11-02 11:30:36,777 - INFO - Processing lobbyist ID: 015193625716-61
2025-11-02 11:30:38,154 - INFO - Processing lobbyist ID: 01523296397-60
2025-11-02 11:30:39,433 - INFO - Processing lobbyist ID: 015271191850-18
2025-11-02 11:30:40,883 - INFO - Processing lobbyist ID: 015291899549-10
2025-11-02 11:30:42,241 - INFO - Processing lobbyist ID: 015329134576-67
2025-11-02 11:30:43,502 - INFO - Processing lobbyist ID: 0153489100398-55
2025-11-02 11:30:44,763 - INFO - Processing lobbyist ID: 015415038748-78
2025-11-02 11:30:46,349 - INFO - Processing lobbyist ID: 015439447252-14
2025-11-02 11:30:47,656 - INFO - Processing lobbyist ID: 01546986656-22
2025-11-02 11:30:49,763 - INFO - Processing lobbyist ID: 015497016937-13
2025-11-02 11:30:51,185 - INFO - Processing lobbyist ID: 015533222901-60
2025-11-02 11:30:52,655 - INFO - Processing lobbyist ID: 01554483175-08
2025-11-02 11:30:55,671 - INFO - Processing lobbyist ID: 015617142386-42
2025-11-02 11:30:57,093 - INFO - Processing lobbyist ID: 015770040288-10
2025-11-02 11:30:58,320 - INFO - Processing lobbyist ID: 015829095623-45
2025-11-02 11:30:59,513 - INFO - Processing lobbyist ID: 0160949100212-12
2025-11-02 11:31:00,958 - INFO - Processing lobbyist ID: 016107725457-79
2025-11-02 11:31:02,265 - INFO - Processing lobbyist ID: 016135552805-13
2025-11-02 11:31:03,625 - INFO - Processing lobbyist ID: 016168135607-58
2025-11-02 11:31:04,852 - INFO - Processing lobbyist ID: 016172626542-72
2025-11-02 11:31:06,162 - INFO - Processing lobbyist ID: 016194724494-39
2025-11-02 11:31:07,462 - INFO - Processing lobbyist ID: 01623802004-63
2025-11-02 11:31:09,196 - INFO - Processing lobbyist ID: 016371114093-01
2025-11-02 11:31:11,140 - INFO - Processing lobbyist ID: 016495599410-30
2025-11-02 11:31:12,418 - INFO - Processing lobbyist ID: 016507041970-26
2025-11-02 11:31:13,795 - INFO - Processing lobbyist ID: 016553096086-21
2025-11-02 11:31:15,481 - INFO - Processing lobbyist ID: 016556146874-92
2025-11-02 11:31:16,781 - INFO - Processing lobbyist ID: 016580840505-76
2025-11-02 11:31:18,139 - INFO - Processing lobbyist ID: 016672396467-61
2025-11-02 11:31:19,477 - INFO - Processing lobbyist ID: 016709127831-41
2025-11-02 11:31:21,197 - INFO - Processing lobbyist ID: 016714596843-07
2025-11-02 11:31:22,448 - INFO - Processing lobbyist ID: 016778139373-97
2025-11-02 11:31:23,711 - INFO - Processing lobbyist ID: 01678796979-90
2025-11-02 11:31:25,383 - INFO - Processing lobbyist ID: 016797840998-92
2025-11-02 11:31:26,710 - INFO - Processing lobbyist ID: 016993397663-90
2025-11-02 11:31:27,943 - INFO - Processing lobbyist ID: 017018214013-57
2025-11-02 11:31:29,282 - INFO - Processing lobbyist ID: 017204191983-61
2025-11-02 11:31:30,628 - INFO - Processing lobbyist ID: 017343011782-42
2025-11-02 11:31:31,965 - INFO - Processing lobbyist ID: 017358150409-67
2025-11-02 11:31:33,312 - INFO - Processing lobbyist ID: 01740426310-03
2025-11-02 11:31:34,950 - INFO - Processing lobbyist ID: 017407241307-21
2025-11-02 11:31:36,258 - INFO - Processing lobbyist ID: 017514515406-70
2025-11-02 11:31:37,462 - INFO - Processed 300 lobbyists out of 16087. Pausing for 3 seconds to avoid server overload...
2025-11-02 11:31:40,476 - INFO - Processing lobbyist ID: 017635698334-41
2025-11-02 11:31:41,936 - INFO - Processing lobbyist ID: 01765274994-03
2025-11-02 11:31:43,466 - INFO - Processing lobbyist ID: 017784530272-96
2025-11-02 11:31:45,176 - INFO - Processing lobbyist ID: 017834194914-18
2025-11-02 11:31:46,483 - INFO - Processing lobbyist ID: 01788508225-66
2025-11-02 11:31:47,723 - INFO - Processing lobbyist ID: 017978992429-94
2025-11-02 11:31:48,999 - INFO - Processing lobbyist ID: 018028697282-54
2025-11-02 11:31:50,245 - INFO - Processing lobbyist ID: 01816267633-71
2025-11-02 11:31:51,818 - INFO - Processing lobbyist ID: 018203919412-57
2025-11-02 11:31:53,085 - INFO - Processing lobbyist ID: 01826979097-76
2025-11-02 11:31:54,523 - INFO - Processing lobbyist ID: 018288224966-40
2025-11-02 11:31:55,769 - INFO - Processing lobbyist ID: 018299294623-76
2025-11-02 11:31:57,170 - INFO - Processing lobbyist ID: 018303948769-73
2025-11-02 11:31:58,591 - INFO - Processing lobbyist ID: 018304414362-83
2025-11-02 11:31:59,828 - INFO - Processing lobbyist ID: 018333695463-19
2025-11-02 11:32:01,280 - INFO - Processing lobbyist ID: 018456746589-65
2025-11-02 11:32:02,645 - INFO - Processing lobbyist ID: 018493851897-86
2025-11-02 11:32:03,933 - INFO - Processing lobbyist ID: 018495998262-84
2025-11-02 11:32:05,178 - INFO - Processing lobbyist ID: 018594646481-69
2025-11-02 11:32:06,551 - INFO - Processing lobbyist ID: 018664098606-75
2025-11-02 11:32:07,801 - INFO - Processing lobbyist ID: 018669250698-22
2025-11-02 11:32:09,090 - INFO - Processing lobbyist ID: 01873234294-62
2025-11-02 11:32:10,587 - INFO - Processing lobbyist ID: 018773539412-80
2025-11-02 11:32:11,973 - INFO - Processing lobbyist ID: 018778010447-60
2025-11-02 11:32:13,571 - INFO - Processing lobbyist ID: 018812630867-12
2025-11-02 11:32:15,237 - INFO - Processing lobbyist ID: 01890906437-84
2025-11-02 11:32:17,957 - INFO - Processing lobbyist ID: 0189436100510-50
2025-11-02 11:32:19,297 - INFO - Processing lobbyist ID: 019052196216-05
2025-11-02 11:32:20,624 - INFO - Processing lobbyist ID: 019196097281-21
2025-11-02 11:32:21,856 - INFO - Processing lobbyist ID: 019293949200-30
2025-11-02 11:32:23,244 - INFO - Processing lobbyist ID: 019313336504-42
2025-11-02 11:32:24,786 - INFO - Processing lobbyist ID: 019323098691-97
2025-11-02 11:32:26,049 - INFO - Processing lobbyist ID: 01936914624-97
2025-11-02 11:32:28,735 - INFO - Processing lobbyist ID: 019395422771-87
2025-11-02 11:32:30,015 - INFO - Processing lobbyist ID: 0194207100062-52
2025-11-02 11:32:31,419 - INFO - Processing lobbyist ID: 019452351003-33
2025-11-02 11:32:32,825 - INFO - Processing lobbyist ID: 019482727960-60
2025-11-02 11:32:34,192 - INFO - Processing lobbyist ID: 019508897840-62
2025-11-02 11:32:35,437 - INFO - Processing lobbyist ID: 019519094351-45
2025-11-02 11:32:36,973 - INFO - Processing lobbyist ID: 019525852869-89
2025-11-02 11:32:38,195 - INFO - Processing lobbyist ID: 019532641538-92
2025-11-02 11:32:39,442 - INFO - Processing lobbyist ID: 01953872943-65
2025-11-02 11:32:40,994 - INFO - Processing lobbyist ID: 019565444059-20
2025-11-02 11:32:42,276 - INFO - Processing lobbyist ID: 019584652887-54
2025-11-02 11:32:43,528 - INFO - Processing lobbyist ID: 019623738105-69
2025-11-02 11:32:44,885 - INFO - Processing lobbyist ID: 019630991862-48
2025-11-02 11:32:46,182 - INFO - Processing lobbyist ID: 019720894760-48
2025-11-02 11:32:47,747 - INFO - Processing lobbyist ID: 019735243182-03
2025-11-02 11:32:49,178 - INFO - Processing lobbyist ID: 01995086879-32
2025-11-02 11:32:50,756 - INFO - Processing lobbyist ID: 020025124702-06
2025-11-02 11:32:52,187 - INFO - Processing lobbyist ID: 020026697012-15
2025-11-02 11:32:53,466 - INFO - Processing lobbyist ID: 020035427629-14
2025-11-02 11:32:54,901 - INFO - Processing lobbyist ID: 020121438624-71
2025-11-02 11:32:56,198 - INFO - Processing lobbyist ID: 020178297357-26
2025-11-02 11:32:57,542 - INFO - Processing lobbyist ID: 020181625459-80
2025-11-02 11:32:58,965 - INFO - Processing lobbyist ID: 02019258940-59
2025-11-02 11:33:01,177 - INFO - Processing lobbyist ID: 02021363105-42
2025-11-02 11:33:07,658 - INFO - Processing lobbyist ID: 020272298830-38
2025-11-02 11:33:08,926 - INFO - Processing lobbyist ID: 020407017288-38
2025-11-02 11:33:10,298 - INFO - Processing lobbyist ID: 020457430494-14
2025-11-02 11:33:11,556 - INFO - Processing lobbyist ID: 020464949374-38
2025-11-02 11:33:13,086 - INFO - Processing lobbyist ID: 020488899084-60
2025-11-02 11:33:14,322 - INFO - Processing lobbyist ID: 0206662100571-27
2025-11-02 11:33:15,529 - INFO - Processing lobbyist ID: 02070938082-23
2025-11-02 11:33:16,783 - INFO - Processing lobbyist ID: 020714797704-23
2025-11-02 11:33:18,106 - INFO - Processing lobbyist ID: 020792544347-57
2025-11-02 11:33:19,582 - INFO - Processing lobbyist ID: 020811253036-04
2025-11-02 11:33:20,944 - INFO - Processing lobbyist ID: 02100645398-66
2025-11-02 11:33:22,303 - INFO - Processing lobbyist ID: 0210714101086-79
2025-11-02 11:33:23,723 - INFO - Processing lobbyist ID: 021098528481-42
2025-11-02 11:33:24,981 - INFO - Processing lobbyist ID: 021253717373-58
2025-11-02 11:33:27,492 - INFO - Processing lobbyist ID: 021265223203-02
2025-11-02 11:33:28,855 - INFO - Processing lobbyist ID: 021375141909-94
2025-11-02 11:33:30,090 - INFO - Processing lobbyist ID: 021635997984-95
2025-11-02 11:33:31,325 - INFO - Processing lobbyist ID: 021709749230-51
2025-11-02 11:33:32,598 - INFO - Processing lobbyist ID: 021720248767-58
2025-11-02 11:33:33,858 - INFO - Processing lobbyist ID: 0217797100987-46
2025-11-02 11:33:35,108 - INFO - Processing lobbyist ID: 021833522147-02
2025-11-02 11:33:36,459 - INFO - Processing lobbyist ID: 021880022200-45
2025-11-02 11:33:37,884 - INFO - Processing lobbyist ID: 021901530468-42
2025-11-02 11:33:39,352 - INFO - Processing lobbyist ID: 021961038791-19
2025-11-02 11:33:41,136 - INFO - Processing lobbyist ID: 022027817030-67
2025-11-02 11:33:42,766 - INFO - Processing lobbyist ID: 02214595960-02
2025-11-02 11:33:44,279 - INFO - Processing lobbyist ID: 022201744710-44
2025-11-02 11:33:46,036 - INFO - Processing lobbyist ID: 022244744705-97
2025-11-02 11:33:47,256 - INFO - Processing lobbyist ID: 022255314501-32
2025-11-02 11:33:49,197 - INFO - Processing lobbyist ID: 022328713595-61
2025-11-02 11:33:51,184 - INFO - Processing lobbyist ID: 0223480577-59
2025-11-02 11:33:53,559 - INFO - Processing lobbyist ID: 022383552319-79
2025-11-02 11:33:54,952 - INFO - Processing lobbyist ID: 022388324819-47
2025-11-02 11:33:56,507 - INFO - Processing lobbyist ID: 022504216411-22
2025-11-02 11:33:58,046 - INFO - Processing lobbyist ID: 022611849407-06
2025-11-02 11:33:59,344 - INFO - Processing lobbyist ID: 022675395546-02
2025-11-02 11:34:00,737 - INFO - Processing lobbyist ID: 022735321330-86
2025-11-02 11:34:02,102 - INFO - Processing lobbyist ID: 022870797406-59
2025-11-02 11:34:03,356 - INFO - Processing lobbyist ID: 022874548279-90
2025-11-02 11:34:04,636 - INFO - Processing lobbyist ID: 022953398537-95
2025-11-02 11:34:05,844 - INFO - Processing lobbyist ID: 023026317155-64
2025-11-02 11:34:07,317 - INFO - Processing lobbyist ID: 023108295332-04
2025-11-02 11:34:08,700 - INFO - Processing lobbyist ID: 023135843467-45
2025-11-02 11:34:10,004 - INFO - Processed 400 lobbyists out of 16087. Pausing for 3 seconds to avoid server overload...
2025-11-02 11:34:13,018 - INFO - Processing lobbyist ID: 023173296931-58
2025-11-02 11:34:14,416 - INFO - Processing lobbyist ID: 023273214333-18
2025-11-02 11:34:16,137 - INFO - Processing lobbyist ID: 023289696505-56
2025-11-02 11:34:17,402 - INFO - Processing lobbyist ID: 023293231367-63
2025-11-02 11:34:18,837 - INFO - Processing lobbyist ID: 023310148136-38
2025-11-02 11:34:20,139 - INFO - Processing lobbyist ID: 023312592224-22
2025-11-02 11:34:21,408 - INFO - Processing lobbyist ID: 023332310378-35
2025-11-02 11:34:22,778 - INFO - Processing lobbyist ID: 023486652974-65
2025-11-02 11:34:24,042 - INFO - Processing lobbyist ID: 023491340945-93
2025-11-02 11:34:25,285 - INFO - Processing lobbyist ID: 023556594628-46
2025-11-02 11:34:26,510 - INFO - Processing lobbyist ID: 023582135731-90
2025-11-02 11:34:27,821 - INFO - Processing lobbyist ID: 023640698620-79
2025-11-02 11:34:29,137 - INFO - Processing lobbyist ID: 023687097876-68
2025-11-02 11:34:30,431 - INFO - Processing lobbyist ID: 023793696401-52
2025-11-02 11:34:31,718 - INFO - Processing lobbyist ID: 02389833548-89
2025-11-02 11:34:33,116 - INFO - Processing lobbyist ID: 024000049346-23
2025-11-02 11:34:34,431 - INFO - Processing lobbyist ID: 024124346040-90
2025-11-02 11:34:35,700 - INFO - Processing lobbyist ID: 024282227189-33
2025-11-02 11:34:37,087 - INFO - Processing lobbyist ID: 024316744459-13
2025-11-02 11:34:38,895 - INFO - Processing lobbyist ID: 024332447563-31
2025-11-02 11:34:40,243 - INFO - Processing lobbyist ID: 024357597343-10
2025-11-02 11:34:42,904 - INFO - Processing lobbyist ID: 024510296982-87
2025-11-02 11:34:44,088 - INFO - Processing lobbyist ID: 02452103934-97
2025-11-02 11:34:45,617 - INFO - Processing lobbyist ID: 024749722944-10
2025-11-02 11:34:46,781 - INFO - Processing lobbyist ID: 024774597046-56
2025-11-02 11:34:48,009 - INFO - Processing lobbyist ID: 024776016336-52
2025-11-02 11:34:49,588 - INFO - Processing lobbyist ID: 024782946888-95
2025-11-02 11:34:51,938 - INFO - Processing lobbyist ID: 02480451230-88
2025-11-02 11:34:53,518 - INFO - Processing lobbyist ID: 024869794605-72
2025-11-02 11:34:54,752 - INFO - Processing lobbyist ID: 024930697184-14
2025-11-02 11:34:55,925 - INFO - Processing lobbyist ID: 025144329261-57
2025-11-02 11:34:57,116 - INFO - Processing lobbyist ID: 025250318220-32
2025-11-02 11:34:58,663 - INFO - Processing lobbyist ID: 025290351799-03
2025-11-02 11:34:59,917 - INFO - Processing lobbyist ID: 025461722574-14
2025-11-02 11:35:01,351 - INFO - Processing lobbyist ID: 02550382403-01
2025-11-02 11:35:05,980 - INFO - Processing lobbyist ID: 025548450390-70
2025-11-02 11:35:07,254 - INFO - Processing lobbyist ID: 025560991706-94
2025-11-02 11:35:08,629 - INFO - Processing lobbyist ID: 025568638034-92
2025-11-02 11:35:09,934 - INFO - Processing lobbyist ID: 025612097836-65
2025-11-02 11:35:11,153 - INFO - Processing lobbyist ID: 025671492152-32
2025-11-02 11:35:12,454 - INFO - Processing lobbyist ID: 025880423895-19
2025-11-02 11:35:13,759 - INFO - Processing lobbyist ID: 025938212702-61
2025-11-02 11:35:15,001 - INFO - Processing lobbyist ID: 026007721768-32
2025-11-02 11:35:16,537 - INFO - Processing lobbyist ID: 026176034506-09
2025-11-02 11:35:17,701 - INFO - Processing lobbyist ID: 026192614550-66
2025-11-02 11:35:18,905 - INFO - Processing lobbyist ID: 026214147439-18
2025-11-02 11:35:20,135 - INFO - Processing lobbyist ID: 026252539326-25
2025-11-02 11:35:21,333 - INFO - Processing lobbyist ID: 026269897821-30
2025-11-02 11:35:22,787 - INFO - Processing lobbyist ID: 02639216548-11
2025-11-02 11:35:24,086 - INFO - Processing lobbyist ID: 026401697122-59
2025-11-02 11:35:25,255 - INFO - Processing lobbyist ID: 026437899487-45
2025-11-02 11:35:26,388 - INFO - Processing lobbyist ID: 026455199381-88
2025-11-02 11:35:27,702 - INFO - Processing lobbyist ID: 026513529943-78
2025-11-02 11:35:29,085 - INFO - Processing lobbyist ID: 026602848555-18
2025-11-02 11:35:30,268 - INFO - Processing lobbyist ID: 026702097581-23
2025-11-02 11:35:31,438 - INFO - Processing lobbyist ID: 026792697349-65
2025-11-02 11:35:32,618 - INFO - Processing lobbyist ID: 026849095782-30
2025-11-02 11:35:34,038 - INFO - Processing lobbyist ID: 02687198907-81
2025-11-02 11:35:35,440 - INFO - Processing lobbyist ID: 026882593079-40
2025-11-02 11:35:36,666 - INFO - Processing lobbyist ID: 026897317691-75
2025-11-02 11:35:38,009 - INFO - Processing lobbyist ID: 026965798910-71
2025-11-02 11:35:39,257 - INFO - Processing lobbyist ID: 027027432669-16
2025-11-02 11:35:40,478 - INFO - Processing lobbyist ID: 027101040841-39
2025-11-02 11:35:42,018 - INFO - Processing lobbyist ID: 027256843597-28
2025-11-02 11:35:43,361 - INFO - Processing lobbyist ID: 027365111884-27
2025-11-02 11:35:44,572 - INFO - Processing lobbyist ID: 027418748129-16
2025-11-02 11:35:45,801 - INFO - Processing lobbyist ID: 027420347605-10
2025-11-02 11:35:47,248 - INFO - Processing lobbyist ID: 027431725049-88
2025-11-02 11:35:48,437 - INFO - Processing lobbyist ID: 027519299825-71
2025-11-02 11:35:49,728 - INFO - Processing lobbyist ID: 027537692311-57
2025-11-02 11:35:50,955 - INFO - Processing lobbyist ID: 027577048901-13
2025-11-02 11:35:52,121 - INFO - Processing lobbyist ID: 027614799214-75
2025-11-02 11:35:53,275 - INFO - Processing lobbyist ID: 02762144321-07
2025-11-02 11:35:54,875 - INFO - Processing lobbyist ID: 027635847945-53
2025-11-02 11:35:56,073 - INFO - Processing lobbyist ID: 027708499864-55
2025-11-02 11:35:57,309 - INFO - Processing lobbyist ID: 027711198106-24
2025-11-02 11:35:58,606 - INFO - Processing lobbyist ID: 02776221598-67
2025-11-02 11:36:01,912 - INFO - Processing lobbyist ID: 027764994167-32
2025-11-02 11:36:03,076 - INFO - Processing lobbyist ID: 027879125039-56
2025-11-02 11:36:04,327 - INFO - Processing lobbyist ID: 028005593847-63
2025-11-02 11:36:05,490 - INFO - Processing lobbyist ID: 028014833414-82
2025-11-02 11:36:06,772 - INFO - Processing lobbyist ID: 028056340544-88
2025-11-02 11:36:08,076 - INFO - Processing lobbyist ID: 0281115100988-44
2025-11-02 11:36:09,320 - INFO - Processing lobbyist ID: 028133898869-18
2025-11-02 11:36:10,565 - INFO - Processing lobbyist ID: 028145011837-13
2025-11-02 11:36:12,359 - INFO - Processing lobbyist ID: 028151591729-62
2025-11-02 11:36:13,532 - INFO - Processing lobbyist ID: 028165241610-60
2025-11-02 11:36:14,739 - INFO - Processing lobbyist ID: 028179432513-92
2025-11-02 11:36:16,150 - INFO - Processing lobbyist ID: 028246494181-15
2025-11-02 11:36:17,403 - INFO - Processing lobbyist ID: 028362550210-63
2025-11-02 11:36:18,662 - INFO - Processing lobbyist ID: 028417242258-15
2025-11-02 11:36:19,963 - INFO - Processing lobbyist ID: 028458297592-83
2025-11-02 11:36:21,171 - INFO - Processing lobbyist ID: 028514150995-92
2025-11-02 11:36:22,464 - INFO - Processing lobbyist ID: 0285445100730-93
2025-11-02 11:36:23,617 - INFO - Processing lobbyist ID: 0285583802-96
2025-11-02 11:36:26,255 - INFO - Processing lobbyist ID: 028570718529-43
2025-11-02 11:36:28,300 - INFO - Processing lobbyist ID: 028663934565-76
2025-11-02 11:36:29,461 - INFO - Processing lobbyist ID: 028754940312-93
2025-11-02 11:36:30,732 - INFO - Processing lobbyist ID: 028795632476-59
2025-11-02 11:36:31,921 - INFO - Processing lobbyist ID: 028799047364-27
2025-11-02 11:36:33,248 - INFO - Processed 500 lobbyists out of 16087. Pausing for 3 seconds to avoid server overload...
2025-11-02 11:36:36,261 - INFO - Processing lobbyist ID: 028819841686-75
2025-11-02 11:36:37,443 - INFO - Processing lobbyist ID: 028884443137-14
2025-11-02 11:36:38,581 - INFO - Processing lobbyist ID: 028913525587-04
2025-11-02 11:36:39,900 - INFO - Processing lobbyist ID: 0289344948-82
2025-11-02 11:36:41,164 - INFO - Processing lobbyist ID: 02902955023-04
2025-11-02 11:36:42,622 - INFO - Processing lobbyist ID: 029070342841-01
2025-11-02 11:36:44,105 - INFO - Processing lobbyist ID: 029078994801-59
2025-11-02 11:36:45,246 - INFO - Processing lobbyist ID: 029102734491-93
2025-11-02 11:36:46,560 - INFO - Processing lobbyist ID: 029150748870-24
2025-11-02 11:36:47,837 - INFO - Processing lobbyist ID: 029172425614-95
2025-11-02 11:36:49,151 - INFO - Processing lobbyist ID: 029223894492-96
2025-11-02 11:36:50,334 - INFO - Processing lobbyist ID: 0292431100982-07
2025-11-02 11:36:51,588 - INFO - Processing lobbyist ID: 029329936788-90
2025-11-02 11:36:53,036 - INFO - Processing lobbyist ID: 02956895166-25
2025-11-02 11:36:54,354 - INFO - Processing lobbyist ID: 02963738854-41
2025-11-02 11:36:57,468 - INFO - Processing lobbyist ID: 02978802379-31
2025-11-02 11:36:59,687 - INFO - Processing lobbyist ID: 029889994186-10
2025-11-02 11:37:00,881 - INFO - Processing lobbyist ID: 0299273100443-27
2025-11-02 11:37:02,141 - INFO - Processing lobbyist ID: 030031840349-92
2025-11-02 11:37:03,494 - INFO - Processing lobbyist ID: 0300348100210-21
2025-11-02 11:37:04,862 - INFO - Processing lobbyist ID: 03004067068-71
2025-11-02 11:37:06,386 - INFO - Processing lobbyist ID: 030063449550-71
2025-11-02 11:37:07,656 - INFO - Processing lobbyist ID: 03008307807-49
2025-11-02 11:37:08,988 - INFO - Processing lobbyist ID: 030092221347-76
2025-11-02 11:37:10,605 - INFO - Processing lobbyist ID: 030103826093-82
2025-11-02 11:37:11,853 - INFO - Processing lobbyist ID: 030107317058-64
2025-11-02 11:37:13,825 - INFO - Processing lobbyist ID: 03013154889-05
2025-11-02 11:37:17,505 - INFO - Processing lobbyist ID: 03018678163-37
2025-11-02 11:37:18,714 - INFO - Processing lobbyist ID: 030240394681-01
2025-11-02 11:37:19,988 - INFO - Processing lobbyist ID: 030272137138-11
2025-11-02 11:37:21,311 - INFO - Processing lobbyist ID: 030341246364-46
2025-11-02 11:37:22,804 - INFO - Processing lobbyist ID: 030348497364-86
2025-11-02 11:37:24,125 - INFO - Processing lobbyist ID: 030368639837-13
2025-11-02 11:37:25,537 - INFO - Processing lobbyist ID: 030381196156-50
2025-11-02 11:37:26,924 - INFO - Processing lobbyist ID: 0304164100500-27
2025-11-02 11:37:28,182 - INFO - Processing lobbyist ID: 030450091534-43
2025-11-02 11:37:29,485 - INFO - Processing lobbyist ID: 030522093501-14
2025-11-02 11:37:30,727 - INFO - Processing lobbyist ID: 030532250937-17
2025-11-02 11:37:32,061 - INFO - Processing lobbyist ID: 030724594391-04
2025-11-02 11:37:33,324 - INFO - Processing lobbyist ID: 030733292390-30
2025-11-02 11:37:34,575 - INFO - Processing lobbyist ID: 030750745920-45
2025-11-02 11:37:35,963 - INFO - Processing lobbyist ID: 030804534968-91
2025-11-02 11:37:37,295 - INFO - Processing lobbyist ID: 030862195184-34
2025-11-02 11:37:38,784 - INFO - Processing lobbyist ID: 030910537575-52
2025-11-02 11:37:40,880 - INFO - Processing lobbyist ID: 03094871618-32
2025-11-02 11:37:44,680 - INFO - Processing lobbyist ID: 031012249250-84
2025-11-02 11:37:45,944 - INFO - Processing lobbyist ID: 031056597180-61
2025-11-02 11:37:47,404 - INFO - Processing lobbyist ID: 031073499644-11
2025-11-02 11:37:48,603 - INFO - Processing lobbyist ID: 0310985101056-85
2025-11-02 11:37:49,875 - INFO - Processing lobbyist ID: 031254648885-55
2025-11-02 11:37:51,177 - INFO - Processing lobbyist ID: 031285324217-50
2025-11-02 11:37:52,435 - INFO - Processing lobbyist ID: 031438749160-44
2025-11-02 11:37:53,876 - INFO - Processing lobbyist ID: 031503449561-38
2025-11-02 11:37:55,261 - INFO - Processing lobbyist ID: 031571311716-04
2025-11-02 11:37:57,346 - INFO - Processing lobbyist ID: 031576599912-35
2025-11-02 11:37:58,666 - INFO - Processing lobbyist ID: 031667394324-19
2025-11-02 11:37:59,913 - INFO - Processing lobbyist ID: 031736446699-31
2025-11-02 11:38:01,425 - INFO - Processing lobbyist ID: 03181945560-59
2025-11-02 11:38:24,798 - INFO - Processing lobbyist ID: 031868399370-75
2025-11-02 11:38:26,199 - INFO - Processing lobbyist ID: 031957497988-62
2025-11-02 11:38:27,725 - INFO - Processing lobbyist ID: 032095416055-85
2025-11-02 11:38:29,110 - INFO - Processing lobbyist ID: 032169118568-82
2025-11-02 11:38:30,495 - INFO - Processing lobbyist ID: 0321876101054-62
2025-11-02 11:38:31,809 - INFO - Processing lobbyist ID: 032324897582-91
2025-11-02 11:38:33,049 - INFO - Processing lobbyist ID: 032357232509-71
2025-11-02 11:38:34,367 - INFO - Processing lobbyist ID: 032380852553-56
2025-11-02 11:38:35,707 - INFO - Processing lobbyist ID: 032428596762-64
2025-11-02 11:38:36,983 - INFO - Processing lobbyist ID: 032484896742-24
2025-11-02 11:38:38,275 - INFO - Processing lobbyist ID: 032592932156-20
2025-11-02 11:38:40,140 - INFO - Processing lobbyist ID: 032615596261-43
2025-11-02 11:38:41,326 - INFO - Processing lobbyist ID: 032693316451-70
2025-11-02 11:38:43,041 - INFO - Processing lobbyist ID: 032810599513-42
2025-11-02 11:38:44,280 - INFO - Processing lobbyist ID: 032997718553-70
2025-11-02 11:38:45,594 - INFO - Processing lobbyist ID: 033023132982-53
2025-11-02 11:38:46,900 - INFO - Processing lobbyist ID: 033067945147-97
2025-11-02 11:38:48,233 - INFO - Processing lobbyist ID: 0330934426-12
2025-11-02 11:38:51,705 - INFO - Processing lobbyist ID: 033467736481-77
2025-11-02 11:38:53,059 - INFO - Processing lobbyist ID: 033580694745-17
2025-11-02 11:38:54,313 - INFO - Processing lobbyist ID: 033653392407-09
2025-11-02 11:38:55,508 - INFO - Processing lobbyist ID: 033741696798-22
2025-11-02 11:38:56,809 - INFO - Processing lobbyist ID: 033768941210-92
2025-11-02 11:38:58,309 - INFO - Processing lobbyist ID: 033789852903-97
2025-11-02 11:38:59,661 - INFO - Processing lobbyist ID: 033807913798-84
2025-11-02 11:39:01,163 - INFO - Processing lobbyist ID: 03396347383-49
2025-11-02 11:39:02,406 - INFO - Processing lobbyist ID: 033976691788-31
2025-11-02 11:39:03,751 - INFO - Processing lobbyist ID: 034052398107-03
2025-11-02 11:39:04,966 - INFO - Processing lobbyist ID: 034195749874-20
2025-11-02 11:39:06,357 - INFO - Processing lobbyist ID: 034239613511-14
2025-11-02 11:39:07,840 - INFO - Processing lobbyist ID: 034266094271-91
2025-11-02 11:39:09,201 - INFO - Processing lobbyist ID: 034268796004-14
2025-11-02 11:39:10,684 - INFO - Processing lobbyist ID: 034277995948-18
2025-11-02 11:39:11,904 - INFO - Processing lobbyist ID: 034363235590-94
2025-11-02 11:39:13,582 - INFO - Processing lobbyist ID: 034456815951-40
2025-11-02 11:39:15,035 - INFO - Processing lobbyist ID: 034467693444-45
2025-11-02 11:39:16,304 - INFO - Processing lobbyist ID: 03451096957-77
2025-11-02 11:39:17,946 - INFO - Processing lobbyist ID: 034540350782-92
2025-11-02 11:39:19,326 - INFO - Processing lobbyist ID: 034546859-02
2025-11-02 11:39:22,000 - INFO - Processing lobbyist ID: 0346440357-87
2025-11-02 11:39:23,517 - INFO - Processing lobbyist ID: 034694393502-45
2025-11-02 11:39:24,764 - INFO - Processing lobbyist ID: 034724827057-41
2025-11-02 11:39:26,000 - INFO - Processed 600 lobbyists out of 16087. Pausing for 3 seconds to avoid server overload...
2025-11-02 11:39:29,013 - INFO - Processing lobbyist ID: 034749340371-58
2025-11-02 11:39:30,412 - INFO - Processing lobbyist ID: 034909697197-64
2025-11-02 11:39:31,684 - INFO - Processing lobbyist ID: 034911399695-82
2025-11-02 11:39:32,952 - INFO - Processing lobbyist ID: 03492856440-03
2025-11-02 11:39:34,435 - INFO - Processing lobbyist ID: 03501997362-71
2025-11-02 11:39:38,945 - INFO - Processing lobbyist ID: 035046148964-30
2025-11-02 11:39:40,380 - INFO - Processing lobbyist ID: 03506017714-81
2025-11-02 11:39:42,876 - INFO - Processing lobbyist ID: 035163533684-92
2025-11-02 11:39:45,076 - INFO - Processing lobbyist ID: 03518238467-61
2025-11-02 11:39:48,183 - INFO - Processing lobbyist ID: 035251049170-22
2025-11-02 11:39:49,671 - INFO - Processing lobbyist ID: 035366013790-68
2025-11-02 11:39:53,105 - INFO - Processing lobbyist ID: 035399947913-93
2025-11-02 11:39:54,340 - INFO - Processing lobbyist ID: 035473310965-62
2025-11-02 11:39:55,711 - INFO - Processing lobbyist ID: 03556915643-37
2025-11-02 11:39:57,337 - INFO - Processing lobbyist ID: 035577499754-05
2025-11-02 11:39:59,002 - INFO - Processing lobbyist ID: 035696894781-13
2025-11-02 11:40:00,327 - INFO - Processing lobbyist ID: 035732994487-33
2025-11-02 11:40:01,749 - INFO - Processing lobbyist ID: 035814899178-19
2025-11-02 11:40:03,114 - INFO - Processing lobbyist ID: 035824221276-52
2025-11-02 11:40:04,459 - INFO - Processing lobbyist ID: 03589906592-68
2025-11-02 11:40:05,773 - INFO - Processing lobbyist ID: 035928846012-90
2025-11-02 11:40:07,145 - INFO - Processing lobbyist ID: 035947127270-10
2025-11-02 11:40:08,450 - INFO - Processing lobbyist ID: 036035319826-92
2025-11-02 11:40:09,724 - INFO - Processing lobbyist ID: 03607212990-30
2025-11-02 11:40:11,124 - INFO - Processing lobbyist ID: 036187795127-35
2025-11-02 11:40:12,460 - INFO - Processing lobbyist ID: 036202923764-02
2025-11-02 11:40:13,723 - INFO - Processing lobbyist ID: 03621475219-87
2025-11-02 11:40:15,119 - INFO - Processing lobbyist ID: 03624315145-61
2025-11-02 11:40:16,398 - INFO - Processing lobbyist ID: 036288945755-09
2025-11-02 11:40:17,975 - INFO - Processing lobbyist ID: 036412124178-16
2025-11-02 11:40:19,341 - INFO - Processing lobbyist ID: 036471739742-10
2025-11-02 11:40:20,570 - INFO - Processing lobbyist ID: 03650336051-80
2025-11-02 11:40:21,910 - INFO - Processing lobbyist ID: 036535848972-52
2025-11-02 11:40:23,253 - INFO - Processing lobbyist ID: 036560843482-02
2025-11-02 11:40:24,465 - INFO - Processing lobbyist ID: 03667978021-69
2025-11-02 11:40:26,006 - INFO - Processing lobbyist ID: 036720949324-31
2025-11-02 11:40:27,340 - INFO - Processing lobbyist ID: 036747095582-66
2025-11-02 11:40:28,728 - INFO - Processing lobbyist ID: 036764449246-72
2025-11-02 11:40:30,096 - INFO - Processing lobbyist ID: 036797028882-67
2025-11-02 11:40:31,472 - INFO - Processing lobbyist ID: 036866245389-48
2025-11-02 11:40:32,710 - INFO - Processing lobbyist ID: 036894947218-28
2025-11-02 11:40:33,942 - INFO - Processing lobbyist ID: 036915715533-64
2025-11-02 11:40:36,988 - INFO - Processing lobbyist ID: 036924995038-15
2025-11-02 11:40:38,189 - INFO - Processing lobbyist ID: 03717581957-02
2025-11-02 11:40:39,800 - INFO - Processing lobbyist ID: 037207299323-02
2025-11-02 11:40:41,091 - INFO - Processing lobbyist ID: 037249798460-91
2025-11-02 11:40:42,289 - INFO - Processing lobbyist ID: 037255493667-73
2025-11-02 11:40:43,488 - INFO - Processing lobbyist ID: 0372917100209-19
2025-11-02 11:40:44,681 - INFO - Processing lobbyist ID: 0373696100526-91
2025-11-02 11:40:45,909 - INFO - Processing lobbyist ID: 037401796003-96
2025-11-02 11:40:47,190 - INFO - Processing lobbyist ID: 037475594647-08
2025-11-02 11:40:48,450 - INFO - Processing lobbyist ID: 0374818100650-94
2025-11-02 11:40:49,810 - INFO - Processing lobbyist ID: 037523099077-10
2025-11-02 11:40:51,163 - INFO - Processing lobbyist ID: 037623530780-36
2025-11-02 11:40:52,552 - INFO - Processing lobbyist ID: 037629197756-55
2025-11-02 11:40:53,819 - INFO - Processing lobbyist ID: 037833727533-45
2025-11-02 11:40:55,605 - INFO - Processing lobbyist ID: 037842850791-58
2025-11-02 11:40:56,816 - INFO - Processing lobbyist ID: 037866252521-79
2025-11-02 11:40:58,020 - INFO - Processing lobbyist ID: 037948398981-36
2025-11-02 11:40:59,375 - INFO - Processing lobbyist ID: 038014348035-13
2025-11-02 11:41:01,067 - INFO - Processing lobbyist ID: 038015438336-80
2025-11-02 11:41:02,320 - INFO - Processing lobbyist ID: 03804222429-10
2025-11-02 11:41:03,842 - INFO - Processing lobbyist ID: 038174195603-78
2025-11-02 11:41:05,132 - INFO - Processing lobbyist ID: 038414027932-81
2025-11-02 11:41:06,413 - INFO - Processing lobbyist ID: 038450740479-58
2025-11-02 11:41:07,768 - INFO - Processing lobbyist ID: 038463951392-47
2025-11-02 11:41:09,004 - INFO - Processing lobbyist ID: 038623799213-87
2025-11-02 11:41:10,283 - INFO - Processing lobbyist ID: 038826514581-56
2025-11-02 11:41:11,800 - INFO - Processing lobbyist ID: 03883572935-58
2025-11-02 11:41:13,091 - INFO - Processing lobbyist ID: 038897122125-11
2025-11-02 11:41:14,299 - INFO - Processing lobbyist ID: 038973723722-13
2025-11-02 11:41:15,566 - INFO - Processing lobbyist ID: 03904371831-43
2025-11-02 11:41:16,950 - INFO - Processing lobbyist ID: 039049138497-12
2025-11-02 11:41:18,338 - INFO - Processing lobbyist ID: 039082996333-56
2025-11-02 11:41:19,599 - INFO - Processing lobbyist ID: 039253919302-37
2025-11-02 11:41:20,906 - INFO - Processing lobbyist ID: 039359052352-68
2025-11-02 11:41:22,195 - INFO - Processing lobbyist ID: 039441147902-02
2025-11-02 11:41:23,725 - INFO - Processing lobbyist ID: 039471744565-83
2025-11-02 11:41:24,952 - INFO - Processing lobbyist ID: 039496128321-93
2025-11-02 11:41:26,222 - INFO - Processing lobbyist ID: 03960197927-62
2025-11-02 11:41:28,589 - INFO - Processing lobbyist ID: 0397077101048-68
2025-11-02 11:41:29,909 - INFO - Processing lobbyist ID: 039823197831-37
2025-11-02 11:41:31,130 - INFO - Processing lobbyist ID: 039914146801-70
2025-11-02 11:41:32,455 - INFO - Processing lobbyist ID: 039988150211-35
2025-11-02 11:41:33,694 - INFO - Processing lobbyist ID: 03999415319-19
2025-11-02 11:41:35,135 - INFO - Processing lobbyist ID: 040012095915-06
2025-11-02 11:41:36,463 - INFO - Processing lobbyist ID: 040059692433-66
2025-11-02 11:41:37,719 - INFO - Processing lobbyist ID: 04011446819-63
2025-11-02 11:41:39,075 - INFO - Processing lobbyist ID: 040138850420-07
2025-11-02 11:41:40,324 - INFO - Processing lobbyist ID: 040227298497-74
2025-11-02 11:41:41,592 - INFO - Processing lobbyist ID: 040237630357-81
2025-11-02 11:41:42,900 - INFO - Processing lobbyist ID: 040258398397-92
2025-11-02 11:41:44,097 - INFO - Processing lobbyist ID: 040608651605-09
2025-11-02 11:41:45,449 - INFO - Processing lobbyist ID: 040739718653-81
2025-11-02 11:41:46,693 - INFO - Processing lobbyist ID: 04077716126-17
2025-11-02 11:41:48,180 - INFO - Processing lobbyist ID: 040931850622-05
2025-11-02 11:41:49,662 - INFO - Processing lobbyist ID: 040986352875-47
2025-11-02 11:41:50,885 - INFO - Processing lobbyist ID: 041077193145-51
2025-11-02 11:41:52,048 - INFO - Processing lobbyist ID: 041104092664-44
2025-11-02 11:41:53,192 - INFO - Processing lobbyist ID: 041223051696-15
2025-11-02 11:41:54,347 - INFO - Processed 700 lobbyists out of 16087. Pausing for 3 seconds to avoid server overload...
2025-11-02 11:41:57,358 - INFO - Processing lobbyist ID: 041275297157-02
2025-11-02 11:41:58,588 - INFO - Processing lobbyist ID: 041311320851-72
2025-11-02 11:41:59,768 - INFO - Processing lobbyist ID: 04134171823-87
2025-11-02 11:42:02,779 - INFO - Processing lobbyist ID: 041401945300-90
2025-11-02 11:42:03,944 - INFO - Processing lobbyist ID: 041415315167-65
2025-11-02 11:42:06,503 - INFO - Processing lobbyist ID: 041419818289-32
2025-11-02 11:42:08,094 - INFO - Processing lobbyist ID: 041495920038-44
2025-11-02 11:42:09,654 - INFO - Processing lobbyist ID: 041712498450-93
2025-11-02 11:42:10,854 - INFO - Processing lobbyist ID: 041768552446-05
2025-11-02 11:42:12,033 - INFO - Processing lobbyist ID: 041898210470-66
2025-11-02 11:42:13,678 - INFO - Processing lobbyist ID: 041997692082-60
2025-11-02 11:42:14,830 - INFO - Processing lobbyist ID: 04201463642-88
2025-11-02 11:42:18,146 - INFO - Processing lobbyist ID: 042032050306-35
2025-11-02 11:42:19,479 - INFO - Processing lobbyist ID: 042041395371-67
2025-11-02 11:42:20,677 - INFO - Processing lobbyist ID: 042053818845-45
2025-11-02 11:42:22,033 - INFO - Processing lobbyist ID: 042320127973-55
2025-11-02 11:42:23,214 - INFO - Processing lobbyist ID: 042360093680-24
2025-11-02 11:42:24,383 - INFO - Processing lobbyist ID: 042383714852-64
2025-11-02 11:42:26,555 - INFO - Processing lobbyist ID: 042446620747-25
2025-11-02 11:42:27,784 - INFO - Processing lobbyist ID: 042482931898-44
2025-11-02 11:42:29,007 - INFO - Processing lobbyist ID: 042560099426-95
2025-11-02 11:42:30,197 - INFO - Processing lobbyist ID: 042567451234-91
2025-11-02 11:42:31,418 - INFO - Processing lobbyist ID: 042669691510-71
2025-11-02 11:42:32,713 - INFO - Processing lobbyist ID: 04268127542-74
2025-11-02 11:42:34,583 - INFO - Processing lobbyist ID: 042792744337-62
2025-11-02 11:42:35,747 - INFO - Processing lobbyist ID: 042817647831-41
2025-11-02 11:42:36,962 - INFO - Processing lobbyist ID: 042823394389-80
2025-11-02 11:42:38,174 - INFO - Processing lobbyist ID: 042843591748-81
2025-11-02 11:42:39,469 - INFO - Processing lobbyist ID: 042845051910-44
2025-11-02 11:42:40,668 - INFO - Processing lobbyist ID: 042849916153-53
2025-11-02 11:42:41,979 - INFO - Processing lobbyist ID: 04294287173-30
2025-11-02 11:42:43,210 - INFO - Processing lobbyist ID: 042947195204-65
2025-11-02 11:42:44,323 - INFO - Processing lobbyist ID: 042969910219-77
2025-11-02 11:42:45,661 - INFO - Processing lobbyist ID: 042995623695-38
2025-11-02 11:42:46,871 - INFO - Processing lobbyist ID: 0430789100692-48
2025-11-02 11:42:48,021 - INFO - Processing lobbyist ID: 04308792739-83
2025-11-02 11:42:49,161 - INFO - Processing lobbyist ID: 043135141718-61
2025-11-02 11:42:50,334 - INFO - Processing lobbyist ID: 043312644954-10
2025-11-02 11:42:51,643 - INFO - Processing lobbyist ID: 043446618888-27
2025-11-02 11:42:52,963 - INFO - Processing lobbyist ID: 043477949075-66
2025-11-02 11:42:54,135 - INFO - Processing lobbyist ID: 043518118736-36
2025-11-02 11:42:55,579 - INFO - Processing lobbyist ID: 043746118747-53
2025-11-02 11:42:56,722 - INFO - Processing lobbyist ID: 043760293792-48
2025-11-02 11:42:58,045 - INFO - Processing lobbyist ID: 043942252093-45
2025-11-02 11:42:59,204 - INFO - Processing lobbyist ID: 044009448280-04
2025-11-02 11:43:00,407 - INFO - Processing lobbyist ID: 044078950349-49
2025-11-02 11:43:01,764 - INFO - Processing lobbyist ID: 044091037516-81
2025-11-02 11:43:03,164 - INFO - Processing lobbyist ID: 044282842164-11
2025-11-02 11:43:04,424 - INFO - Processing lobbyist ID: 04437556781-76
2025-11-02 11:43:05,772 - INFO - Processing lobbyist ID: 044489445235-71
2025-11-02 11:43:07,091 - INFO - Processing lobbyist ID: 04450539336-52
2025-11-02 11:43:08,325 - INFO - Processing lobbyist ID: 044541099915-82
2025-11-02 11:43:09,535 - INFO - Processing lobbyist ID: 04458109373-91
2025-11-02 11:43:13,748 - INFO - Processing lobbyist ID: 044610599465-32
2025-11-02 11:43:14,861 - INFO - Processing lobbyist ID: 044645932516-38
2025-11-02 11:43:16,053 - INFO - Processing lobbyist ID: 044739329986-22
2025-11-02 11:43:17,276 - INFO - Processing lobbyist ID: 044763295827-08
2025-11-02 11:43:18,497 - INFO - Processing lobbyist ID: 044796891846-78
2025-11-02 11:43:19,779 - INFO - Processing lobbyist ID: 044816121222-46
2025-11-02 11:43:21,600 - INFO - Processing lobbyist ID: 044840152318-38
2025-11-02 11:43:23,444 - INFO - Processing lobbyist ID: 044920443327-85
2025-11-02 11:43:24,721 - INFO - Processing lobbyist ID: 044986331039-07
2025-11-02 11:43:25,967 - INFO - Processing lobbyist ID: 0450515100724-79
2025-11-02 11:43:27,271 - INFO - Processing lobbyist ID: 045083348995-19
2025-11-02 11:43:28,469 - INFO - Processing lobbyist ID: 045196843728-06
2025-11-02 11:43:29,778 - INFO - Processing lobbyist ID: 045230091761-04
2025-11-02 11:43:31,037 - INFO - Processing lobbyist ID: 045282629848-49
2025-11-02 11:43:32,199 - INFO - Processing lobbyist ID: 045379392202-03
2025-11-02 11:43:33,351 - INFO - Processing lobbyist ID: 045491251482-22
2025-11-02 11:43:34,484 - INFO - Processing lobbyist ID: 045767293922-02
2025-11-02 11:43:35,682 - INFO - Processing lobbyist ID: 0458178100247-59
2025-11-02 11:43:36,942 - INFO - Processing lobbyist ID: 045829828789-08
2025-11-02 11:43:38,157 - INFO - Processing lobbyist ID: 045920151896-84
2025-11-02 11:43:39,541 - INFO - Processing lobbyist ID: 045973949231-70
2025-11-02 11:43:40,709 - INFO - Processing lobbyist ID: 0459988100770-09
2025-11-02 11:43:41,864 - INFO - Processing lobbyist ID: 046036048265-94
2025-11-02 11:43:43,058 - INFO - Processing lobbyist ID: 046094048122-15
2025-11-02 11:43:44,229 - INFO - Processing lobbyist ID: 046160251962-13
2025-11-02 11:43:45,587 - INFO - Processing lobbyist ID: 046252746054-49
2025-11-02 11:43:46,851 - INFO - Processing lobbyist ID: 046264946723-50
2025-11-02 11:43:48,109 - INFO - Processing lobbyist ID: 04627551301-91
2025-11-02 11:43:49,344 - INFO - Processing lobbyist ID: 0462823100137-58
2025-11-02 11:43:50,493 - INFO - Processing lobbyist ID: 046324999895-23
2025-11-02 11:43:51,685 - INFO - Processing lobbyist ID: 046364226533-09
2025-11-02 11:43:53,001 - INFO - Processing lobbyist ID: 046380891848-47
2025-11-02 11:43:54,282 - INFO - Processing lobbyist ID: 0463842100953-94
2025-11-02 11:43:55,472 - INFO - Processing lobbyist ID: 046429398901-20
2025-11-02 11:43:56,678 - INFO - Processing lobbyist ID: 046431424154-95
2025-11-02 11:43:57,826 - INFO - Processing lobbyist ID: 046510618791-04
2025-11-02 11:43:59,537 - INFO - Processing lobbyist ID: 046522111711-44
2025-11-02 11:44:01,189 - INFO - Processing lobbyist ID: 04657143399-39
2025-11-02 11:44:03,492 - INFO - Processing lobbyist ID: 046819597249-73
2025-11-02 11:44:04,652 - INFO - Processing lobbyist ID: 046826494846-13
2025-11-02 11:44:05,814 - INFO - Processing lobbyist ID: 046842099962-41
2025-11-02 11:44:06,991 - INFO - Processing lobbyist ID: 046903619118-23
2025-11-02 11:44:08,226 - INFO - Processing lobbyist ID: 047016133402-13
2025-11-02 11:44:09,425 - INFO - Processing lobbyist ID: 047239199450-52
2025-11-02 11:44:10,690 - INFO - Processing lobbyist ID: 047293899432-18
2025-11-02 11:44:12,078 - INFO - Processing lobbyist ID: 047296699328-89
2025-11-02 11:44:13,327 - INFO - Processing lobbyist ID: 0473378100897-52
2025-11-02 11:44:14,461 - INFO - Processed 800 lobbyists out of 16087. Pausing for 3 seconds to avoid server overload...
2025-11-02 11:44:17,474 - INFO - Processing lobbyist ID: 047361234039-51
2025-11-02 11:44:18,733 - INFO - Processing lobbyist ID: 047428334069-39
2025-11-02 11:44:20,415 - INFO - Processing lobbyist ID: 047484943158-59
2025-11-02 11:44:21,628 - INFO - Processing lobbyist ID: 047566525357-87
2025-11-02 11:44:23,043 - INFO - Processing lobbyist ID: 047581317435-94
2025-11-02 11:44:24,292 - INFO - Processing lobbyist ID: 047603512537-13
2025-11-02 11:44:25,594 - INFO - Processing lobbyist ID: 047622796536-68
2025-11-02 11:44:26,746 - INFO - Processing lobbyist ID: 047638048359-82
2025-11-02 11:44:27,946 - INFO - Processing lobbyist ID: 047697728659-37
2025-11-02 11:44:29,145 - INFO - Processing lobbyist ID: 047721050470-59
2025-11-02 11:44:30,308 - INFO - Processing lobbyist ID: 047885236376-72
2025-11-02 11:44:31,441 - INFO - Processing lobbyist ID: 047945398488-39
2025-11-02 11:44:32,627 - INFO - Processing lobbyist ID: 047962991734-22
2025-11-02 11:44:33,957 - INFO - Processing lobbyist ID: 047993097243-53
2025-11-02 11:44:35,266 - INFO - Processing lobbyist ID: 047999193530-24
2025-11-02 11:44:36,448 - INFO - Processing lobbyist ID: 048030953098-10
2025-11-02 11:44:37,679 - INFO - Processing lobbyist ID: 048071251915-07
2025-11-02 11:44:39,014 - INFO - Processing lobbyist ID: 048101394291-50
2025-11-02 11:44:40,252 - INFO - Processing lobbyist ID: 048197196175-77
2025-11-02 11:44:41,503 - INFO - Processing lobbyist ID: 048350822718-31
2025-11-02 11:44:42,806 - INFO - Processing lobbyist ID: 048387711728-21
2025-11-02 11:44:44,518 - INFO - Processing lobbyist ID: 048394994482-76
2025-11-02 11:44:45,704 - INFO - Processing lobbyist ID: 048395140135-05
2025-11-02 11:44:46,947 - INFO - Processing lobbyist ID: 048437652841-30
2025-11-02 11:44:48,197 - INFO - Processing lobbyist ID: 048458193592-72
2025-11-02 11:44:49,347 - INFO - Processing lobbyist ID: 048495393073-71
2025-11-02 11:44:50,504 - INFO - Processing lobbyist ID: 048578891753-87
2025-11-02 11:44:51,753 - INFO - Processing lobbyist ID: 048639339015-29
2025-11-02 11:44:53,175 - INFO - Processing lobbyist ID: 048699535930-91
2025-11-02 11:44:54,379 - INFO - Processing lobbyist ID: 04877777421-88
2025-11-02 11:44:56,539 - INFO - Processing lobbyist ID: 048902197961-65
2025-11-02 11:44:57,676 - INFO - Processing lobbyist ID: 049002853078-90
2025-11-02 11:44:58,952 - INFO - Processing lobbyist ID: 04902121531-04
2025-11-02 11:45:03,059 - INFO - Processing lobbyist ID: 04903991238-83
2025-11-02 11:45:04,633 - INFO - Processing lobbyist ID: 0491253100612-09
2025-11-02 11:45:05,759 - INFO - Processing lobbyist ID: 049133647645-21
2025-11-02 11:45:07,170 - INFO - Processing lobbyist ID: 049139043109-57
2025-11-02 11:45:08,402 - INFO - Processing lobbyist ID: 049213538438-04
2025-11-02 11:45:09,614 - INFO - Processing lobbyist ID: 049215512245-42
2025-11-02 11:45:11,387 - INFO - Processing lobbyist ID: 049459192300-94
2025-11-02 11:45:12,600 - INFO - Processing lobbyist ID: 049566047779-57
2025-11-02 11:45:14,655 - INFO - Processing lobbyist ID: 049611497863-35
2025-11-02 11:45:15,862 - INFO - Processing lobbyist ID: 049670852670-44
2025-11-02 11:45:17,038 - INFO - Processing lobbyist ID: 049735848128-90
2025-11-02 11:45:18,535 - INFO - Processing lobbyist ID: 04974299180-63
2025-11-02 11:45:19,760 - INFO - Processing lobbyist ID: 049757097195-25
2025-11-02 11:45:21,129 - INFO - Processing lobbyist ID: 049767927777-58
2025-11-02 11:45:22,423 - INFO - Processing lobbyist ID: 04981716394-32
2025-11-02 11:45:23,731 - INFO - Processing lobbyist ID: 0498748100750-43
2025-11-02 11:45:24,898 - INFO - Processing lobbyist ID: 049954229126-63
2025-11-02 11:45:26,220 - INFO - Processing lobbyist ID: 049958148389-39
2025-11-02 11:45:27,427 - INFO - Processing lobbyist ID: 050003343478-04
2025-11-02 11:45:28,633 - INFO - Processing lobbyist ID: 050025597257-55
2025-11-02 11:45:29,892 - INFO - Processing lobbyist ID: 050028191694-13
2025-11-02 11:45:31,121 - INFO - Processing lobbyist ID: 05003684165-09
2025-11-02 11:45:32,451 - INFO - Processing lobbyist ID: 050269010212-72
2025-11-02 11:45:34,357 - INFO - Processing lobbyist ID: 050313823462-21
2025-11-02 11:45:35,530 - INFO - Processing lobbyist ID: 05032108616-26
2025-11-02 11:45:44,649 - INFO - Processing lobbyist ID: 050415314994-69
2025-11-02 11:45:45,862 - INFO - Processing lobbyist ID: 05046148043-73
2025-11-02 11:45:47,090 - INFO - Processing lobbyist ID: 0505121548-50
2025-11-02 11:45:48,436 - INFO - Processing lobbyist ID: 05052317999-60
2025-11-02 11:45:50,480 - INFO - Processing lobbyist ID: 050546037072-29
2025-11-02 11:45:51,673 - INFO - Processing lobbyist ID: 050566898538-12
2025-11-02 11:45:52,894 - INFO - Processing lobbyist ID: 050809252244-88
2025-11-02 11:45:54,092 - INFO - Processing lobbyist ID: 0508132100420-82
2025-11-02 11:45:55,281 - INFO - Processing lobbyist ID: 050841318640-60
2025-11-02 11:45:56,593 - INFO - Processing lobbyist ID: 05097472836-90
2025-11-02 11:45:58,648 - INFO - Processing lobbyist ID: 050975719796-70
2025-11-02 11:45:59,825 - INFO - Processing lobbyist ID: 05098847384-21
2025-11-02 11:46:02,177 - INFO - Processing lobbyist ID: 051216099225-15
2025-11-02 11:46:03,458 - INFO - Processing lobbyist ID: 051228398859-27
2025-11-02 11:46:04,657 - INFO - Processing lobbyist ID: 051435091601-73
2025-11-02 11:46:06,006 - INFO - Processing lobbyist ID: 051479091677-17
2025-11-02 11:46:07,545 - INFO - Processing lobbyist ID: 051535245114-08
2025-11-02 11:46:08,867 - INFO - Processing lobbyist ID: 051550296930-72
2025-11-02 11:46:10,017 - INFO - Processing lobbyist ID: 051585416549-65
2025-11-02 11:46:11,406 - INFO - Processing lobbyist ID: 051595999796-80
2025-11-02 11:46:12,628 - INFO - Processing lobbyist ID: 051704717148-12
2025-11-02 11:46:13,755 - INFO - Processing lobbyist ID: 051753599653-33
2025-11-02 11:46:14,987 - INFO - Processing lobbyist ID: 051805995325-41
2025-11-02 11:46:16,303 - INFO - Processing lobbyist ID: 051844129600-85
2025-11-02 11:46:17,820 - INFO - Processing lobbyist ID: 0518491100687-37
2025-11-02 11:46:19,056 - INFO - Processing lobbyist ID: 051882426608-69
2025-11-02 11:46:20,285 - INFO - Processing lobbyist ID: 051887526745-23
2025-11-02 11:46:21,631 - INFO - Processing lobbyist ID: 052002725608-03
2025-11-02 11:46:22,952 - INFO - Processing lobbyist ID: 05221658419-01
2025-11-02 11:46:24,385 - INFO - Processing lobbyist ID: 052269393423-46
2025-11-02 11:46:26,613 - INFO - Processing lobbyist ID: 052368449007-28
2025-11-02 11:46:27,870 - INFO - Processing lobbyist ID: 052415726522-61
2025-11-02 11:46:29,165 - INFO - Processing lobbyist ID: 052474397094-20
2025-11-02 11:46:30,420 - INFO - Processing lobbyist ID: 052513138393-62
2025-11-02 11:46:32,074 - INFO - Processing lobbyist ID: 052588323201-74
2025-11-02 11:46:33,466 - INFO - Processing lobbyist ID: 052754998395-40
2025-11-02 11:46:34,655 - INFO - Processing lobbyist ID: 0527651101057-60
2025-11-02 11:46:35,949 - INFO - Processing lobbyist ID: 052791544930-78
2025-11-02 11:46:37,363 - INFO - Processing lobbyist ID: 052814338340-63
2025-11-02 11:46:38,717 - INFO - Processing lobbyist ID: 052846838339-58
2025-11-02 11:46:40,004 - INFO - Processing lobbyist ID: 05289925824-73
2025-11-02 11:46:41,570 - INFO - Processing lobbyist ID: 052941751496-92
2025-11-02 11:46:42,841 - INFO - Processed 900 lobbyists out of 16087. Pausing for 3 seconds to avoid server overload...
2025-11-02 11:46:45,854 - INFO - Processing lobbyist ID: 0530076100358-13
2025-11-02 11:46:47,140 - INFO - Processing lobbyist ID: 053048344479-46
2025-11-02 11:46:48,448 - INFO - Processing lobbyist ID: 053057393431-89
2025-11-02 11:46:49,816 - INFO - Processing lobbyist ID: 05308295838-47
2025-11-02 11:46:51,191 - INFO - Processing lobbyist ID: 053086529748-09
2025-11-02 11:46:52,502 - INFO - Processing lobbyist ID: 053106498453-55
2025-11-02 11:46:53,782 - INFO - Processing lobbyist ID: 053117613298-41
2025-11-02 11:46:55,243 - INFO - Processing lobbyist ID: 053125133094-59
2025-11-02 11:46:56,497 - INFO - Processing lobbyist ID: 053141299511-08
2025-11-02 11:46:57,791 - INFO - Processing lobbyist ID: 053277891671-57
2025-11-02 11:46:59,073 - INFO - Processing lobbyist ID: 053400292421-08
2025-11-02 11:47:00,310 - INFO - Processing lobbyist ID: 053427198573-54
2025-11-02 11:47:01,848 - INFO - Processing lobbyist ID: 053452050026-66
2025-11-02 11:47:03,202 - INFO - Processing lobbyist ID: 053502847631-73
2025-11-02 11:47:04,603 - INFO - Processing lobbyist ID: 053633352874-07
2025-11-02 11:47:05,928 - INFO - Processing lobbyist ID: 05366537746-69
2025-11-02 11:47:09,688 - INFO - Processing lobbyist ID: 053786098802-15
2025-11-02 11:47:10,952 - INFO - Processing lobbyist ID: 053862894021-42
2025-11-02 11:47:12,341 - INFO - Processing lobbyist ID: 053883544244-66
2025-11-02 11:47:13,677 - INFO - Processing lobbyist ID: 053976497143-89
2025-11-02 11:47:14,918 - INFO - Processing lobbyist ID: 054096140175-62
2025-11-02 11:47:16,225 - INFO - Processing lobbyist ID: 054136242580-82
2025-11-02 11:47:17,516 - INFO - Processing lobbyist ID: 054204453214-11
2025-11-02 11:47:18,763 - INFO - Processing lobbyist ID: 0542477100481-39
2025-11-02 11:47:20,225 - INFO - Processing lobbyist ID: 054358293131-13
2025-11-02 11:47:21,499 - INFO - Processing lobbyist ID: 054662633848-40
2025-11-02 11:47:23,489 - INFO - Processing lobbyist ID: 054680935509-93
2025-11-02 11:47:24,882 - INFO - Processing lobbyist ID: 054728751431-03
2025-11-02 11:47:26,140 - INFO - Processing lobbyist ID: 054812397925-32
2025-11-02 11:47:27,492 - INFO - Processing lobbyist ID: 0548142100569-48
2025-11-02 11:47:28,774 - INFO - Processing lobbyist ID: 054831851240-96
2025-11-02 11:47:30,035 - INFO - Processing lobbyist ID: 054923732976-14
2025-11-02 11:47:31,306 - INFO - Processing lobbyist ID: 054976595746-22
2025-11-02 11:47:32,553 - INFO - Processing lobbyist ID: 055017716307-39
2025-11-02 11:47:34,632 - INFO - Processing lobbyist ID: 05503341949-54
2025-11-02 11:47:39,396 - INFO - Processing lobbyist ID: 055074529373-79
2025-11-02 11:47:40,677 - INFO - Processing lobbyist ID: 055088121896-37
2025-11-02 11:47:42,052 - INFO - Processing lobbyist ID: 05513338917-92
2025-11-02 11:47:43,577 - INFO - Processing lobbyist ID: 055280695661-05
2025-11-02 11:47:44,774 - INFO - Processing lobbyist ID: 055289796926-84
2025-11-02 11:47:45,980 - INFO - Processing lobbyist ID: 055298346584-89
2025-11-02 11:47:47,235 - INFO - Processing lobbyist ID: 0553640100453-54
2025-11-02 11:47:48,535 - INFO - Processing lobbyist ID: 05546466757-61
2025-11-02 11:47:50,627 - INFO - Processing lobbyist ID: 055505446104-20
2025-11-02 11:47:51,970 - INFO - Processing lobbyist ID: 055599331897-93
2025-11-02 11:47:53,955 - INFO - Processing lobbyist ID: 055616612425-69
2025-11-02 11:47:55,349 - INFO - Processing lobbyist ID: 055646499576-58
2025-11-02 11:47:56,664 - INFO - Processing lobbyist ID: 0556661100141-83
2025-11-02 11:47:57,928 - INFO - Processing lobbyist ID: 055724199321-34
2025-11-02 11:47:59,326 - INFO - Processing lobbyist ID: 055982497027-95
2025-11-02 11:48:00,612 - INFO - Processing lobbyist ID: 056048443448-39
2025-11-02 11:48:02,131 - INFO - Processing lobbyist ID: 056070639177-60
2025-11-02 11:48:03,516 - INFO - Processing lobbyist ID: 056093547125-86
2025-11-02 11:48:04,755 - INFO - Processing lobbyist ID: 056165697021-63
2025-11-02 11:48:06,086 - INFO - Processing lobbyist ID: 056183221914-36
2025-11-02 11:48:07,308 - INFO - Processing lobbyist ID: 056206692313-93
2025-11-02 11:48:08,576 - INFO - Processing lobbyist ID: 056209952434-40
2025-11-02 11:48:09,842 - INFO - Processing lobbyist ID: 056319643095-46
2025-11-02 11:48:11,373 - INFO - Processing lobbyist ID: 056349148033-85
2025-11-02 11:48:12,652 - INFO - Processing lobbyist ID: 056423341690-21
2025-11-02 11:48:13,910 - INFO - Processing lobbyist ID: 056480048288-76
2025-11-02 11:48:15,184 - INFO - Processing lobbyist ID: 0565388100521-63
2025-11-02 11:48:16,400 - INFO - Processing lobbyist ID: 0566653100419-48
2025-11-02 11:48:17,619 - INFO - Processing lobbyist ID: 056714940530-06
2025-11-02 11:48:18,983 - INFO - Processing lobbyist ID: 056719952435-72
2025-11-02 11:48:20,545 - INFO - Processing lobbyist ID: 056727396327-40
2025-11-02 11:48:22,135 - INFO - Processing lobbyist ID: 05673984520-73
2025-11-02 11:48:23,977 - INFO - Processing lobbyist ID: 056855333958-16
2025-11-02 11:48:25,295 - INFO - Processing lobbyist ID: 05693918534-87
2025-11-02 11:48:27,323 - INFO - Processing lobbyist ID: 0569822100452-40
2025-11-02 11:48:28,612 - INFO - Processing lobbyist ID: 057001398410-54
2025-11-02 11:48:29,944 - INFO - Processing lobbyist ID: 057050117687-88
2025-11-02 11:48:31,265 - INFO - Processing lobbyist ID: 057227237522-63
2025-11-02 11:48:32,601 - INFO - Processing lobbyist ID: 057324697940-43
2025-11-02 11:48:33,805 - INFO - Processing lobbyist ID: 057432750402-79
2025-11-02 11:48:35,235 - INFO - Processing lobbyist ID: 057482041045-57
2025-11-02 11:48:36,562 - INFO - Processing lobbyist ID: 057551445871-75
2025-11-02 11:48:37,752 - INFO - Processing lobbyist ID: 057684598913-65
2025-11-02 11:48:39,089 - INFO - Processing lobbyist ID: 057701299526-97
2025-11-02 11:48:40,401 - INFO - Processing lobbyist ID: 057783748990-59
2025-11-02 11:48:41,597 - INFO - Processing lobbyist ID: 057826241328-95
2025-11-02 11:48:42,926 - INFO - Processing lobbyist ID: 057971591535-59
2025-11-02 11:48:44,178 - INFO - Processing lobbyist ID: 057978797810-36
2025-11-02 11:48:45,484 - INFO - Processing lobbyist ID: 058062897661-91
2025-11-02 11:48:46,749 - INFO - Processing lobbyist ID: 058244348554-71
2025-11-02 11:48:48,049 - INFO - Processing lobbyist ID: 058264951625-58
2025-11-02 11:48:49,383 - INFO - Processing lobbyist ID: 05829149535-55
2025-11-02 11:48:50,590 - INFO - Processing lobbyist ID: 058315817054-35
2025-11-02 11:48:51,843 - INFO - Processing lobbyist ID: 058327696531-77
2025-11-02 11:48:53,187 - INFO - Processing lobbyist ID: 058359527245-73
2025-11-02 11:48:54,899 - INFO - Processing lobbyist ID: 058361797186-42
2025-11-02 11:48:56,133 - INFO - Processing lobbyist ID: 058386922152-70
2025-11-02 11:48:57,447 - INFO - Processing lobbyist ID: 058394093750-74
2025-11-02 11:48:58,756 - INFO - Processing lobbyist ID: 058425237463-83
2025-11-02 11:49:00,183 - INFO - Processing lobbyist ID: 05847066277-30
2025-11-02 11:49:01,465 - INFO - Processing lobbyist ID: 058489048284-67
2025-11-02 11:49:02,702 - INFO - Processing lobbyist ID: 058512095859-77
2025-11-02 11:49:04,101 - INFO - Processing lobbyist ID: 058565221863-63
2025-11-02 11:49:05,415 - INFO - Processing lobbyist ID: 058733399162-89
2025-11-02 11:49:06,645 - INFO - Processing lobbyist ID: 058741397750-72
2025-11-02 11:49:08,038 - INFO - Processed 1000 lobbyists out of 16087. Pausing for 3 seconds to avoid server overload...
2025-11-02 11:49:11,052 - INFO - Processing lobbyist ID: 05875751179-80
2025-11-02 11:49:12,404 - INFO - Processing lobbyist ID: 058844929898-09
2025-11-02 11:49:13,818 - INFO - Processing lobbyist ID: 058910411877-30
2025-11-02 11:49:15,119 - INFO - Processing lobbyist ID: 058914937720-75
2025-11-02 11:49:16,360 - INFO - Processing lobbyist ID: 059012942439-85
2025-11-02 11:49:17,709 - INFO - Processing lobbyist ID: 059134051904-87
2025-11-02 11:49:19,175 - INFO - Processing lobbyist ID: 059325051424-57
2025-11-02 11:49:20,444 - INFO - Processing lobbyist ID: 059329031794-65
2025-11-02 11:49:21,685 - INFO - Processing lobbyist ID: 059352020164-92
2025-11-02 11:49:23,036 - INFO - Processing lobbyist ID: 059443622722-41
2025-11-02 11:49:24,711 - INFO - Processing lobbyist ID: 059523148868-86
2025-11-02 11:49:26,008 - INFO - Processing lobbyist ID: 059548052529-62
2025-11-02 11:49:27,252 - INFO - Processing lobbyist ID: 0596034101039-46
2025-11-02 11:49:28,639 - INFO - Processing lobbyist ID: 059821818085-87
2025-11-02 11:49:29,938 - INFO - Processing lobbyist ID: 059933140314-53
2025-11-02 11:49:31,301 - INFO - Processing lobbyist ID: 060039997387-42
2025-11-02 11:49:32,576 - INFO - Processing lobbyist ID: 060318238252-62
2025-11-02 11:49:34,154 - INFO - Processing lobbyist ID: 060355422799-28
2025-11-02 11:49:35,521 - INFO - Processing lobbyist ID: 060506649648-03
2025-11-02 11:49:36,760 - INFO - Processing lobbyist ID: 060515394884-12
2025-11-02 11:49:38,105 - INFO - Processing lobbyist ID: 060538392123-27
2025-11-02 11:49:39,383 - INFO - Processing lobbyist ID: 060579941127-92
2025-11-02 11:49:40,737 - INFO - Processing lobbyist ID: 060604997081-63
2025-11-02 11:49:42,052 - INFO - Processing lobbyist ID: 060605222884-13
2025-11-02 11:49:43,735 - INFO - Processing lobbyist ID: 060671196801-29
2025-11-02 11:49:45,015 - INFO - Processing lobbyist ID: 060740049238-39
2025-11-02 11:49:46,889 - INFO - Processing lobbyist ID: 06081633546-76
2025-11-02 11:49:49,384 - INFO - Processing lobbyist ID: 060904811513-73
2025-11-02 11:49:50,837 - INFO - Processing lobbyist ID: 060933793069-24
2025-11-02 11:49:52,072 - INFO - Processing lobbyist ID: 06093891220-52
2025-11-02 11:49:54,569 - INFO - Processing lobbyist ID: 060963817274-71
2025-11-02 11:49:56,492 - INFO - Processing lobbyist ID: 061018639296-87
2025-11-02 11:49:57,771 - INFO - Processing lobbyist ID: 061046228279-17
2025-11-02 11:49:59,127 - INFO - Processing lobbyist ID: 061072950735-95
2025-11-02 11:50:00,416 - INFO - Processing lobbyist ID: 061081450244-39
2025-11-02 11:50:01,986 - INFO - Processing lobbyist ID: 061140041726-81
2025-11-02 11:50:03,371 - INFO - Processing lobbyist ID: 061156295421-53
2025-11-02 11:50:04,967 - INFO - Processing lobbyist ID: 061395248698-24
2025-11-02 11:50:06,555 - INFO - Processing lobbyist ID: 0614379494-67
2025-11-02 11:50:08,105 - INFO - Processing lobbyist ID: 0614480101075-40
2025-11-02 11:50:09,531 - INFO - Processing lobbyist ID: 061601915428-87
2025-11-02 11:50:13,569 - INFO - Processing lobbyist ID: 061605697101-02
2025-11-02 11:50:14,975 - INFO - Processing lobbyist ID: 0616375100669-67
2025-11-02 11:50:16,360 - INFO - Processing lobbyist ID: 061766531381-62
2025-11-02 11:50:17,854 - INFO - Processing lobbyist ID: 061911948415-37
2025-11-02 11:50:19,228 - INFO - Processing lobbyist ID: 0621161100474-73
2025-11-02 11:50:20,560 - INFO - Processing lobbyist ID: 062118097838-93
2025-11-02 11:50:21,903 - INFO - Processing lobbyist ID: 062141099299-29
2025-11-02 11:50:23,262 - INFO - Processing lobbyist ID: 062176892163-78
2025-11-02 11:50:24,533 - INFO - Processing lobbyist ID: 062178099192-30
2025-11-02 11:50:25,950 - INFO - Processing lobbyist ID: 062334253126-35
2025-11-02 11:50:27,184 - INFO - Processing lobbyist ID: 062342593080-11
2025-11-02 11:50:28,577 - INFO - Processing lobbyist ID: 062347351575-41
2025-11-02 11:50:29,970 - INFO - Processing lobbyist ID: 06248449380-53
2025-11-02 11:50:32,051 - INFO - Processing lobbyist ID: 062486024942-77
2025-11-02 11:50:33,534 - INFO - Processing lobbyist ID: 06250094777-73
2025-11-02 11:50:35,741 - INFO - Processing lobbyist ID: 0625087100426-95
2025-11-02 11:50:36,952 - INFO - Processing lobbyist ID: 062557939516-27
2025-11-02 11:50:38,318 - INFO - Processing lobbyist ID: 062568129866-61
2025-11-02 11:50:39,804 - INFO - Processing lobbyist ID: 062604893923-59
2025-11-02 11:50:41,027 - INFO - Processing lobbyist ID: 062661126926-78
2025-11-02 11:50:42,304 - INFO - Processing lobbyist ID: 062719947686-52
2025-11-02 11:50:43,549 - INFO - Processing lobbyist ID: 062743553069-57
2025-11-02 11:50:44,836 - INFO - Processing lobbyist ID: 062863197834-79
2025-11-02 11:50:46,159 - INFO - Processing lobbyist ID: 062895952326-07
2025-11-02 11:50:47,557 - INFO - Processing lobbyist ID: 0629177100025-66
2025-11-02 11:50:48,780 - INFO - Processing lobbyist ID: 063377615456-10
2025-11-02 11:50:50,024 - INFO - Processing lobbyist ID: 0633841538-63
2025-11-02 11:50:51,332 - INFO - Processing lobbyist ID: 063426644863-51
2025-11-02 11:50:52,835 - INFO - Processing lobbyist ID: 063432548669-40
2025-11-02 11:50:54,227 - INFO - Processing lobbyist ID: 063571949066-13
2025-11-02 11:50:55,481 - INFO - Processing lobbyist ID: 063579837711-91
2025-11-02 11:50:56,747 - INFO - Processing lobbyist ID: 063616592987-45
2025-11-02 11:50:58,045 - INFO - Processing lobbyist ID: 063678450752-51
2025-11-02 11:50:59,430 - INFO - Processing lobbyist ID: 063687428620-87
2025-11-02 11:51:00,694 - INFO - Processing lobbyist ID: 063760495957-03
2025-11-02 11:51:01,959 - INFO - Processing lobbyist ID: 063789047077-65
2025-11-02 11:51:03,300 - INFO - Processing lobbyist ID: 0637987100872-66
2025-11-02 11:51:04,594 - INFO - Processing lobbyist ID: 063886638002-22
2025-11-02 11:51:05,885 - INFO - Processing lobbyist ID: 063887939934-11
2025-11-02 11:51:07,167 - INFO - Processing lobbyist ID: 063946234853-60
2025-11-02 11:51:08,616 - INFO - Processing lobbyist ID: 063960043362-79
2025-11-02 11:51:09,989 - INFO - Processing lobbyist ID: 063992339263-19
2025-11-02 11:51:11,319 - INFO - Processing lobbyist ID: 064034733055-88
2025-11-02 11:51:13,897 - INFO - Processing lobbyist ID: 064161336056-08
2025-11-02 11:51:15,154 - INFO - Processing lobbyist ID: 064309946772-86
2025-11-02 11:51:16,381 - INFO - Processing lobbyist ID: 064358997096-43
2025-11-02 11:51:17,579 - INFO - Processing lobbyist ID: 06436048400-37
2025-11-02 11:51:18,898 - INFO - Processing lobbyist ID: 064379325038-09
2025-11-02 11:51:20,205 - INFO - Processing lobbyist ID: 064473227395-04
2025-11-02 11:51:21,567 - INFO - Processing lobbyist ID: 064596197393-22
2025-11-02 11:51:22,826 - INFO - Processing lobbyist ID: 064616126640-05
2025-11-02 11:51:25,742 - INFO - Processing lobbyist ID: 064790495341-15
2025-11-02 11:51:27,402 - INFO - Processing lobbyist ID: 064792712901-58
2025-11-02 11:51:28,650 - INFO - Processing lobbyist ID: 064910191830-58
2025-11-02 11:51:30,038 - INFO - Processing lobbyist ID: 064928934414-31
2025-11-02 11:51:31,344 - INFO - Processing lobbyist ID: 064936594983-45
2025-11-02 11:51:32,641 - INFO - Processing lobbyist ID: 0649790813-47
2025-11-02 11:51:45,681 - INFO - Processing lobbyist ID: 064989921145-33
2025-11-02 11:51:47,551 - INFO - Processing lobbyist ID: 065000398659-80
2025-11-02 11:51:48,854 - INFO - Processed 1100 lobbyists out of 16087. Pausing for 3 seconds to avoid server overload...
2025-11-02 11:51:51,866 - INFO - Processing lobbyist ID: 065030398505-89
2025-11-02 11:51:53,140 - INFO - Processing lobbyist ID: 065121550802-09
2025-11-02 11:51:54,473 - INFO - Processing lobbyist ID: 065162648302-69
2025-11-02 11:51:55,911 - INFO - Processing lobbyist ID: 065264248348-06
2025-11-02 11:51:57,205 - INFO - Processing lobbyist ID: 065273448871-68
2025-11-02 11:51:58,587 - INFO - Processing lobbyist ID: 065456717887-82
2025-11-02 11:51:59,888 - INFO - Processing lobbyist ID: 065465253058-33
2025-11-02 11:52:01,161 - INFO - Processing lobbyist ID: 0656184100387-31
2025-11-02 11:52:02,643 - INFO - Processing lobbyist ID: 065639949399-46
2025-11-02 11:52:03,989 - INFO - Processing lobbyist ID: 065896849182-50
2025-11-02 11:52:05,264 - INFO - Processing lobbyist ID: 066028495169-09
2025-11-02 11:52:06,502 - INFO - Processing lobbyist ID: 066035452247-67
2025-11-02 11:52:07,882 - INFO - Processing lobbyist ID: 066047295869-94
2025-11-02 11:52:09,263 - INFO - Processing lobbyist ID: 066114045418-01
2025-11-02 11:52:10,686 - INFO - Processing lobbyist ID: 066143721963-20
2025-11-02 11:52:12,247 - INFO - Processing lobbyist ID: 066146247199-67
2025-11-02 11:52:13,493 - INFO - Processing lobbyist ID: 066314042392-60
2025-11-02 11:52:14,730 - INFO - Processing lobbyist ID: 066421848242-44
2025-11-02 11:52:16,269 - INFO - Processing lobbyist ID: 066549432608-52
2025-11-02 11:52:17,521 - INFO - Processing lobbyist ID: 066665253038-31
2025-11-02 11:52:18,856 - INFO - Processing lobbyist ID: 066806912065-67
2025-11-02 11:52:20,189 - INFO - Processing lobbyist ID: 06698681039-26
2025-11-02 11:52:32,973 - INFO - Processing lobbyist ID: 0670707100527-97
2025-11-02 11:52:34,327 - INFO - Processing lobbyist ID: 067117599061-15
2025-11-02 11:52:35,719 - INFO - Processing lobbyist ID: 067117795544-64
2025-11-02 11:52:37,079 - INFO - Processing lobbyist ID: 067223231522-58
2025-11-02 11:52:38,607 - INFO - Processing lobbyist ID: 0672447100511-57
2025-11-02 11:52:39,869 - INFO - Processing lobbyist ID: 067406813343-59
2025-11-02 11:52:41,135 - INFO - Processing lobbyist ID: 067438810848-61
2025-11-02 11:52:42,738 - INFO - Processing lobbyist ID: 067539346753-57
2025-11-02 11:52:44,343 - INFO - Processing lobbyist ID: 0675797100371-01
2025-11-02 11:52:45,655 - INFO - Processing lobbyist ID: 067689818073-54
2025-11-02 11:52:46,858 - INFO - Processing lobbyist ID: 067902995679-27
2025-11-02 11:52:48,161 - INFO - Processing lobbyist ID: 06798511314-27
2025-11-02 11:53:00,220 - INFO - Processing lobbyist ID: 067996639979-91
2025-11-02 11:53:01,674 - INFO - Processing lobbyist ID: 068012598758-15
2025-11-02 11:53:02,868 - INFO - Processing lobbyist ID: 068028792284-23
2025-11-02 11:53:04,627 - INFO - Processing lobbyist ID: 068030492265-77
2025-11-02 11:53:05,908 - INFO - Processing lobbyist ID: 068100722742-39
2025-11-02 11:53:07,417 - INFO - Processing lobbyist ID: 068175396502-01
2025-11-02 11:53:08,717 - INFO - Processing lobbyist ID: 06818218065-85
2025-11-02 11:53:10,828 - INFO - Processing lobbyist ID: 068236841302-08
2025-11-02 11:53:12,085 - INFO - Processing lobbyist ID: 068354541533-02
2025-11-02 11:53:13,472 - INFO - Processing lobbyist ID: 068398598183-84
2025-11-02 11:53:15,080 - INFO - Processing lobbyist ID: 068428953130-76
2025-11-02 11:53:16,340 - INFO - Processing lobbyist ID: 068431739578-25
2025-11-02 11:53:17,803 - INFO - Processing lobbyist ID: 068521543634-79
2025-11-02 11:53:19,307 - INFO - Processing lobbyist ID: 068575099908-81
2025-11-02 11:53:20,612 - INFO - Processing lobbyist ID: 068612444228-20
2025-11-02 11:53:21,845 - INFO - Processing lobbyist ID: 068639936503-04
2025-11-02 11:53:23,110 - INFO - Processing lobbyist ID: 06869148182-50
2025-11-02 11:53:25,633 - INFO - Processing lobbyist ID: 068793895042-96
2025-11-02 11:53:26,911 - INFO - Processing lobbyist ID: 068803391785-07
2025-11-02 11:53:28,297 - INFO - Processing lobbyist ID: 068828299320-77
2025-11-02 11:53:29,504 - INFO - Processing lobbyist ID: 068878321241-43
2025-11-02 11:53:31,247 - INFO - Processing lobbyist ID: 068890821527-53
2025-11-02 11:53:32,628 - INFO - Processing lobbyist ID: 068892899589-88
2025-11-02 11:53:33,933 - INFO - Processing lobbyist ID: 068896294182-87
2025-11-02 11:53:35,319 - INFO - Processing lobbyist ID: 068965843827-29
2025-11-02 11:53:36,852 - INFO - Processing lobbyist ID: 069040353035-20
2025-11-02 11:53:38,104 - INFO - Processing lobbyist ID: 069250127054-82
2025-11-02 11:53:39,496 - INFO - Processing lobbyist ID: 069346099337-03
2025-11-02 11:53:40,704 - INFO - Processing lobbyist ID: 069365444306-89
2025-11-02 11:53:42,168 - INFO - Processing lobbyist ID: 069443932083-28
2025-11-02 11:53:43,449 - INFO - Processing lobbyist ID: 0694460100926-55
2025-11-02 11:53:44,683 - INFO - Processing lobbyist ID: 069449920691-52
2025-11-02 11:53:46,262 - INFO - Processing lobbyist ID: 069462752648-22
2025-11-02 11:53:47,533 - INFO - Processing lobbyist ID: 069810551569-10
2025-11-02 11:53:48,740 - INFO - Processing lobbyist ID: 069872498414-01
2025-11-02 11:53:49,972 - INFO - Processing lobbyist ID: 069910339313-06
2025-11-02 11:53:51,506 - INFO - Processing lobbyist ID: 069911599843-70
2025-11-02 11:53:52,710 - INFO - Processing lobbyist ID: 069926525931-96
2025-11-02 11:53:53,924 - INFO - Processing lobbyist ID: 069944637849-40
2025-11-02 11:53:55,233 - INFO - Processing lobbyist ID: 069990195444-39
2025-11-02 11:53:56,480 - INFO - Processing lobbyist ID: 070131099943-63
2025-11-02 11:53:57,897 - INFO - Processing lobbyist ID: 0702591100471-12
2025-11-02 11:53:59,369 - INFO - Processing lobbyist ID: 070276299888-51
2025-11-02 11:54:00,606 - INFO - Processing lobbyist ID: 070316598973-79
2025-11-02 11:54:01,982 - INFO - Processing lobbyist ID: 070357813063-97
2025-11-02 11:54:03,300 - INFO - Processing lobbyist ID: 070432295344-08
2025-11-02 11:54:04,528 - INFO - Processing lobbyist ID: 070444714545-60
2025-11-02 11:54:05,796 - INFO - Processing lobbyist ID: 070555092924-97
2025-11-02 11:54:07,082 - INFO - Processing lobbyist ID: 07055806769-32
2025-11-02 11:54:08,820 - INFO - Processing lobbyist ID: 070638512780-81
2025-11-02 11:54:11,053 - INFO - Processing lobbyist ID: 070646398209-49
2025-11-02 11:54:12,375 - INFO - Processing lobbyist ID: 070652642912-86
2025-11-02 11:54:13,811 - INFO - Processing lobbyist ID: 070655042395-53
2025-11-02 11:54:15,197 - INFO - Processing lobbyist ID: 070666441096-14
2025-11-02 11:54:16,473 - INFO - Processing lobbyist ID: 070762412733-39
2025-11-02 11:54:17,770 - INFO - Processing lobbyist ID: 070830052107-62
2025-11-02 11:54:19,042 - INFO - Processing lobbyist ID: 070846748781-26
2025-11-02 11:54:20,347 - INFO - Processing lobbyist ID: 070964338618-73
2025-11-02 11:54:21,639 - INFO - Processing lobbyist ID: 070972894723-87
2025-11-02 11:54:22,931 - INFO - Processing lobbyist ID: 071008240552-65
2025-11-02 11:54:24,679 - INFO - Processing lobbyist ID: 071038232378-12
2025-11-02 11:54:25,976 - INFO - Processing lobbyist ID: 071072495830-54
2025-11-02 11:54:27,437 - INFO - Processing lobbyist ID: 071146092686-36
2025-11-02 11:54:28,729 - INFO - Processing lobbyist ID: 0711626572-26
2025-11-02 11:54:32,171 - INFO - Processing lobbyist ID: 071191797741-52
2025-11-02 11:54:33,509 - INFO - Processing lobbyist ID: 071230647405-02
2025-11-02 11:54:35,071 - INFO - Processed 1200 lobbyists out of 16087. Pausing for 3 seconds to avoid server overload...
2025-11-02 11:54:38,083 - INFO - Processing lobbyist ID: 071433849004-65
2025-11-02 11:54:39,438 - INFO - Processing lobbyist ID: 0714344663-32
2025-11-02 11:54:43,571 - INFO - Processing lobbyist ID: 071436850741-73
2025-11-02 11:54:44,836 - INFO - Processing lobbyist ID: 0714727100827-77
2025-11-02 11:54:46,103 - INFO - Processing lobbyist ID: 071476117686-50
2025-11-02 11:54:47,535 - INFO - Processing lobbyist ID: 071570496834-13
2025-11-02 11:54:48,859 - INFO - Processing lobbyist ID: 0716905101053-34
2025-11-02 11:54:50,174 - INFO - Processing lobbyist ID: 071765918148-46
2025-11-02 11:54:51,433 - INFO - Processing lobbyist ID: 071771920040-91
2025-11-02 11:54:53,151 - INFO - Processing lobbyist ID: 0718253101127-39
2025-11-02 11:54:54,536 - INFO - Processing lobbyist ID: 072000848609-30
2025-11-02 11:54:55,848 - INFO - Processing lobbyist ID: 07203323308-65
2025-11-02 11:54:57,483 - INFO - Processing lobbyist ID: 072079099601-87
2025-11-02 11:54:58,778 - INFO - Processing lobbyist ID: 072101849936-17
2025-11-02 11:54:59,992 - INFO - Processing lobbyist ID: 072111227233-08
2025-11-02 11:55:01,509 - INFO - Processing lobbyist ID: 07211478950-95
2025-11-02 11:55:02,721 - INFO - Processing lobbyist ID: 072341446282-97
2025-11-02 11:55:03,983 - INFO - Processing lobbyist ID: 07234236863-59
2025-11-02 11:55:05,473 - INFO - Processing lobbyist ID: 072380152248-17
2025-11-02 11:55:06,800 - INFO - Processing lobbyist ID: 072648396332-23
2025-11-02 11:55:08,087 - INFO - Processing lobbyist ID: 072649026562-94
2025-11-02 11:55:09,282 - INFO - Processing lobbyist ID: 072671699115-53
2025-11-02 11:55:10,579 - INFO - Processing lobbyist ID: 072692941225-13
2025-11-02 11:55:11,840 - INFO - Processing lobbyist ID: 072701049484-27
2025-11-02 11:55:13,119 - INFO - Processing lobbyist ID: 072764049566-85
2025-11-02 11:55:14,383 - INFO - Processing lobbyist ID: 072774045378-70
2025-11-02 11:55:15,752 - INFO - Processing lobbyist ID: 072996648531-47
2025-11-02 11:55:17,017 - INFO - Processing lobbyist ID: 073065435191-02
2025-11-02 11:55:18,525 - INFO - Processing lobbyist ID: 073081941259-09
2025-11-02 11:55:19,927 - INFO - Processing lobbyist ID: 073113537074-85
2025-11-02 11:55:21,532 - INFO - Processing lobbyist ID: 073127814104-19
2025-11-02 11:55:23,755 - INFO - Processing lobbyist ID: 073159850117-64
2025-11-02 11:55:25,120 - INFO - Processing lobbyist ID: 073160751791-49
2025-11-02 11:55:26,491 - INFO - Processing lobbyist ID: 073252247105-13
2025-11-02 11:55:27,808 - INFO - Processing lobbyist ID: 073267447671-87
2025-11-02 11:55:29,159 - INFO - Processing lobbyist ID: 073568451576-12
2025-11-02 11:55:30,485 - INFO - Processing lobbyist ID: 073609715164-10
2025-11-02 11:55:32,183 - INFO - Processing lobbyist ID: 073617950670-76
2025-11-02 11:55:33,582 - INFO - Processing lobbyist ID: 073702499309-23
2025-11-02 11:55:34,870 - INFO - Processing lobbyist ID: 073782448244-79
2025-11-02 11:55:36,829 - INFO - Processing lobbyist ID: 073833319732-61
2025-11-02 11:55:38,191 - INFO - Processing lobbyist ID: 073919148838-41
2025-11-02 11:55:39,554 - INFO - Processing lobbyist ID: 0739660100422-92
2025-11-02 11:55:40,903 - INFO - Processing lobbyist ID: 074025298961-56
2025-11-02 11:55:42,230 - INFO - Processing lobbyist ID: 074104299048-35
2025-11-02 11:55:43,699 - INFO - Processing lobbyist ID: 07410725016-32
2025-11-02 11:55:45,039 - INFO - Processing lobbyist ID: 074316492069-55
2025-11-02 11:55:46,516 - INFO - Processing lobbyist ID: 074368795181-21
2025-11-02 11:55:47,787 - INFO - Processing lobbyist ID: 07442991338-05
2025-11-02 11:55:50,220 - INFO - Processing lobbyist ID: 074433697256-80
2025-11-02 11:55:51,583 - INFO - Processing lobbyist ID: 074512652514-69
2025-11-02 11:55:52,841 - INFO - Processing lobbyist ID: 074543250490-48
2025-11-02 11:55:54,160 - INFO - Processing lobbyist ID: 0745650927-75
2025-11-02 11:55:59,094 - INFO - Processing lobbyist ID: 074578834859-39
2025-11-02 11:56:00,441 - INFO - Processing lobbyist ID: 074599750761-59
2025-11-02 11:56:01,704 - INFO - Processing lobbyist ID: 074704552447-24
2025-11-02 11:56:03,047 - INFO - Processing lobbyist ID: 074765749882-39
2025-11-02 11:56:04,308 - INFO - Processing lobbyist ID: 074807745456-72
2025-11-02 11:56:05,795 - INFO - Processing lobbyist ID: 07483302972-25
2025-11-02 11:56:07,589 - INFO - Processing lobbyist ID: 074940491552-16
2025-11-02 11:56:09,119 - INFO - Processing lobbyist ID: 075062722939-38
2025-11-02 11:56:10,455 - INFO - Processing lobbyist ID: 075071719925-75
2025-11-02 11:56:12,826 - INFO - Processing lobbyist ID: 075111834727-39
2025-11-02 11:56:14,111 - INFO - Processing lobbyist ID: 075279899013-67
2025-11-02 11:56:15,516 - INFO - Processing lobbyist ID: 075338033206-83
2025-11-02 11:56:16,780 - INFO - Processing lobbyist ID: 075363849445-70
2025-11-02 11:56:18,138 - INFO - Processing lobbyist ID: 075395398406-69
2025-11-02 11:56:19,548 - INFO - Processing lobbyist ID: 075545838214-04
2025-11-02 11:56:20,803 - INFO - Processing lobbyist ID: 075577725582-66
2025-11-02 11:56:22,057 - INFO - Processing lobbyist ID: 07558879697-95
2025-11-02 11:56:23,525 - INFO - Processing lobbyist ID: 0757172464-29
2025-11-02 11:56:26,349 - INFO - Processing lobbyist ID: 075739725044-18
2025-11-02 11:56:27,772 - INFO - Processing lobbyist ID: 075748850955-24
2025-11-02 11:56:29,198 - INFO - Processing lobbyist ID: 07595112423-87
2025-11-02 11:56:32,318 - INFO - Processing lobbyist ID: 076087699850-96
2025-11-02 11:56:33,582 - INFO - Processing lobbyist ID: 0762064100446-89
2025-11-02 11:56:34,939 - INFO - Processing lobbyist ID: 076259191981-20
2025-11-02 11:56:36,200 - INFO - Processing lobbyist ID: 0764199368-97
2025-11-02 11:56:41,989 - INFO - Processing lobbyist ID: 076448128904-35
2025-11-02 11:56:43,397 - INFO - Processing lobbyist ID: 076496699490-15
2025-11-02 11:56:44,681 - INFO - Processing lobbyist ID: 076514994664-05
2025-11-02 11:56:45,900 - INFO - Processing lobbyist ID: 07655452075-36
2025-11-02 11:56:47,226 - INFO - Processing lobbyist ID: 07658399914-37
2025-11-02 11:56:48,532 - INFO - Processing lobbyist ID: 076619352960-83
2025-11-02 11:56:50,553 - INFO - Processing lobbyist ID: 076722151810-61
2025-11-02 11:56:52,115 - INFO - Processing lobbyist ID: 0767788931-41
2025-11-02 11:56:54,886 - INFO - Processing lobbyist ID: 07682415745-25
2025-11-02 11:56:56,861 - INFO - Processing lobbyist ID: 076840428950-39
2025-11-02 11:56:58,244 - INFO - Processing lobbyist ID: 07691616536-09
2025-11-02 11:57:00,548 - INFO - Processing lobbyist ID: 076972531251-54
2025-11-02 11:57:01,736 - INFO - Processing lobbyist ID: 076979218638-77
2025-11-02 11:57:03,122 - INFO - Processing lobbyist ID: 076987248950-74
2025-11-02 11:57:04,283 - INFO - Processing lobbyist ID: 077073622852-05
2025-11-02 11:57:05,445 - INFO - Processing lobbyist ID: 0771089101042-75
2025-11-02 11:57:06,590 - INFO - Processing lobbyist ID: 077142018281-86
2025-11-02 11:57:08,863 - INFO - Processing lobbyist ID: 07720398190-53
2025-11-02 11:57:11,171 - INFO - Processing lobbyist ID: 077220432108-21
2025-11-02 11:57:12,320 - INFO - Processing lobbyist ID: 077243120460-16
2025-11-02 11:57:13,922 - INFO - Processing lobbyist ID: 077271193585-62
2025-11-02 11:57:15,180 - INFO - Processing lobbyist ID: 077403094871-93
2025-11-02 11:57:16,362 - INFO - Processed 1300 lobbyists out of 16087. Pausing for 3 seconds to avoid server overload...
2025-11-02 11:57:19,375 - INFO - Processing lobbyist ID: 077570496864-10
2025-11-02 11:57:20,858 - INFO - Processing lobbyist ID: 077685495182-90
2025-11-02 11:57:22,210 - INFO - Processing lobbyist ID: 077706416598-79
2025-11-02 11:57:23,743 - INFO - Processing lobbyist ID: 07783117686-61
2025-11-02 11:57:29,711 - INFO - Processing lobbyist ID: 077884798862-14
2025-11-02 11:57:30,913 - INFO - Processing lobbyist ID: 078091048886-07
2025-11-02 11:57:32,091 - INFO - Processing lobbyist ID: 07813897843-74
2025-11-02 11:57:33,471 - INFO - Processing lobbyist ID: 078205845652-05
2025-11-02 11:57:34,832 - INFO - Processing lobbyist ID: 078270512631-90
2025-11-02 11:57:36,143 - INFO - Processing lobbyist ID: 078288623583-56
2025-11-02 11:57:37,401 - INFO - Processing lobbyist ID: 078294941111-90
2025-11-02 11:57:40,190 - INFO - Processing lobbyist ID: 078325451916-51
2025-11-02 11:57:41,392 - INFO - Processing lobbyist ID: 078648197807-10
2025-11-02 11:57:42,567 - INFO - Processing lobbyist ID: 078655018381-34
2025-11-02 11:57:46,115 - INFO - Processing lobbyist ID: 078673298523-42
2025-11-02 11:57:47,272 - INFO - Processing lobbyist ID: 07872017103-70
2025-11-02 11:57:48,939 - INFO - Processing lobbyist ID: 07875727774-09
2025-11-02 11:57:50,819 - INFO - Processing lobbyist ID: 078783114207-72
2025-11-02 11:57:52,034 - INFO - Processing lobbyist ID: 078796523376-92
2025-11-02 11:57:53,276 - INFO - Processing lobbyist ID: 078801291835-71
2025-11-02 11:57:54,492 - INFO - Processing lobbyist ID: 078806751635-27
2025-11-02 11:57:55,919 - INFO - Processing lobbyist ID: 078884499866-34
2025-11-02 11:57:57,112 - INFO - Processing lobbyist ID: 078990535458-01
2025-11-02 11:57:58,306 - INFO - Processing lobbyist ID: 079033650516-24
2025-11-02 11:57:59,445 - INFO - Processing lobbyist ID: 0790523100489-84
2025-11-02 11:58:00,796 - INFO - Processing lobbyist ID: 079114149499-07
2025-11-02 11:58:02,033 - INFO - Processing lobbyist ID: 0792728100528-44
2025-11-02 11:58:03,237 - INFO - Processing lobbyist ID: 0792943100402-57
2025-11-02 11:58:04,807 - INFO - Processing lobbyist ID: 079505696303-39
2025-11-02 11:58:06,036 - INFO - Processing lobbyist ID: 079643547457-06
2025-11-02 11:58:07,623 - INFO - Processing lobbyist ID: 079762096213-29
2025-11-02 11:58:08,872 - INFO - Processing lobbyist ID: 079933494471-41
2025-11-02 11:58:10,108 - INFO - Processing lobbyist ID: 080017739032-61
2025-11-02 11:58:11,426 - INFO - Processing lobbyist ID: 0800192100324-67
2025-11-02 11:58:12,676 - INFO - Processing lobbyist ID: 0800745100256-12
2025-11-02 11:58:13,958 - INFO - Processing lobbyist ID: 0801162959-21
2025-11-02 11:58:26,869 - INFO - Processing lobbyist ID: 080144398610-23
2025-11-02 11:58:28,118 - INFO - Processing lobbyist ID: 0801685100326-19
2025-11-02 11:58:29,286 - INFO - Processing lobbyist ID: 080243299254-55
2025-11-02 11:58:30,608 - INFO - Processing lobbyist ID: 080289996286-79
2025-11-02 11:58:31,758 - INFO - Processing lobbyist ID: 080362721653-38
2025-11-02 11:58:33,131 - INFO - Processing lobbyist ID: 0803800100381-97
2025-11-02 11:58:34,357 - INFO - Processing lobbyist ID: 0803948101037-10
2025-11-02 11:58:35,579 - INFO - Processing lobbyist ID: 0804666277-93
2025-11-02 11:58:36,905 - INFO - Processing lobbyist ID: 080551814378-33
2025-11-02 11:58:38,360 - INFO - Processing lobbyist ID: 080682238686-06
2025-11-02 11:58:39,998 - INFO - Processing lobbyist ID: 080779997232-44
2025-11-02 11:58:41,205 - INFO - Processing lobbyist ID: 08081723563-19
2025-11-02 11:58:42,548 - INFO - Processing lobbyist ID: 080853047541-71
2025-11-02 11:58:43,804 - INFO - Processing lobbyist ID: 080914492903-66
2025-11-02 11:58:45,110 - INFO - Processing lobbyist ID: 081018746995-58
2025-11-02 11:58:46,739 - INFO - Processing lobbyist ID: 08122337648-18
2025-11-02 11:58:48,224 - INFO - Processing lobbyist ID: 081236552906-77
2025-11-02 11:58:49,487 - INFO - Processing lobbyist ID: 081261599867-88
2025-11-02 11:58:50,925 - INFO - Processing lobbyist ID: 081276535603-42
2025-11-02 11:58:52,398 - INFO - Processing lobbyist ID: 081282651155-52
2025-11-02 11:58:53,794 - INFO - Processing lobbyist ID: 0813138100991-18
2025-11-02 11:58:54,997 - INFO - Processing lobbyist ID: 081383691814-72
2025-11-02 11:58:56,262 - INFO - Processing lobbyist ID: 0816029101104-48
2025-11-02 11:58:57,834 - INFO - Processing lobbyist ID: 081665499547-33
2025-11-02 11:58:59,090 - INFO - Processing lobbyist ID: 08171556938-65
2025-11-02 11:59:00,526 - INFO - Processing lobbyist ID: 081716245099-16
2025-11-02 11:59:01,906 - INFO - Processing lobbyist ID: 081893894295-74
2025-11-02 11:59:03,110 - INFO - Processing lobbyist ID: 081937720394-21
2025-11-02 11:59:04,441 - INFO - Processing lobbyist ID: 082054899890-51
2025-11-02 11:59:05,777 - INFO - Processing lobbyist ID: 082110150219-54
2025-11-02 11:59:07,068 - INFO - Processing lobbyist ID: 082119050457-22
2025-11-02 11:59:08,482 - INFO - Processing lobbyist ID: 08215638217-13
2025-11-02 11:59:10,031 - INFO - Processing lobbyist ID: 082285547285-02
2025-11-02 11:59:11,403 - INFO - Processing lobbyist ID: 082362794174-81
2025-11-02 11:59:12,624 - INFO - Processing lobbyist ID: 082382424174-97
2025-11-02 11:59:14,097 - INFO - Processing lobbyist ID: 082401251351-82
2025-11-02 11:59:15,314 - INFO - Processing lobbyist ID: 082486192287-58
2025-11-02 11:59:16,785 - INFO - Processing lobbyist ID: 082538396636-18
2025-11-02 11:59:18,112 - INFO - Processing lobbyist ID: 082541094868-12
2025-11-02 11:59:19,435 - INFO - Processing lobbyist ID: 082690649605-19
2025-11-02 11:59:20,730 - INFO - Processing lobbyist ID: 082698126468-52
2025-11-02 11:59:22,458 - INFO - Processing lobbyist ID: 082738896688-07
2025-11-02 11:59:23,764 - INFO - Processing lobbyist ID: 082774214711-83
2025-11-02 11:59:25,188 - INFO - Processing lobbyist ID: 082799927198-85
2025-11-02 11:59:26,754 - INFO - Processing lobbyist ID: 082802799109-93
2025-11-02 11:59:28,106 - INFO - Processing lobbyist ID: 082908398365-63
2025-11-02 11:59:29,306 - INFO - Processing lobbyist ID: 082978347295-79
2025-11-02 11:59:30,940 - INFO - Processing lobbyist ID: 083146048556-68
2025-11-02 11:59:32,377 - INFO - Processing lobbyist ID: 083174195545-84
2025-11-02 11:59:33,746 - INFO - Processing lobbyist ID: 083197999686-56
2025-11-02 11:59:35,034 - INFO - Processing lobbyist ID: 083231692382-12
2025-11-02 11:59:36,167 - INFO - Processing lobbyist ID: 083308125409-83
2025-11-02 11:59:37,321 - INFO - Processing lobbyist ID: 083354922629-46
2025-11-02 11:59:38,688 - INFO - Processing lobbyist ID: 0834171101088-31
2025-11-02 11:59:39,921 - INFO - Processing lobbyist ID: 083671317381-09
2025-11-02 11:59:42,652 - INFO - Processing lobbyist ID: 083826831849-73
2025-11-02 11:59:43,853 - INFO - Processing lobbyist ID: 083873210873-22
2025-11-02 11:59:45,074 - INFO - Processing lobbyist ID: 084013498147-49
2025-11-02 11:59:46,288 - INFO - Processing lobbyist ID: 084074023191-66
2025-11-02 11:59:47,592 - INFO - Processing lobbyist ID: 08421509356-44
2025-11-02 11:59:49,078 - INFO - Processing lobbyist ID: 084357299221-08
2025-11-02 11:59:50,289 - INFO - Processing lobbyist ID: 084438852662-29
2025-11-02 11:59:51,545 - INFO - Processing lobbyist ID: 084497913019-90
2025-11-02 11:59:52,749 - INFO - Processing lobbyist ID: 0845974100834-91
2025-11-02 11:59:53,903 - INFO - Processed 1400 lobbyists out of 16087. Pausing for 3 seconds to avoid server overload...
2025-11-02 11:59:56,916 - INFO - Processing lobbyist ID: 084670720162-57
2025-11-02 11:59:58,176 - INFO - Processing lobbyist ID: 084720910792-05
2025-11-02 11:59:59,416 - INFO - Processing lobbyist ID: 084767233901-57
2025-11-02 12:00:00,807 - INFO - Processing lobbyist ID: 08478999298-42
2025-11-02 12:00:02,242 - INFO - Processing lobbyist ID: 084971650245-03
2025-11-02 12:00:03,441 - INFO - Processing lobbyist ID: 085009791829-28
2025-11-02 12:00:04,603 - INFO - Processing lobbyist ID: 0850189100924-97
2025-11-02 12:00:05,755 - INFO - Processing lobbyist ID: 085021847277-48
2025-11-02 12:00:06,933 - INFO - Processing lobbyist ID: 085057391751-17
2025-11-02 12:00:08,146 - INFO - Processing lobbyist ID: 08506057684-79
2025-11-02 12:00:09,581 - INFO - Processing lobbyist ID: 0851105100906-04
2025-11-02 12:00:10,748 - INFO - Processing lobbyist ID: 085119341292-15
2025-11-02 12:00:12,088 - INFO - Processing lobbyist ID: 085121325423-90
2025-11-02 12:00:13,232 - INFO - Processing lobbyist ID: 085126493427-14
2025-11-02 12:00:14,556 - INFO - Processing lobbyist ID: 085278232383-31
2025-11-02 12:00:16,004 - INFO - Processing lobbyist ID: 0852988100989-55
2025-11-02 12:00:17,197 - INFO - Processing lobbyist ID: 085354646082-32
2025-11-02 12:00:18,549 - INFO - Processing lobbyist ID: 085456637310-10
2025-11-02 12:00:19,993 - INFO - Processing lobbyist ID: 085518020559-10
2025-11-02 12:00:21,217 - INFO - Processing lobbyist ID: 085686030231-69
2025-11-02 12:00:23,172 - INFO - Processing lobbyist ID: 08569166274-90
2025-11-02 12:00:25,620 - INFO - Processing lobbyist ID: 085762945320-05
2025-11-02 12:00:26,901 - INFO - Processing lobbyist ID: 085863899913-33
2025-11-02 12:00:28,071 - INFO - Processing lobbyist ID: 08618215943-22
2025-11-02 12:00:29,983 - INFO - Processing lobbyist ID: 0862930100917-02
2025-11-02 12:00:31,295 - INFO - Processing lobbyist ID: 086387026863-41
2025-11-02 12:00:32,553 - INFO - Processing lobbyist ID: 086398899308-62
2025-11-02 12:00:33,777 - INFO - Processing lobbyist ID: 086496150771-49
2025-11-02 12:00:34,916 - INFO - Processing lobbyist ID: 086648916736-69
2025-11-02 12:00:36,210 - INFO - Processing lobbyist ID: 086841820492-53
2025-11-02 12:00:37,317 - INFO - Processing lobbyist ID: 086894649381-50
2025-11-02 12:00:38,811 - INFO - Processing lobbyist ID: 087048499047-80
2025-11-02 12:00:39,982 - INFO - Processing lobbyist ID: 087227899209-30
2025-11-02 12:00:41,143 - INFO - Processing lobbyist ID: 087243899174-56
2025-11-02 12:00:42,322 - INFO - Processing lobbyist ID: 087335641752-08
2025-11-02 12:00:43,554 - INFO - Processing lobbyist ID: 087418193041-10
2025-11-02 12:00:44,698 - INFO - Processing lobbyist ID: 08746491502-16
2025-11-02 12:00:47,266 - INFO - Processing lobbyist ID: 087491823935-36
2025-11-02 12:00:48,444 - INFO - Processing lobbyist ID: 087556034207-96
2025-11-02 12:00:49,590 - INFO - Processing lobbyist ID: 087622538798-35
2025-11-02 12:00:50,808 - INFO - Processing lobbyist ID: 087665098915-63
2025-11-02 12:00:52,021 - INFO - Processing lobbyist ID: 087725299175-54
2025-11-02 12:00:53,318 - INFO - Processing lobbyist ID: 087789829585-92
2025-11-02 12:00:54,851 - INFO - Processing lobbyist ID: 0878397912-17
2025-11-02 12:00:57,195 - INFO - Processing lobbyist ID: 087878521112-45
2025-11-02 12:00:58,547 - INFO - Processing lobbyist ID: 087908599944-42
2025-11-02 12:00:59,825 - INFO - Processing lobbyist ID: 087989949980-15
2025-11-02 12:01:01,117 - INFO - Processing lobbyist ID: 088147594913-76
2025-11-02 12:01:02,309 - INFO - Processing lobbyist ID: 088322299790-26
2025-11-02 12:01:03,572 - INFO - Processing lobbyist ID: 088418943346-26
2025-11-02 12:01:04,767 - INFO - Processing lobbyist ID: 088467852166-76
2025-11-02 12:01:05,992 - INFO - Processing lobbyist ID: 088471452892-64
2025-11-02 12:01:07,163 - INFO - Processing lobbyist ID: 088499612944-62
2025-11-02 12:01:08,554 - INFO - Processing lobbyist ID: 088667934874-58
2025-11-02 12:01:09,781 - INFO - Processing lobbyist ID: 088684218490-40
2025-11-02 12:01:11,005 - INFO - Processing lobbyist ID: 088750697593-27
2025-11-02 12:01:12,649 - INFO - Processing lobbyist ID: 088779742712-27
2025-11-02 12:01:13,964 - INFO - Processing lobbyist ID: 088905531785-87
2025-11-02 12:01:15,626 - INFO - Processing lobbyist ID: 0890306100810-94
2025-11-02 12:01:16,800 - INFO - Processing lobbyist ID: 089094736127-14
2025-11-02 12:01:17,974 - INFO - Processing lobbyist ID: 089099737489-51
2025-11-02 12:01:19,282 - INFO - Processing lobbyist ID: 089123147863-84
2025-11-02 12:01:20,495 - INFO - Processing lobbyist ID: 089154834713-90
2025-11-02 12:01:21,783 - INFO - Processing lobbyist ID: 089160837602-41
2025-11-02 12:01:23,258 - INFO - Processing lobbyist ID: 089167355-44
2025-11-02 12:01:24,763 - INFO - Processing lobbyist ID: 089224396845-65
2025-11-02 12:01:26,378 - INFO - Processing lobbyist ID: 089233137623-63
2025-11-02 12:01:27,691 - INFO - Processing lobbyist ID: 089248052728-95
2025-11-02 12:01:28,848 - INFO - Processing lobbyist ID: 089249030698-86
2025-11-02 12:01:30,178 - INFO - Processing lobbyist ID: 089265848424-28
2025-11-02 12:01:31,366 - INFO - Processing lobbyist ID: 089344547157-08
2025-11-02 12:01:32,640 - INFO - Processing lobbyist ID: 0893446630-97
2025-11-02 12:01:34,004 - INFO - Processing lobbyist ID: 089389550708-31
2025-11-02 12:01:35,243 - INFO - Processing lobbyist ID: 089396732826-79
2025-11-02 12:01:36,557 - INFO - Processing lobbyist ID: 089422091650-23
2025-11-02 12:01:37,771 - INFO - Processing lobbyist ID: 089490197723-56
2025-11-02 12:01:38,940 - INFO - Processing lobbyist ID: 08955462188-48
2025-11-02 12:01:40,318 - INFO - Processing lobbyist ID: 08957111909-85
2025-11-02 12:01:45,862 - INFO - Processing lobbyist ID: 089588448329-95
2025-11-02 12:01:47,252 - INFO - Processing lobbyist ID: 0896037100217-18
2025-11-02 12:01:48,549 - INFO - Processing lobbyist ID: 089605496045-33
2025-11-02 12:01:49,752 - INFO - Processing lobbyist ID: 089630498872-08
2025-11-02 12:01:51,004 - INFO - Processing lobbyist ID: 089769923883-95
2025-11-02 12:01:52,331 - INFO - Processing lobbyist ID: 090204232701-68
2025-11-02 12:01:53,695 - INFO - Processing lobbyist ID: 090276247302-31
2025-11-02 12:01:55,266 - INFO - Processing lobbyist ID: 09031268653-69
2025-11-02 12:01:56,974 - INFO - Processing lobbyist ID: 090350412968-04
2025-11-02 12:02:01,383 - INFO - Processing lobbyist ID: 090384196690-57
2025-11-02 12:02:02,685 - INFO - Processing lobbyist ID: 0906194100997-55
2025-11-02 12:02:03,930 - INFO - Processing lobbyist ID: 090733392865-65
2025-11-02 12:02:05,450 - INFO - Processing lobbyist ID: 090799795989-92
2025-11-02 12:02:06,770 - INFO - Processing lobbyist ID: 090804049414-19
2025-11-02 12:02:08,181 - INFO - Processing lobbyist ID: 090833853205-36
2025-11-02 12:02:09,604 - INFO - Processing lobbyist ID: 090839236619-48
2025-11-02 12:02:11,075 - INFO - Processing lobbyist ID: 091113119300-35
2025-11-02 12:02:12,480 - INFO - Processing lobbyist ID: 091301492369-85
2025-11-02 12:02:13,829 - INFO - Processing lobbyist ID: 091307033426-21
2025-11-02 12:02:15,155 - INFO - Processing lobbyist ID: 091366851829-81
2025-11-02 12:02:16,630 - INFO - Processing lobbyist ID: 09136982496-09
2025-11-02 12:02:19,306 - INFO - Processing lobbyist ID: 091467638264-10
2025-11-02 12:02:20,656 - INFO - Processed 1500 lobbyists out of 16087. Pausing for 3 seconds to avoid server overload...
2025-11-02 12:02:23,664 - INFO - Processing lobbyist ID: 091503991617-09
2025-11-02 12:02:24,959 - INFO - Processing lobbyist ID: 091503992261-48
2025-11-02 12:02:26,590 - INFO - Processing lobbyist ID: 091525114461-22
2025-11-02 12:02:27,888 - INFO - Processing lobbyist ID: 091578097296-40
2025-11-02 12:02:29,420 - INFO - Processing lobbyist ID: 091799410661-53
2025-11-02 12:02:30,881 - INFO - Processing lobbyist ID: 091800197040-20
2025-11-02 12:02:32,844 - INFO - Processing lobbyist ID: 091867497702-06
2025-11-02 12:02:34,189 - INFO - Processing lobbyist ID: 091962135988-82
2025-11-02 12:02:35,716 - INFO - Processing lobbyist ID: 091981197781-15
2025-11-02 12:02:36,994 - INFO - Processing lobbyist ID: 091989498841-30
2025-11-02 12:02:38,232 - INFO - Processing lobbyist ID: 091997298221-35
2025-11-02 12:02:39,494 - INFO - Processing lobbyist ID: 092242496925-13
2025-11-02 12:02:40,687 - INFO - Processing lobbyist ID: 0922889100202-39
2025-11-02 12:02:41,938 - INFO - Processing lobbyist ID: 092302696301-80
2025-11-02 12:02:43,238 - INFO - Processing lobbyist ID: 092337815041-92
2025-11-02 12:02:45,280 - INFO - Processing lobbyist ID: 092391738896-60
2025-11-02 12:02:46,577 - INFO - Processing lobbyist ID: 0924198100338-48
2025-11-02 12:02:47,993 - INFO - Processing lobbyist ID: 09245221105-30
2025-11-02 12:02:54,116 - INFO - Processing lobbyist ID: 092453296541-33
2025-11-02 12:02:55,440 - INFO - Processing lobbyist ID: 09256701147-51
2025-11-02 12:02:57,823 - INFO - Processing lobbyist ID: 092568139183-24
2025-11-02 12:02:59,752 - INFO - Processing lobbyist ID: 092682012915-24
2025-11-02 12:03:02,480 - INFO - Processing lobbyist ID: 092700397170-90
2025-11-02 12:03:03,805 - INFO - Processing lobbyist ID: 092713747707-65
2025-11-02 12:03:05,163 - INFO - Processing lobbyist ID: 092765546626-27
2025-11-02 12:03:06,424 - INFO - Processing lobbyist ID: 092785233190-73
2025-11-02 12:03:07,924 - INFO - Processing lobbyist ID: 092793739320-09
2025-11-02 12:03:09,300 - INFO - Processing lobbyist ID: 092868632917-73
2025-11-02 12:03:10,643 - INFO - Processing lobbyist ID: 092869895443-23
2025-11-02 12:03:12,034 - INFO - Processing lobbyist ID: 092927343009-48
2025-11-02 12:03:13,273 - INFO - Processing lobbyist ID: 092946128636-40
2025-11-02 12:03:14,708 - INFO - Processing lobbyist ID: 093049697283-19
2025-11-02 12:03:16,126 - INFO - Processing lobbyist ID: 09307393718-06
2025-11-02 12:03:17,855 - INFO - Processing lobbyist ID: 093080446423-88
2025-11-02 12:03:19,252 - INFO - Processing lobbyist ID: 093140498326-61
2025-11-02 12:03:20,606 - INFO - Processing lobbyist ID: 093160312164-25
2025-11-02 12:03:22,056 - INFO - Processing lobbyist ID: 093268491827-54
2025-11-02 12:03:23,335 - INFO - Processing lobbyist ID: 093317297351-22
2025-11-02 12:03:24,672 - INFO - Processing lobbyist ID: 093348240774-18
2025-11-02 12:03:26,520 - INFO - Processing lobbyist ID: 093367625881-23
2025-11-02 12:03:27,983 - INFO - Processing lobbyist ID: 0935153658-47
2025-11-02 12:03:29,620 - INFO - Processing lobbyist ID: 093558698328-06
2025-11-02 12:03:30,883 - INFO - Processing lobbyist ID: 093654496524-38
2025-11-02 12:03:32,276 - INFO - Processing lobbyist ID: 093885599130-64
2025-11-02 12:03:33,621 - INFO - Processing lobbyist ID: 093975846715-54
2025-11-02 12:03:34,958 - INFO - Processing lobbyist ID: 094010636731-32
2025-11-02 12:03:36,351 - INFO - Processing lobbyist ID: 094039644810-79
2025-11-02 12:03:37,975 - INFO - Processing lobbyist ID: 094114349277-59
2025-11-02 12:03:39,333 - INFO - Processing lobbyist ID: 094163553045-95
2025-11-02 12:03:40,802 - INFO - Processing lobbyist ID: 094259450588-03
2025-11-02 12:03:42,096 - INFO - Processing lobbyist ID: 094378436020-67
2025-11-02 12:03:43,418 - INFO - Processing lobbyist ID: 094392144122-20
2025-11-02 12:03:44,817 - INFO - Processing lobbyist ID: 094415799805-30
2025-11-02 12:03:46,079 - INFO - Processing lobbyist ID: 094437234551-50
2025-11-02 12:03:47,578 - INFO - Processing lobbyist ID: 094459415746-62
2025-11-02 12:03:49,051 - INFO - Processing lobbyist ID: 094632599159-09
2025-11-02 12:03:50,315 - INFO - Processing lobbyist ID: 094642391782-39
2025-11-02 12:03:51,809 - INFO - Processing lobbyist ID: 094663852976-33
2025-11-02 12:03:53,067 - INFO - Processing lobbyist ID: 094738529674-10
2025-11-02 12:03:54,501 - INFO - Processing lobbyist ID: 095005593789-42
2025-11-02 12:03:55,750 - INFO - Processing lobbyist ID: 095057697932-63
2025-11-02 12:03:57,085 - INFO - Processing lobbyist ID: 095079912436-63
2025-11-02 12:03:59,579 - INFO - Processing lobbyist ID: 095081595373-70
2025-11-02 12:04:01,206 - INFO - Processing lobbyist ID: 095093926581-60
2025-11-02 12:04:02,534 - INFO - Processing lobbyist ID: 095274426474-13
2025-11-02 12:04:04,283 - INFO - Processing lobbyist ID: 095278299169-25
2025-11-02 12:04:05,517 - INFO - Processing lobbyist ID: 095284146845-67
2025-11-02 12:04:06,953 - INFO - Processing lobbyist ID: 095367695927-10
2025-11-02 12:04:08,337 - INFO - Processing lobbyist ID: 095370347921-55
2025-11-02 12:04:10,267 - INFO - Processing lobbyist ID: 095381492161-06
2025-11-02 12:04:11,664 - INFO - Processing lobbyist ID: 095391396203-24
2025-11-02 12:04:12,989 - INFO - Processing lobbyist ID: 095487616319-61
2025-11-02 12:04:14,445 - INFO - Processing lobbyist ID: 095489898042-54
2025-11-02 12:04:15,724 - INFO - Processing lobbyist ID: 095540891759-97
2025-11-02 12:04:17,480 - INFO - Processing lobbyist ID: 095595852325-73
2025-11-02 12:04:19,096 - INFO - Processing lobbyist ID: 095650593344-06
2025-11-02 12:04:20,367 - INFO - Processing lobbyist ID: 09571422185-81
2025-11-02 12:04:22,752 - INFO - Processing lobbyist ID: 09579576238-53
2025-11-02 12:04:24,886 - INFO - Processing lobbyist ID: 09586631237-74
2025-11-02 12:04:36,082 - INFO - Processing lobbyist ID: 095895140508-75
2025-11-02 12:04:37,514 - INFO - Processing lobbyist ID: 095896394331-56
2025-11-02 12:04:38,856 - INFO - Processing lobbyist ID: 095998323772-21
2025-11-02 12:04:40,203 - INFO - Processing lobbyist ID: 096035294606-08
2025-11-02 12:04:41,558 - INFO - Processing lobbyist ID: 096124310820-70
2025-11-02 12:04:43,119 - INFO - Processing lobbyist ID: 096207214802-94
2025-11-02 12:04:44,478 - INFO - Processing lobbyist ID: 096466795986-48
2025-11-02 12:04:45,820 - INFO - Processing lobbyist ID: 096491595821-96
2025-11-02 12:04:47,205 - INFO - Processing lobbyist ID: 096526947007-11
2025-11-02 12:04:48,621 - INFO - Processing lobbyist ID: 096637338526-53
2025-11-02 12:04:50,055 - INFO - Processing lobbyist ID: 0967588100451-01
2025-11-02 12:04:51,368 - INFO - Processing lobbyist ID: 0969827100085-85
2025-11-02 12:04:52,637 - INFO - Processing lobbyist ID: 097063299941-70
2025-11-02 12:04:54,369 - INFO - Processing lobbyist ID: 097231098345-57
2025-11-02 12:04:55,756 - INFO - Processing lobbyist ID: 097280147732-21
2025-11-02 12:04:57,021 - INFO - Processing lobbyist ID: 097313550447-09
2025-11-02 12:04:58,318 - INFO - Processing lobbyist ID: 097429793642-27
2025-11-02 12:04:59,731 - INFO - Processing lobbyist ID: 097433394466-52
2025-11-02 12:05:00,949 - INFO - Processing lobbyist ID: 097490950145-83
2025-11-02 12:05:02,409 - INFO - Processing lobbyist ID: 097500895911-07
2025-11-02 12:05:03,753 - INFO - Processing lobbyist ID: 097698050365-81
2025-11-02 12:05:05,104 - INFO - Processed 1600 lobbyists out of 16087. Pausing for 3 seconds to avoid server overload...
2025-11-02 12:05:08,117 - INFO - Processing lobbyist ID: 097713031150-28
2025-11-02 12:05:09,552 - INFO - Processing lobbyist ID: 097738799043-05
2025-11-02 12:05:11,037 - INFO - Processing lobbyist ID: 097790836993-29
2025-11-02 12:05:12,418 - INFO - Processing lobbyist ID: 0978949100618-83
2025-11-02 12:05:13,831 - INFO - Processing lobbyist ID: 097928945982-83
2025-11-02 12:05:15,989 - INFO - Processing lobbyist ID: 097969499573-10
2025-11-02 12:05:17,258 - INFO - Processing lobbyist ID: 098025935611-30
2025-11-02 12:05:18,953 - INFO - Processing lobbyist ID: 098065552373-54
2025-11-02 12:05:20,398 - INFO - Processing lobbyist ID: 098080698035-35
2025-11-02 12:05:21,637 - INFO - Processing lobbyist ID: 098122897616-77
2025-11-02 12:05:22,974 - INFO - Processing lobbyist ID: 098219743882-56
2025-11-02 12:05:24,305 - INFO - Processing lobbyist ID: 09824113589-92
2025-11-02 12:05:27,465 - INFO - Processing lobbyist ID: 098297335667-27
2025-11-02 12:05:29,503 - INFO - Processing lobbyist ID: 098365796252-65
2025-11-02 12:05:30,900 - INFO - Processing lobbyist ID: 098414391964-84
2025-11-02 12:05:33,069 - INFO - Processing lobbyist ID: 098542210935-41
2025-11-02 12:05:34,331 - INFO - Processing lobbyist ID: 09854512780-89
2025-11-02 12:05:36,893 - INFO - Processing lobbyist ID: 098690717154-62
2025-11-02 12:05:38,386 - INFO - Processing lobbyist ID: 098730948020-21
2025-11-02 12:05:39,691 - INFO - Processing lobbyist ID: 098741148254-97
2025-11-02 12:05:41,011 - INFO - Processing lobbyist ID: 098793947944-83
2025-11-02 12:05:42,356 - INFO - Processing lobbyist ID: 098883899983-22
2025-11-02 12:05:43,576 - INFO - Processing lobbyist ID: 098968923496-04
2025-11-02 12:05:44,943 - INFO - Processing lobbyist ID: 098974228662-41
2025-11-02 12:05:46,310 - INFO - Processing lobbyist ID: 099046239388-80
2025-11-02 12:05:47,656 - INFO - Processing lobbyist ID: 099063752858-61
2025-11-02 12:05:48,953 - INFO - Processing lobbyist ID: 099088849429-56
2025-11-02 12:05:50,257 - INFO - Processing lobbyist ID: 099101116985-63
2025-11-02 12:05:51,707 - INFO - Processing lobbyist ID: 099183852912-49
2025-11-02 12:05:53,147 - INFO - Processing lobbyist ID: 099331650795-33
2025-11-02 12:05:54,443 - INFO - Processing lobbyist ID: 099332335142-02
2025-11-02 12:05:55,867 - INFO - Processing lobbyist ID: 0994052100846-64
2025-11-02 12:05:57,179 - INFO - Processing lobbyist ID: 099455450123-84
2025-11-02 12:05:59,270 - INFO - Processing lobbyist ID: 099469423186-43
2025-11-02 12:06:00,566 - INFO - Processing lobbyist ID: 099497297685-10
2025-11-02 12:06:01,825 - INFO - Processing lobbyist ID: 099646897127-37
2025-11-02 12:06:03,202 - INFO - Processing lobbyist ID: 099688237908-74
2025-11-02 12:06:04,531 - INFO - Processing lobbyist ID: 0997256100470-74
2025-11-02 12:06:05,799 - INFO - Processing lobbyist ID: 099742294463-15
2025-11-02 12:06:07,039 - INFO - Processing lobbyist ID: 099776222956-67
2025-11-02 12:06:08,298 - INFO - Processing lobbyist ID: 099785450113-49
2025-11-02 12:06:09,677 - INFO - Processing lobbyist ID: 09981988815-02
2025-11-02 12:06:11,520 - INFO - Processing lobbyist ID: 099912138454-53
2025-11-02 12:06:12,958 - INFO - Processing lobbyist ID: 099983799869-02
2025-11-02 12:06:14,287 - INFO - Processing lobbyist ID: 100063234453-93
2025-11-02 12:06:15,752 - INFO - Processing lobbyist ID: 100213840616-16
2025-11-02 12:06:17,002 - INFO - Processing lobbyist ID: 100222992925-52
2025-11-02 12:06:18,256 - INFO - Processing lobbyist ID: 100244333713-68
2025-11-02 12:06:19,503 - INFO - Processing lobbyist ID: 100289094323-25
2025-11-02 12:06:20,843 - INFO - Processing lobbyist ID: 100291099180-18
2025-11-02 12:06:22,161 - INFO - Processing lobbyist ID: 1003259100738-01
2025-11-02 12:06:23,628 - INFO - Processing lobbyist ID: 100356318176-68
2025-11-02 12:06:24,979 - INFO - Processing lobbyist ID: 100424599699-64
2025-11-02 12:06:26,259 - INFO - Processing lobbyist ID: 100438050543-65
2025-11-02 12:06:27,509 - INFO - Processing lobbyist ID: 100495635428-50
2025-11-02 12:06:28,731 - INFO - Processing lobbyist ID: 100570852691-36
2025-11-02 12:06:30,017 - INFO - Processing lobbyist ID: 100574150250-84
2025-11-02 12:06:31,266 - INFO - Processing lobbyist ID: 10065894023-79
2025-11-02 12:06:32,840 - INFO - Processing lobbyist ID: 100743046058-29
2025-11-02 12:06:34,151 - INFO - Processing lobbyist ID: 100814549115-82
2025-11-02 12:06:35,394 - INFO - Processing lobbyist ID: 100831652855-52
2025-11-02 12:06:36,650 - INFO - Processing lobbyist ID: 100862848402-69
2025-11-02 12:06:37,863 - INFO - Processing lobbyist ID: 101006538676-37
2025-11-02 12:06:39,267 - INFO - Processing lobbyist ID: 10102758435-95
2025-11-02 12:06:40,691 - INFO - Processing lobbyist ID: 101070244217-71
2025-11-02 12:06:41,936 - INFO - Processing lobbyist ID: 101247832736-33
2025-11-02 12:06:43,389 - INFO - Processing lobbyist ID: 10135407003-43
2025-11-02 12:06:44,984 - INFO - Processing lobbyist ID: 10141574843-32
2025-11-02 12:06:46,610 - INFO - Processing lobbyist ID: 101449923546-59
2025-11-02 12:06:48,234 - INFO - Processing lobbyist ID: 101625735722-23
2025-11-02 12:06:50,773 - INFO - Processing lobbyist ID: 10166722437-81
2025-11-02 12:06:52,418 - INFO - Processing lobbyist ID: 101670944648-92
2025-11-02 12:06:53,722 - INFO - Processing lobbyist ID: 101672197448-97
2025-11-02 12:06:54,988 - INFO - Processing lobbyist ID: 101835298648-80
2025-11-02 12:06:56,202 - INFO - Processing lobbyist ID: 101858140008-82
2025-11-02 12:06:57,561 - INFO - Processing lobbyist ID: 101869737880-14
2025-11-02 12:06:59,198 - INFO - Processing lobbyist ID: 102029096725-51
2025-11-02 12:07:00,618 - INFO - Processing lobbyist ID: 102121243990-84
2025-11-02 12:07:02,164 - INFO - Processing lobbyist ID: 102135939541-25
2025-11-02 12:07:03,414 - INFO - Processing lobbyist ID: 102439399672-78
2025-11-02 12:07:04,618 - INFO - Processing lobbyist ID: 102473340307-51
2025-11-02 12:07:05,878 - INFO - Processing lobbyist ID: 102477845399-86
2025-11-02 12:07:07,227 - INFO - Processing lobbyist ID: 10256986723-88
2025-11-02 12:07:09,165 - INFO - Processing lobbyist ID: 10257354120-19
2025-11-02 12:07:14,200 - INFO - Processing lobbyist ID: 102590635463-77
2025-11-02 12:07:15,462 - INFO - Processing lobbyist ID: 102626752552-46
2025-11-02 12:07:16,758 - INFO - Processing lobbyist ID: 102909798292-03
2025-11-02 12:07:18,057 - INFO - Processing lobbyist ID: 102919050087-53
2025-11-02 12:07:19,505 - INFO - Processing lobbyist ID: 10294906155-77
2025-11-02 12:07:20,810 - INFO - Processing lobbyist ID: 103073751716-87
2025-11-02 12:07:22,214 - INFO - Processing lobbyist ID: 103104298164-71
2025-11-02 12:07:23,465 - INFO - Processing lobbyist ID: 103122495301-83
2025-11-02 12:07:24,962 - INFO - Processing lobbyist ID: 103150619162-32
2025-11-02 12:07:26,296 - INFO - Processing lobbyist ID: 103177030898-96
2025-11-02 12:07:27,836 - INFO - Processing lobbyist ID: 103195498621-96
2025-11-02 12:07:29,151 - INFO - Processing lobbyist ID: 103281826915-67
2025-11-02 12:07:30,579 - INFO - Processing lobbyist ID: 103306099756-75
2025-11-02 12:07:31,823 - INFO - Processing lobbyist ID: 103316717831-58
2025-11-02 12:07:33,091 - INFO - Processing lobbyist ID: 103350832197-31
2025-11-02 12:07:34,698 - INFO - Processing lobbyist ID: 103408999402-04
2025-11-02 12:07:35,940 - INFO - Processed 1700 lobbyists out of 16087. Pausing for 3 seconds to avoid server overload...
2025-11-02 12:07:38,950 - INFO - Processing lobbyist ID: 10342022616-20
2025-11-02 12:07:40,351 - INFO - Processing lobbyist ID: 103509614342-13
2025-11-02 12:07:41,697 - INFO - Processing lobbyist ID: 103604449150-50
2025-11-02 12:07:43,123 - INFO - Processing lobbyist ID: 103615018634-15
2025-11-02 12:07:44,568 - INFO - Processing lobbyist ID: 103690251035-34
2025-11-02 12:07:45,854 - INFO - Processing lobbyist ID: 104005995897-91
2025-11-02 12:07:47,094 - INFO - Processing lobbyist ID: 10405322962-08
2025-11-02 12:07:51,885 - INFO - Processing lobbyist ID: 104106497353-22
2025-11-02 12:07:53,267 - INFO - Processing lobbyist ID: 104142342214-75
2025-11-02 12:07:54,926 - INFO - Processing lobbyist ID: 10423745688-62
2025-11-02 12:07:56,275 - INFO - Processing lobbyist ID: 10426402966-04
2025-11-02 12:07:57,919 - INFO - Processing lobbyist ID: 104358917323-22
2025-11-02 12:07:59,368 - INFO - Processing lobbyist ID: 104368419271-46
2025-11-02 12:08:00,634 - INFO - Processing lobbyist ID: 1043707100755-26
2025-11-02 12:08:02,017 - INFO - Processing lobbyist ID: 104396598840-27
2025-11-02 12:08:03,346 - INFO - Processing lobbyist ID: 10439809375-73
2025-11-02 12:08:07,191 - INFO - Processing lobbyist ID: 104423050485-61
2025-11-02 12:08:08,559 - INFO - Processing lobbyist ID: 104460841828-23
2025-11-02 12:08:09,771 - INFO - Processing lobbyist ID: 104496636099-78
2025-11-02 12:08:11,594 - INFO - Processing lobbyist ID: 104500414872-61
2025-11-02 12:08:13,408 - INFO - Processing lobbyist ID: 104570644466-01
2025-11-02 12:08:15,352 - INFO - Processing lobbyist ID: 104585797511-36
2025-11-02 12:08:16,790 - INFO - Processing lobbyist ID: 104611394609-34
2025-11-02 12:08:18,151 - INFO - Processing lobbyist ID: 104660391947-35
2025-11-02 12:08:19,607 - INFO - Processing lobbyist ID: 104824945116-03
2025-11-02 12:08:20,981 - INFO - Processing lobbyist ID: 104923230342-65
2025-11-02 12:08:22,431 - INFO - Processing lobbyist ID: 104923392230-05
2025-11-02 12:08:23,789 - INFO - Processing lobbyist ID: 105066791719-42
2025-11-02 12:08:25,142 - INFO - Processing lobbyist ID: 105222814108-05
2025-11-02 12:08:26,495 - INFO - Processing lobbyist ID: 105233044850-65
2025-11-02 12:08:27,874 - INFO - Processing lobbyist ID: 105304049683-39
2025-11-02 12:08:29,238 - INFO - Processing lobbyist ID: 105398420716-74
2025-11-02 12:08:30,582 - INFO - Processing lobbyist ID: 105450620110-21
2025-11-02 12:08:33,544 - INFO - Processing lobbyist ID: 105475927201-84
2025-11-02 12:08:35,003 - INFO - Processing lobbyist ID: 105554994307-49
2025-11-02 12:08:36,308 - INFO - Processing lobbyist ID: 105601147501-94
2025-11-02 12:08:37,595 - INFO - Processing lobbyist ID: 105755495885-06
2025-11-02 12:08:39,066 - INFO - Processing lobbyist ID: 105756048834-72
2025-11-02 12:08:40,370 - INFO - Processing lobbyist ID: 105801752168-87
2025-11-02 12:08:41,722 - INFO - Processing lobbyist ID: 105924642733-12
2025-11-02 12:08:43,033 - INFO - Processing lobbyist ID: 105965999361-72
2025-11-02 12:08:44,485 - INFO - Processing lobbyist ID: 105972697421-32
2025-11-02 12:08:46,630 - INFO - Processing lobbyist ID: 105987948473-82
2025-11-02 12:08:48,024 - INFO - Processing lobbyist ID: 106034119290-26
2025-11-02 12:08:50,075 - INFO - Processing lobbyist ID: 106050028535-35
2025-11-02 12:08:51,646 - INFO - Processing lobbyist ID: 106085324361-08
2025-11-02 12:08:53,175 - INFO - Processing lobbyist ID: 106088992121-24
2025-11-02 12:08:54,526 - INFO - Processing lobbyist ID: 106106241535-40
2025-11-02 12:08:56,068 - INFO - Processing lobbyist ID: 106113198855-34
2025-11-02 12:08:57,292 - INFO - Processing lobbyist ID: 106130498490-94
2025-11-02 12:08:58,714 - INFO - Processing lobbyist ID: 106169195564-68
2025-11-02 12:09:00,044 - INFO - Processing lobbyist ID: 106213398366-22
2025-11-02 12:09:01,469 - INFO - Processing lobbyist ID: 106538799765-71
2025-11-02 12:09:02,782 - INFO - Processing lobbyist ID: 106638122719-85
2025-11-02 12:09:04,081 - INFO - Processing lobbyist ID: 106639498844-14
2025-11-02 12:09:05,446 - INFO - Processing lobbyist ID: 106902097878-78
2025-11-02 12:09:06,867 - INFO - Processing lobbyist ID: 107014898481-26
2025-11-02 12:09:08,129 - INFO - Processing lobbyist ID: 107033410802-19
2025-11-02 12:09:10,136 - INFO - Processing lobbyist ID: 107057499335-11
2025-11-02 12:09:11,494 - INFO - Processing lobbyist ID: 10709328948-87
2025-11-02 12:09:12,923 - INFO - Processing lobbyist ID: 107346848154-18
2025-11-02 12:09:14,304 - INFO - Processing lobbyist ID: 1074382679-01
2025-11-02 12:09:17,474 - INFO - Processing lobbyist ID: 107508398625-38
2025-11-02 12:09:18,760 - INFO - Processing lobbyist ID: 10751968675-85
2025-11-02 12:09:22,934 - INFO - Processing lobbyist ID: 107568798210-54
2025-11-02 12:09:24,175 - INFO - Processing lobbyist ID: 107594142935-69
2025-11-02 12:09:25,516 - INFO - Processing lobbyist ID: 107616791567-84
2025-11-02 12:09:26,900 - INFO - Processing lobbyist ID: 107720718800-24
2025-11-02 12:09:28,419 - INFO - Processing lobbyist ID: 10774885698-20
2025-11-02 12:09:31,098 - INFO - Processing lobbyist ID: 107758833349-94
2025-11-02 12:09:32,389 - INFO - Processing lobbyist ID: 107779213747-53
2025-11-02 12:09:35,665 - INFO - Processing lobbyist ID: 1078390517-54
2025-11-02 12:09:41,991 - INFO - Processing lobbyist ID: 10790718699-18
2025-11-02 12:09:43,923 - INFO - Processing lobbyist ID: 107952029066-77
2025-11-02 12:09:45,133 - INFO - Processing lobbyist ID: 107991298668-48
2025-11-02 12:09:46,372 - INFO - Processing lobbyist ID: 1081275100781-89
2025-11-02 12:09:47,688 - INFO - Processing lobbyist ID: 108238691525-42
2025-11-02 12:09:48,971 - INFO - Processing lobbyist ID: 108249250990-29
2025-11-02 12:09:50,363 - INFO - Processing lobbyist ID: 1082557100213-43
2025-11-02 12:09:51,664 - INFO - Processing lobbyist ID: 10828394017-54
2025-11-02 12:09:53,149 - INFO - Processing lobbyist ID: 1083162721-43
2025-11-02 12:10:01,357 - INFO - Processing lobbyist ID: 1083249101059-09
2025-11-02 12:10:02,844 - INFO - Processing lobbyist ID: 1083333660-35
2025-11-02 12:10:04,344 - INFO - Processing lobbyist ID: 108461232380-63
2025-11-02 12:10:05,767 - INFO - Processing lobbyist ID: 108487223077-45
2025-11-02 12:10:07,343 - INFO - Processing lobbyist ID: 108531396826-85
2025-11-02 12:10:08,693 - INFO - Processing lobbyist ID: 108640950254-37
2025-11-02 12:10:10,050 - INFO - Processing lobbyist ID: 108694629120-41
2025-11-02 12:10:11,525 - INFO - Processing lobbyist ID: 108719342832-36
2025-11-02 12:10:12,893 - INFO - Processing lobbyist ID: 108720017067-67
2025-11-02 12:10:14,124 - INFO - Processing lobbyist ID: 108819495004-10
2025-11-02 12:10:15,585 - INFO - Processing lobbyist ID: 108952749604-94
2025-11-02 12:10:16,893 - INFO - Processing lobbyist ID: 109133212760-93
2025-11-02 12:10:18,601 - INFO - Processing lobbyist ID: 109211195130-03
2025-11-02 12:10:19,902 - INFO - Processing lobbyist ID: 109353498504-29
2025-11-02 12:10:21,236 - INFO - Processing lobbyist ID: 109356110578-03
2025-11-02 12:10:22,804 - INFO - Processing lobbyist ID: 10944091576-90
2025-11-02 12:10:24,449 - INFO - Processing lobbyist ID: 1094652600-90
2025-11-02 12:10:26,046 - INFO - Processing lobbyist ID: 1095068839-59
2025-11-02 12:10:30,152 - INFO - Processing lobbyist ID: 109580118157-19
2025-11-02 12:10:31,376 - INFO - Processed 1800 lobbyists out of 16087. Pausing for 3 seconds to avoid server overload...
2025-11-02 12:10:34,387 - INFO - Processing lobbyist ID: 109601212076-63
2025-11-02 12:10:35,910 - INFO - Processing lobbyist ID: 109777918147-53
2025-11-02 12:10:37,453 - INFO - Processing lobbyist ID: 10978667854-52
2025-11-02 12:10:38,636 - INFO - Processing lobbyist ID: 109787148342-60
2025-11-02 12:10:39,868 - INFO - Processing lobbyist ID: 109863748605-97
2025-11-02 12:10:41,436 - INFO - Processing lobbyist ID: 110038846474-18
2025-11-02 12:10:42,800 - INFO - Processing lobbyist ID: 110109719289-35
2025-11-02 12:10:44,328 - INFO - Processing lobbyist ID: 110117812027-92
2025-11-02 12:10:48,288 - INFO - Processing lobbyist ID: 110199192443-25
2025-11-02 12:10:49,763 - INFO - Processing lobbyist ID: 110224042247-91
2025-11-02 12:10:51,077 - INFO - Processing lobbyist ID: 110445251377-64
2025-11-02 12:10:52,459 - INFO - Processing lobbyist ID: 110463194685-74
2025-11-02 12:10:53,662 - INFO - Processing lobbyist ID: 110490935516-91
2025-11-02 12:10:54,927 - INFO - Processing lobbyist ID: 110544848849-97
2025-11-02 12:10:56,203 - INFO - Processing lobbyist ID: 110595249152-62
2025-11-02 12:10:57,529 - INFO - Processing lobbyist ID: 11063928073-34
2025-11-02 12:11:03,811 - INFO - Processing lobbyist ID: 11064742654-42
2025-11-02 12:11:05,593 - INFO - Processing lobbyist ID: 110784191559-44
2025-11-02 12:11:06,881 - INFO - Processing lobbyist ID: 110813748180-76
2025-11-02 12:11:08,278 - INFO - Processing lobbyist ID: 111048799999-29
2025-11-02 12:11:09,510 - INFO - Processing lobbyist ID: 111096494541-51
2025-11-02 12:11:10,975 - INFO - Processing lobbyist ID: 111145822613-95
2025-11-02 12:11:12,294 - INFO - Processing lobbyist ID: 111151414941-72
2025-11-02 12:11:13,765 - INFO - Processing lobbyist ID: 111157198050-58
2025-11-02 12:11:15,058 - INFO - Processing lobbyist ID: 111162132522-13
2025-11-02 12:11:16,551 - INFO - Processing lobbyist ID: 11119336625-36
2025-11-02 12:11:17,747 - INFO - Processing lobbyist ID: 11122676364-50
2025-11-02 12:11:19,502 - INFO - Processing lobbyist ID: 111302795887-51
2025-11-02 12:11:20,731 - INFO - Processing lobbyist ID: 111463951460-07
2025-11-02 12:11:22,266 - INFO - Processing lobbyist ID: 111519328353-48
2025-11-02 12:11:23,453 - INFO - Processing lobbyist ID: 111538041439-74
2025-11-02 12:11:24,828 - INFO - Processing lobbyist ID: 111541921808-18
2025-11-02 12:11:26,196 - INFO - Processing lobbyist ID: 11160169347-78
2025-11-02 12:11:29,122 - INFO - Processing lobbyist ID: 111734132634-17
2025-11-02 12:11:31,011 - INFO - Processing lobbyist ID: 111760992091-01
2025-11-02 12:11:32,233 - INFO - Processing lobbyist ID: 11179098153-60
2025-11-02 12:11:33,753 - INFO - Processing lobbyist ID: 111972251299-45
2025-11-02 12:11:34,986 - INFO - Processing lobbyist ID: 112006128054-87
2025-11-02 12:11:36,318 - INFO - Processing lobbyist ID: 112051847836-65
2025-11-02 12:11:37,631 - INFO - Processing lobbyist ID: 11218815591-29
2025-11-02 12:11:39,002 - INFO - Processing lobbyist ID: 112188222754-11
2025-11-02 12:11:40,472 - INFO - Processing lobbyist ID: 11220347045-31
2025-11-02 12:11:42,053 - INFO - Processing lobbyist ID: 112242193182-52
2025-11-02 12:11:43,277 - INFO - Processing lobbyist ID: 1122571100888-73
2025-11-02 12:11:44,591 - INFO - Processing lobbyist ID: 112267011730-27
2025-11-02 12:11:45,848 - INFO - Processing lobbyist ID: 112405194326-12
2025-11-02 12:11:47,164 - INFO - Processing lobbyist ID: 112504598787-95
2025-11-02 12:11:48,487 - INFO - Processing lobbyist ID: 112575639424-68
2025-11-02 12:11:49,827 - INFO - Processing lobbyist ID: 112659499505-42
2025-11-02 12:11:51,285 - INFO - Processing lobbyist ID: 112703312593-49
2025-11-02 12:11:52,663 - INFO - Processing lobbyist ID: 112734452420-29
2025-11-02 12:11:53,877 - INFO - Processing lobbyist ID: 112817515801-13
2025-11-02 12:11:55,154 - INFO - Processing lobbyist ID: 112849323548-66
2025-11-02 12:11:56,340 - INFO - Processing lobbyist ID: 112878153014-12
2025-11-02 12:11:57,645 - INFO - Processing lobbyist ID: 1129869100107-85
2025-11-02 12:11:58,914 - INFO - Processing lobbyist ID: 113054111397-33
2025-11-02 12:12:00,862 - INFO - Processing lobbyist ID: 113071699582-59
2025-11-02 12:12:02,125 - INFO - Processing lobbyist ID: 113120650830-28
2025-11-02 12:12:03,472 - INFO - Processing lobbyist ID: 113196550521-50
2025-11-02 12:12:04,789 - INFO - Processing lobbyist ID: 113228038213-11
2025-11-02 12:12:06,089 - INFO - Processing lobbyist ID: 113240451776-42
2025-11-02 12:12:07,646 - INFO - Processing lobbyist ID: 113286326329-37
2025-11-02 12:12:09,206 - INFO - Processing lobbyist ID: 113297598297-27
2025-11-02 12:12:10,426 - INFO - Processing lobbyist ID: 113357798312-97
2025-11-02 12:12:11,941 - INFO - Processing lobbyist ID: 113459652473-42
2025-11-02 12:12:13,339 - INFO - Processing lobbyist ID: 113485042609-31
2025-11-02 12:12:14,660 - INFO - Processing lobbyist ID: 113611497556-67
2025-11-02 12:12:15,859 - INFO - Processing lobbyist ID: 11362308587-10
2025-11-02 12:12:18,184 - INFO - Processing lobbyist ID: 113623845951-88
2025-11-02 12:12:19,626 - INFO - Processing lobbyist ID: 113639026661-79
2025-11-02 12:12:21,421 - INFO - Processing lobbyist ID: 113712937115-73
2025-11-02 12:12:23,374 - INFO - Processing lobbyist ID: 113790798764-52
2025-11-02 12:12:24,713 - INFO - Processing lobbyist ID: 11389287853-29
2025-11-02 12:12:26,508 - INFO - Processing lobbyist ID: 113925414746-95
2025-11-02 12:12:27,877 - INFO - Processing lobbyist ID: 113941394904-70
2025-11-02 12:12:29,147 - INFO - Processing lobbyist ID: 114015441090-48
2025-11-02 12:12:30,417 - INFO - Processing lobbyist ID: 114053199623-29
2025-11-02 12:12:31,711 - INFO - Processing lobbyist ID: 114054629042-75
2025-11-02 12:12:33,065 - INFO - Processing lobbyist ID: 114095498963-12
2025-11-02 12:12:34,406 - INFO - Processing lobbyist ID: 114101993563-51
2025-11-02 12:12:35,770 - INFO - Processing lobbyist ID: 114144232470-50
2025-11-02 12:12:37,256 - INFO - Processing lobbyist ID: 114264250966-94
2025-11-02 12:12:38,739 - INFO - Processing lobbyist ID: 114284692189-05
2025-11-02 12:12:40,217 - INFO - Processing lobbyist ID: 114388936837-87
2025-11-02 12:12:41,579 - INFO - Processing lobbyist ID: 114406598412-57
2025-11-02 12:12:43,014 - INFO - Processing lobbyist ID: 114467111412-38
2025-11-02 12:12:47,115 - INFO - Processing lobbyist ID: 114500024887-83
2025-11-02 12:12:48,740 - INFO - Processing lobbyist ID: 11458103335-07
2025-11-02 12:12:51,062 - INFO - Processing lobbyist ID: 114616847920-74
2025-11-02 12:12:52,821 - INFO - Processing lobbyist ID: 114718251968-80
2025-11-02 12:12:54,735 - INFO - Processing lobbyist ID: 114721850364-57
2025-11-02 12:12:56,299 - INFO - Processing lobbyist ID: 114763891966-81
2025-11-02 12:12:57,526 - INFO - Processing lobbyist ID: 114777039428-40
2025-11-02 12:12:58,746 - INFO - Processing lobbyist ID: 114802815648-64
2025-11-02 12:13:00,178 - INFO - Processing lobbyist ID: 114903924021-14
2025-11-02 12:13:01,579 - INFO - Processing lobbyist ID: 114928239743-63
2025-11-02 12:13:02,836 - INFO - Processing lobbyist ID: 115022949552-93
2025-11-02 12:13:04,028 - INFO - Processing lobbyist ID: 11503381325-76
2025-11-02 12:13:06,217 - INFO - Processing lobbyist ID: 115064941687-78
2025-11-02 12:13:07,564 - INFO - Processing lobbyist ID: 1150853100444-41
2025-11-02 12:13:08,875 - INFO - Processed 1900 lobbyists out of 16087. Pausing for 3 seconds to avoid server overload...
2025-11-02 12:13:11,886 - INFO - Processing lobbyist ID: 115119349017-49
2025-11-02 12:13:13,177 - INFO - Processing lobbyist ID: 115124743229-86
2025-11-02 12:13:14,468 - INFO - Processing lobbyist ID: 11514322965-05
2025-11-02 12:13:16,709 - INFO - Processing lobbyist ID: 115171352461-38
2025-11-02 12:13:17,962 - INFO - Processing lobbyist ID: 115454745343-93
2025-11-02 12:13:19,353 - INFO - Processing lobbyist ID: 115566824159-36
2025-11-02 12:13:20,633 - INFO - Processing lobbyist ID: 115631728425-16
2025-11-02 12:13:21,913 - INFO - Processing lobbyist ID: 115643949639-58
2025-11-02 12:13:23,120 - INFO - Processing lobbyist ID: 115735351207-71
2025-11-02 12:13:24,437 - INFO - Processing lobbyist ID: 115976443719-69
2025-11-02 12:13:25,765 - INFO - Processing lobbyist ID: 1159912100058-90
2025-11-02 12:13:27,050 - INFO - Processing lobbyist ID: 116042012787-45
2025-11-02 12:13:29,003 - INFO - Processing lobbyist ID: 116051751271-53
2025-11-02 12:13:30,349 - INFO - Processing lobbyist ID: 116277444682-12
2025-11-02 12:13:31,636 - INFO - Processing lobbyist ID: 116284040570-75
2025-11-02 12:13:33,357 - INFO - Processing lobbyist ID: 116310447033-92
2025-11-02 12:13:34,686 - INFO - Processing lobbyist ID: 1165165100031-18
2025-11-02 12:13:36,034 - INFO - Processing lobbyist ID: 116561428290-45
2025-11-02 12:13:37,439 - INFO - Processing lobbyist ID: 116581124774-40
2025-11-02 12:13:38,901 - INFO - Processing lobbyist ID: 116626495221-78
2025-11-02 12:13:40,227 - INFO - Processing lobbyist ID: 11667896576-60
2025-11-02 12:13:41,690 - INFO - Processing lobbyist ID: 116756899981-37
2025-11-02 12:13:42,979 - INFO - Processing lobbyist ID: 1167616101092-24
2025-11-02 12:13:44,226 - INFO - Processing lobbyist ID: 116792350497-16
2025-11-02 12:13:45,690 - INFO - Processing lobbyist ID: 116915712797-73
2025-11-02 12:13:47,025 - INFO - Processing lobbyist ID: 117002597308-53
2025-11-02 12:13:48,285 - INFO - Processing lobbyist ID: 117047952888-72
2025-11-02 12:13:49,628 - INFO - Processing lobbyist ID: 117141849522-67
2025-11-02 12:13:50,925 - INFO - Processing lobbyist ID: 117160930653-96
2025-11-02 12:13:52,573 - INFO - Processing lobbyist ID: 117281631177-13
2025-11-02 12:13:54,099 - INFO - Processing lobbyist ID: 117300719978-32
2025-11-02 12:13:55,405 - INFO - Processing lobbyist ID: 117301398492-10
2025-11-02 12:13:56,885 - INFO - Processing lobbyist ID: 117307619414-45
2025-11-02 12:13:58,190 - INFO - Processing lobbyist ID: 117372452712-29
2025-11-02 12:13:59,580 - INFO - Processing lobbyist ID: 117379695023-75
2025-11-02 12:14:00,972 - INFO - Processing lobbyist ID: 117389937064-08
2025-11-02 12:14:02,452 - INFO - Processing lobbyist ID: 1173928100848-16
2025-11-02 12:14:03,783 - INFO - Processing lobbyist ID: 117394247983-13
2025-11-02 12:14:05,484 - INFO - Processing lobbyist ID: 117410219881-21
2025-11-02 12:14:07,416 - INFO - Processing lobbyist ID: 117423440302-21
2025-11-02 12:14:08,752 - INFO - Processing lobbyist ID: 117463229970-40
2025-11-02 12:14:10,455 - INFO - Processing lobbyist ID: 117683115792-20
2025-11-02 12:14:14,453 - INFO - Processing lobbyist ID: 117855546461-39
2025-11-02 12:14:15,966 - INFO - Processing lobbyist ID: 117871550998-63
2025-11-02 12:14:17,255 - INFO - Processing lobbyist ID: 117892544624-86
2025-11-02 12:14:18,794 - INFO - Processing lobbyist ID: 117937145991-85
2025-11-02 12:14:20,324 - INFO - Processing lobbyist ID: 117942597449-28
2025-11-02 12:14:22,249 - INFO - Processing lobbyist ID: 1180642100472-72
2025-11-02 12:14:23,557 - INFO - Processing lobbyist ID: 118080510828-42
2025-11-02 12:14:25,230 - INFO - Processing lobbyist ID: 118164726598-40
2025-11-02 12:14:26,577 - INFO - Processing lobbyist ID: 118178197833-43
2025-11-02 12:14:27,942 - INFO - Processing lobbyist ID: 118200993627-95
2025-11-02 12:14:29,385 - INFO - Processing lobbyist ID: 118236613508-31
2025-11-02 12:14:30,841 - INFO - Processing lobbyist ID: 11823899666-63
2025-11-02 12:14:33,235 - INFO - Processing lobbyist ID: 118286121781-91
2025-11-02 12:14:34,727 - INFO - Processing lobbyist ID: 118364038092-58
2025-11-02 12:14:36,146 - INFO - Processing lobbyist ID: 118414129174-57
2025-11-02 12:14:37,530 - INFO - Processing lobbyist ID: 118453295368-28
2025-11-02 12:14:38,909 - INFO - Processing lobbyist ID: 118500617129-29
2025-11-02 12:14:40,437 - INFO - Processing lobbyist ID: 118619434185-84
2025-11-02 12:14:41,742 - INFO - Processing lobbyist ID: 118654736485-65
2025-11-02 12:14:43,217 - INFO - Processing lobbyist ID: 118921322853-55
2025-11-02 12:14:44,549 - INFO - Processing lobbyist ID: 119101322906-62
2025-11-02 12:14:46,369 - INFO - Processing lobbyist ID: 119117296090-60
2025-11-02 12:14:48,463 - INFO - Processing lobbyist ID: 119324940698-95
2025-11-02 12:14:49,832 - INFO - Processing lobbyist ID: 119389549486-84
2025-11-02 12:14:51,131 - INFO - Processing lobbyist ID: 119397635730-23
2025-11-02 12:14:52,400 - INFO - Processing lobbyist ID: 119424094363-13
2025-11-02 12:14:53,819 - INFO - Processing lobbyist ID: 119458831154-84
2025-11-02 12:14:55,522 - INFO - Processing lobbyist ID: 119478147242-94
2025-11-02 12:14:56,789 - INFO - Processing lobbyist ID: 119624496662-90
2025-11-02 12:14:58,098 - INFO - Processing lobbyist ID: 119696323419-61
2025-11-02 12:14:59,447 - INFO - Processing lobbyist ID: 11977456675-84
2025-11-02 12:15:03,288 - INFO - Processing lobbyist ID: 119828415703-30
2025-11-02 12:15:04,926 - INFO - Processing lobbyist ID: 119841549076-58
2025-11-02 12:15:06,251 - INFO - Processing lobbyist ID: 119913534218-35
2025-11-02 12:15:07,546 - INFO - Processing lobbyist ID: 119994349753-01
2025-11-02 12:15:09,040 - INFO - Processing lobbyist ID: 120004038547-60
2025-11-02 12:15:10,400 - INFO - Processing lobbyist ID: 120036211374-56
2025-11-02 12:15:12,192 - INFO - Processing lobbyist ID: 120220499820-77
2025-11-02 12:15:13,479 - INFO - Processing lobbyist ID: 120296916338-78
2025-11-02 12:15:14,755 - INFO - Processing lobbyist ID: 120358124867-97
2025-11-02 12:15:16,020 - INFO - Processing lobbyist ID: 120517319907-86
2025-11-02 12:15:17,428 - INFO - Processing lobbyist ID: 120546046162-64
2025-11-02 12:15:18,796 - INFO - Processing lobbyist ID: 120566513356-64
2025-11-02 12:15:20,674 - INFO - Processing lobbyist ID: 120597847932-41
2025-11-02 12:15:21,941 - INFO - Processing lobbyist ID: 120642225950-77
2025-11-02 12:15:23,326 - INFO - Processing lobbyist ID: 120689196578-43
2025-11-02 12:15:24,584 - INFO - Processing lobbyist ID: 12075096931-04
2025-11-02 12:15:25,934 - INFO - Processing lobbyist ID: 120782844517-01
2025-11-02 12:15:27,670 - INFO - Processing lobbyist ID: 120804248718-75
2025-11-02 12:15:28,900 - INFO - Processing lobbyist ID: 120867616360-39
2025-11-02 12:15:30,479 - INFO - Processing lobbyist ID: 120867899384-02
2025-11-02 12:15:31,747 - INFO - Processing lobbyist ID: 120883194753-95
2025-11-02 12:15:33,051 - INFO - Processing lobbyist ID: 120902222819-78
2025-11-02 12:15:34,300 - INFO - Processing lobbyist ID: 120906010805-50
2025-11-02 12:15:37,039 - INFO - Processing lobbyist ID: 121058693493-56
2025-11-02 12:15:38,630 - INFO - Processing lobbyist ID: 121071547344-42
2025-11-02 12:15:39,914 - INFO - Processing lobbyist ID: 12112965774-95
2025-11-02 12:15:43,586 - INFO - Processing lobbyist ID: 121349126644-88
2025-11-02 12:15:45,106 - INFO - Processed 2000 lobbyists out of 16087. Pausing for 3 seconds to avoid server overload...
2025-11-02 12:15:48,119 - INFO - Processing lobbyist ID: 121429224296-34
2025-11-02 12:15:49,425 - INFO - Processing lobbyist ID: 121464747167-25
2025-11-02 12:15:50,780 - INFO - Processing lobbyist ID: 121514897559-80
2025-11-02 12:15:52,041 - INFO - Processing lobbyist ID: 121640193175-36
2025-11-02 12:15:53,491 - INFO - Processing lobbyist ID: 121647150238-90
2025-11-02 12:15:54,776 - INFO - Processing lobbyist ID: 121717899520-02
2025-11-02 12:15:56,061 - INFO - Processing lobbyist ID: 121740613680-43
2025-11-02 12:15:57,334 - INFO - Processing lobbyist ID: 1218100101032-17
2025-11-02 12:15:58,624 - INFO - Processing lobbyist ID: 121848610166-52
2025-11-02 12:16:00,355 - INFO - Processing lobbyist ID: 1218901100899-20
2025-11-02 12:16:01,812 - INFO - Processing lobbyist ID: 121934597563-40
2025-11-02 12:16:03,098 - INFO - Processing lobbyist ID: 122058834948-39
2025-11-02 12:16:04,643 - INFO - Processing lobbyist ID: 122131796534-20
2025-11-02 12:16:06,015 - INFO - Processing lobbyist ID: 122158812891-33
2025-11-02 12:16:07,478 - INFO - Processing lobbyist ID: 122186752144-28
2025-11-02 12:16:08,778 - INFO - Processing lobbyist ID: 122192846710-45
2025-11-02 12:16:10,110 - INFO - Processing lobbyist ID: 1223409100628-66
2025-11-02 12:16:11,437 - INFO - Processing lobbyist ID: 12238962750-40
2025-11-02 12:16:13,772 - INFO - Processing lobbyist ID: 122406298194-15
2025-11-02 12:16:15,196 - INFO - Processing lobbyist ID: 122646918735-87
2025-11-02 12:16:16,432 - INFO - Processing lobbyist ID: 122803916413-09
2025-11-02 12:16:18,531 - INFO - Processing lobbyist ID: 12286326994-85
2025-11-02 12:16:19,930 - INFO - Processing lobbyist ID: 123029215230-76
2025-11-02 12:16:21,219 - INFO - Processing lobbyist ID: 123039646650-05
2025-11-02 12:16:22,562 - INFO - Processing lobbyist ID: 123165799083-46
2025-11-02 12:16:23,881 - INFO - Processing lobbyist ID: 123269523295-30
2025-11-02 12:16:25,081 - INFO - Processing lobbyist ID: 1232736100488-34
2025-11-02 12:16:26,553 - INFO - Processing lobbyist ID: 123320646946-51
2025-11-02 12:16:27,787 - INFO - Processing lobbyist ID: 123516992201-44
2025-11-02 12:16:29,039 - INFO - Processing lobbyist ID: 123579733462-08
2025-11-02 12:16:30,319 - INFO - Processing lobbyist ID: 123584727142-86
2025-11-02 12:16:31,650 - INFO - Processing lobbyist ID: 123601093402-22
2025-11-02 12:16:32,879 - INFO - Processing lobbyist ID: 123675597522-92
2025-11-02 12:16:34,223 - INFO - Processing lobbyist ID: 123752594845-35
2025-11-02 12:16:35,585 - INFO - Processing lobbyist ID: 123761499179-21
2025-11-02 12:16:36,906 - INFO - Processing lobbyist ID: 12383069253-19
2025-11-02 12:16:39,752 - INFO - Processing lobbyist ID: 123903891802-73
2025-11-02 12:16:41,086 - INFO - Processing lobbyist ID: 124123240636-16
2025-11-02 12:16:43,383 - INFO - Processing lobbyist ID: 124135527355-29
2025-11-02 12:16:44,654 - INFO - Processing lobbyist ID: 124199721696-11
2025-11-02 12:16:45,976 - INFO - Processing lobbyist ID: 124307537876-65
2025-11-02 12:16:47,515 - INFO - Processing lobbyist ID: 124390694808-51
2025-11-02 12:16:48,897 - INFO - Processing lobbyist ID: 124594798503-50
2025-11-02 12:16:50,268 - INFO - Processing lobbyist ID: 124632237702-53
2025-11-02 12:16:51,574 - INFO - Processing lobbyist ID: 124651335202-47
2025-11-02 12:16:52,792 - INFO - Processing lobbyist ID: 124655950052-23
2025-11-02 12:16:54,002 - INFO - Processing lobbyist ID: 1247949100408-53
2025-11-02 12:16:55,234 - INFO - Processing lobbyist ID: 124892397290-18
2025-11-02 12:16:56,572 - INFO - Processing lobbyist ID: 124932151528-65
2025-11-02 12:16:57,794 - INFO - Processing lobbyist ID: 12493392840-79
2025-11-02 12:17:02,985 - INFO - Processing lobbyist ID: 124979252649-28
2025-11-02 12:17:04,268 - INFO - Processing lobbyist ID: 124989525287-44
2025-11-02 12:17:05,451 - INFO - Processing lobbyist ID: 125048092671-13
2025-11-02 12:17:06,895 - INFO - Processing lobbyist ID: 125117046446-13
2025-11-02 12:17:08,207 - INFO - Processing lobbyist ID: 125312451113-68
2025-11-02 12:17:09,550 - INFO - Processing lobbyist ID: 125406398407-21
2025-11-02 12:17:10,713 - INFO - Processing lobbyist ID: 125489250058-63
2025-11-02 12:17:11,956 - INFO - Processing lobbyist ID: 1255379100927-30
2025-11-02 12:17:13,185 - INFO - Processing lobbyist ID: 125624351243-60
2025-11-02 12:17:14,379 - INFO - Processing lobbyist ID: 125672350129-91
2025-11-02 12:17:15,585 - INFO - Processing lobbyist ID: 125720791812-88
2025-11-02 12:17:16,792 - INFO - Processing lobbyist ID: 125790597607-95
2025-11-02 12:17:17,959 - INFO - Processing lobbyist ID: 125952148968-06
2025-11-02 12:17:19,304 - INFO - Processing lobbyist ID: 126095194102-34
2025-11-02 12:17:20,768 - INFO - Processing lobbyist ID: 126143128754-79
2025-11-02 12:17:22,336 - INFO - Processing lobbyist ID: 126187296814-11
2025-11-02 12:17:23,840 - INFO - Processing lobbyist ID: 126198199831-02
2025-11-02 12:17:25,116 - INFO - Processing lobbyist ID: 126267016108-49
2025-11-02 12:17:26,445 - INFO - Processing lobbyist ID: 126293811245-87
2025-11-02 12:17:27,760 - INFO - Processing lobbyist ID: 126462299081-31
2025-11-02 12:17:28,924 - INFO - Processing lobbyist ID: 1265763100874-19
2025-11-02 12:17:30,159 - INFO - Processing lobbyist ID: 126633952796-97
2025-11-02 12:17:31,528 - INFO - Processing lobbyist ID: 126640299259-84
2025-11-02 12:17:32,723 - INFO - Processing lobbyist ID: 126774441461-62
2025-11-02 12:17:33,990 - INFO - Processing lobbyist ID: 126935497148-34
2025-11-02 12:17:35,517 - INFO - Processing lobbyist ID: 126971237289-94
2025-11-02 12:17:37,099 - INFO - Processing lobbyist ID: 127037997908-18
2025-11-02 12:17:38,359 - INFO - Processing lobbyist ID: 127160695741-39
2025-11-02 12:17:39,655 - INFO - Processing lobbyist ID: 127201892027-44
2025-11-02 12:17:40,895 - INFO - Processing lobbyist ID: 127396426409-40
2025-11-02 12:17:42,310 - INFO - Processing lobbyist ID: 1274604847-34
2025-11-02 12:17:48,150 - INFO - Processing lobbyist ID: 12749675101-70
2025-11-02 12:17:49,388 - INFO - Processing lobbyist ID: 127570896521-34
2025-11-02 12:17:50,799 - INFO - Processing lobbyist ID: 127596116563-01
2025-11-02 12:17:52,354 - INFO - Processing lobbyist ID: 1277444101128-60
2025-11-02 12:17:53,602 - INFO - Processing lobbyist ID: 127822629415-23
2025-11-02 12:17:54,951 - INFO - Processing lobbyist ID: 127968597194-49
2025-11-02 12:17:56,192 - INFO - Processing lobbyist ID: 128044823652-04
2025-11-02 12:17:57,865 - INFO - Processing lobbyist ID: 128247432843-53
2025-11-02 12:17:59,239 - INFO - Processing lobbyist ID: 128267197603-17
2025-11-02 12:18:00,837 - INFO - Processing lobbyist ID: 128369815165-36
2025-11-02 12:18:02,022 - INFO - Processing lobbyist ID: 128386535741-26
2025-11-02 12:18:03,272 - INFO - Processing lobbyist ID: 1284226100702-16
2025-11-02 12:18:04,530 - INFO - Processing lobbyist ID: 128592349540-34
2025-11-02 12:18:05,813 - INFO - Processing lobbyist ID: 128633195168-72
2025-11-02 12:18:07,245 - INFO - Processing lobbyist ID: 1287095100332-71
2025-11-02 12:18:08,425 - INFO - Processing lobbyist ID: 128961897235-47
2025-11-02 12:18:09,611 - INFO - Processing lobbyist ID: 129055623568-33
2025-11-02 12:18:10,836 - INFO - Processing lobbyist ID: 129136999660-86
2025-11-02 12:18:12,029 - INFO - Processing lobbyist ID: 129178122371-25
2025-11-02 12:18:13,487 - INFO - Processed 2100 lobbyists out of 16087. Pausing for 3 seconds to avoid server overload...
2025-11-02 12:18:16,499 - INFO - Processing lobbyist ID: 129238924643-74
2025-11-02 12:18:18,121 - INFO - Processing lobbyist ID: 129267119922-63
2025-11-02 12:18:19,493 - INFO - Processing lobbyist ID: 129267927174-65
2025-11-02 12:18:20,870 - INFO - Processing lobbyist ID: 1293409101112-84
2025-11-02 12:18:22,039 - INFO - Processing lobbyist ID: 129367910060-37
2025-11-02 12:18:23,528 - INFO - Processing lobbyist ID: 129385937358-74
2025-11-02 12:18:24,870 - INFO - Processing lobbyist ID: 129423398892-37
2025-11-02 12:18:26,052 - INFO - Processing lobbyist ID: 129427193168-74
2025-11-02 12:18:27,555 - INFO - Processing lobbyist ID: 129511897229-88
2025-11-02 12:18:28,855 - INFO - Processing lobbyist ID: 12955024114-93
2025-11-02 12:18:31,764 - INFO - Processing lobbyist ID: 129563197545-79
2025-11-02 12:18:32,931 - INFO - Processing lobbyist ID: 129567748171-77
2025-11-02 12:18:34,600 - INFO - Processing lobbyist ID: 129688528364-73
2025-11-02 12:18:35,869 - INFO - Processing lobbyist ID: 12971262634-76
2025-11-02 12:18:37,692 - INFO - Processing lobbyist ID: 129738647181-82
2025-11-02 12:18:38,973 - INFO - Processing lobbyist ID: 1298286943-59
2025-11-02 12:18:43,439 - INFO - Processing lobbyist ID: 130028196356-85
2025-11-02 12:18:44,601 - INFO - Processing lobbyist ID: 130148399846-76
2025-11-02 12:18:46,390 - INFO - Processing lobbyist ID: 13020287260-60
2025-11-02 12:18:47,596 - INFO - Processing lobbyist ID: 130225437251-64
2025-11-02 12:18:49,571 - INFO - Processing lobbyist ID: 130261351189-94
2025-11-02 12:18:50,869 - INFO - Processing lobbyist ID: 130393552005-51
2025-11-02 12:18:52,139 - INFO - Processing lobbyist ID: 13040088039-68
2025-11-02 12:18:53,383 - INFO - Processing lobbyist ID: 130483095991-95
2025-11-02 12:18:54,702 - INFO - Processing lobbyist ID: 130495795501-02
2025-11-02 12:18:56,007 - INFO - Processing lobbyist ID: 130525997025-22
2025-11-02 12:18:57,227 - INFO - Processing lobbyist ID: 130707551737-04
2025-11-02 12:18:58,578 - INFO - Processing lobbyist ID: 13073098010-57
2025-11-02 12:19:00,374 - INFO - Processing lobbyist ID: 13080161140-33
2025-11-02 12:19:01,995 - INFO - Processing lobbyist ID: 130853546787-86
2025-11-02 12:19:03,207 - INFO - Processing lobbyist ID: 130859410757-03
2025-11-02 12:19:04,472 - INFO - Processing lobbyist ID: 131028547391-53
2025-11-02 12:19:06,092 - INFO - Processing lobbyist ID: 131053895006-64
2025-11-02 12:19:07,447 - INFO - Processing lobbyist ID: 131102911606-68
2025-11-02 12:19:08,804 - INFO - Processing lobbyist ID: 131108422116-29
2025-11-02 12:19:10,500 - INFO - Processing lobbyist ID: 13118423364-86
2025-11-02 12:19:11,792 - INFO - Processing lobbyist ID: 131444399055-79
2025-11-02 12:19:13,060 - INFO - Processing lobbyist ID: 131460449326-02
2025-11-02 12:19:15,104 - INFO - Processing lobbyist ID: 131486998409-31
2025-11-02 12:19:16,278 - INFO - Processing lobbyist ID: 131515295826-92
2025-11-02 12:19:17,530 - INFO - Processing lobbyist ID: 131526296046-12
2025-11-02 12:19:18,874 - INFO - Processing lobbyist ID: 131570748830-59
2025-11-02 12:19:20,888 - INFO - Processing lobbyist ID: 131611211983-58
2025-11-02 12:19:22,250 - INFO - Processing lobbyist ID: 131729047442-10
2025-11-02 12:19:23,522 - INFO - Processing lobbyist ID: 131759039793-80
2025-11-02 12:19:24,812 - INFO - Processing lobbyist ID: 131767651185-61
2025-11-02 12:19:26,056 - INFO - Processing lobbyist ID: 131992710104-83
2025-11-02 12:19:27,478 - INFO - Processing lobbyist ID: 131995794104-69
2025-11-02 12:19:28,620 - INFO - Processing lobbyist ID: 132052891941-46
2025-11-02 12:19:29,994 - INFO - Processing lobbyist ID: 1321739923-73
2025-11-02 12:19:31,874 - INFO - Processing lobbyist ID: 132233199267-43
2025-11-02 12:19:33,328 - INFO - Processing lobbyist ID: 132236315085-89
2025-11-02 12:19:37,009 - INFO - Processing lobbyist ID: 132249898729-91
2025-11-02 12:19:38,247 - INFO - Processing lobbyist ID: 132260149432-45
2025-11-02 12:19:39,439 - INFO - Processing lobbyist ID: 132275594403-29
2025-11-02 12:19:40,687 - INFO - Processing lobbyist ID: 132297048123-76
2025-11-02 12:19:42,068 - INFO - Processing lobbyist ID: 1323485100207-50
2025-11-02 12:19:43,195 - INFO - Processing lobbyist ID: 13240573171-36
2025-11-02 12:19:44,413 - INFO - Processing lobbyist ID: 132414515813-88
2025-11-02 12:19:46,250 - INFO - Processing lobbyist ID: 132444393028-75
2025-11-02 12:19:47,440 - INFO - Processing lobbyist ID: 13255254129-80
2025-11-02 12:19:51,853 - INFO - Processing lobbyist ID: 132577234842-10
2025-11-02 12:19:53,140 - INFO - Processing lobbyist ID: 132751946331-14
2025-11-02 12:19:54,599 - INFO - Processing lobbyist ID: 132766341878-97
2025-11-02 12:19:55,779 - INFO - Processing lobbyist ID: 132815739379-71
2025-11-02 12:19:56,995 - INFO - Processing lobbyist ID: 133002517679-87
2025-11-02 12:19:58,485 - INFO - Processing lobbyist ID: 1330744100985-58
2025-11-02 12:19:59,650 - INFO - Processing lobbyist ID: 133177399110-43
2025-11-02 12:20:00,965 - INFO - Processing lobbyist ID: 133185330270-75
2025-11-02 12:20:02,264 - INFO - Processing lobbyist ID: 133236011647-58
2025-11-02 12:20:03,788 - INFO - Processing lobbyist ID: 13324391892-74
2025-11-02 12:20:06,360 - INFO - Processing lobbyist ID: 133259443336-02
2025-11-02 12:20:07,635 - INFO - Processing lobbyist ID: 133272848721-65
2025-11-02 12:20:08,925 - INFO - Processing lobbyist ID: 133290891881-51
2025-11-02 12:20:10,131 - INFO - Processing lobbyist ID: 13329455866-30
2025-11-02 12:20:11,546 - INFO - Processing lobbyist ID: 133339250637-74
2025-11-02 12:20:12,817 - INFO - Processing lobbyist ID: 133339651247-74
2025-11-02 12:20:14,103 - INFO - Processing lobbyist ID: 1334085100655-66
2025-11-02 12:20:15,465 - INFO - Processing lobbyist ID: 133425935920-17
2025-11-02 12:20:16,935 - INFO - Processing lobbyist ID: 133452052635-33
2025-11-02 12:20:18,446 - INFO - Processing lobbyist ID: 133560632858-41
2025-11-02 12:20:20,003 - INFO - Processing lobbyist ID: 133584924843-50
2025-11-02 12:20:21,482 - INFO - Processing lobbyist ID: 133623210570-20
2025-11-02 12:20:22,870 - INFO - Processing lobbyist ID: 13362983294-04
2025-11-02 12:20:24,240 - INFO - Processing lobbyist ID: 133683398823-22
2025-11-02 12:20:25,680 - INFO - Processing lobbyist ID: 133743846287-22
2025-11-02 12:20:27,549 - INFO - Processing lobbyist ID: 1337541100280-87
2025-11-02 12:20:28,959 - INFO - Processing lobbyist ID: 13376004824-21
2025-11-02 12:20:30,605 - INFO - Processing lobbyist ID: 133772322651-41
2025-11-02 12:20:32,076 - INFO - Processing lobbyist ID: 133791413425-96
2025-11-02 12:20:33,700 - INFO - Processing lobbyist ID: 133804793067-58
2025-11-02 12:20:35,140 - INFO - Processing lobbyist ID: 133858995722-44
2025-11-02 12:20:36,477 - INFO - Processing lobbyist ID: 13386822830-30
2025-11-02 12:20:38,543 - INFO - Processing lobbyist ID: 133978448647-87
2025-11-02 12:20:40,795 - INFO - Processing lobbyist ID: 1339794100931-30
2025-11-02 12:20:42,189 - INFO - Processing lobbyist ID: 134025123500-66
2025-11-02 12:20:43,815 - INFO - Processing lobbyist ID: 134090727364-39
2025-11-02 12:20:45,209 - INFO - Processing lobbyist ID: 134115342483-51
2025-11-02 12:20:46,635 - INFO - Processing lobbyist ID: 134140795634-12
2025-11-02 12:20:48,014 - INFO - Processing lobbyist ID: 134272398611-31
2025-11-02 12:20:49,403 - INFO - Processed 2200 lobbyists out of 16087. Pausing for 3 seconds to avoid server overload...
2025-11-02 12:20:52,416 - INFO - Processing lobbyist ID: 134394894427-64
2025-11-02 12:20:53,784 - INFO - Processing lobbyist ID: 134417433950-62
2025-11-02 12:20:55,019 - INFO - Processing lobbyist ID: 134449195953-77
2025-11-02 12:20:56,335 - INFO - Processing lobbyist ID: 134466121269-31
2025-11-02 12:20:57,567 - INFO - Processing lobbyist ID: 134608131163-69
2025-11-02 12:20:58,885 - INFO - Processing lobbyist ID: 134676094483-52
2025-11-02 12:21:00,245 - INFO - Processing lobbyist ID: 134690012359-91
2025-11-02 12:21:01,570 - INFO - Processing lobbyist ID: 134787295922-55
2025-11-02 12:21:02,852 - INFO - Processing lobbyist ID: 1348906100602-45
2025-11-02 12:21:04,612 - INFO - Processing lobbyist ID: 134926817871-58
2025-11-02 12:21:06,039 - INFO - Processing lobbyist ID: 134968622602-43
2025-11-02 12:21:07,291 - INFO - Processing lobbyist ID: 134968792328-14
2025-11-02 12:21:08,571 - INFO - Processing lobbyist ID: 13497369622-37
2025-11-02 12:21:10,159 - INFO - Processing lobbyist ID: 134978997074-22
2025-11-02 12:21:11,724 - INFO - Processing lobbyist ID: 135084038966-26
2025-11-02 12:21:13,357 - INFO - Processing lobbyist ID: 135238193708-59
2025-11-02 12:21:14,772 - INFO - Processing lobbyist ID: 135298825069-23
2025-11-02 12:21:16,149 - INFO - Processing lobbyist ID: 135315499904-85
2025-11-02 12:21:17,670 - INFO - Processing lobbyist ID: 135344024395-60
2025-11-02 12:21:19,528 - INFO - Processing lobbyist ID: 135416399788-39
2025-11-02 12:21:21,224 - INFO - Processing lobbyist ID: 135509227780-35
2025-11-02 12:21:22,670 - INFO - Processing lobbyist ID: 135572194283-84
2025-11-02 12:21:24,258 - INFO - Processing lobbyist ID: 135580544504-13
2025-11-02 12:21:25,585 - INFO - Processing lobbyist ID: 135599191631-90
2025-11-02 12:21:26,820 - INFO - Processing lobbyist ID: 135616145432-44
2025-11-02 12:21:28,221 - INFO - Processing lobbyist ID: 135682410341-59
2025-11-02 12:21:29,570 - INFO - Processing lobbyist ID: 13571025706-27
2025-11-02 12:21:32,582 - INFO - Processing lobbyist ID: 135726799127-91
2025-11-02 12:21:33,815 - INFO - Processing lobbyist ID: 135790630472-10
2025-11-02 12:21:35,432 - INFO - Processing lobbyist ID: 135859024229-13
2025-11-02 12:21:36,785 - INFO - Processing lobbyist ID: 135888093598-43
2025-11-02 12:21:38,164 - INFO - Processing lobbyist ID: 135950711071-58
2025-11-02 12:21:39,547 - INFO - Processing lobbyist ID: 136115697307-94
2025-11-02 12:21:40,840 - INFO - Processing lobbyist ID: 136147697147-80
2025-11-02 12:21:42,093 - INFO - Processing lobbyist ID: 136236240784-18
2025-11-02 12:21:43,547 - INFO - Processing lobbyist ID: 1363528100222-15
2025-11-02 12:21:44,774 - INFO - Processing lobbyist ID: 13635802880-80
2025-11-02 12:21:47,088 - INFO - Processing lobbyist ID: 136409049524-87
2025-11-02 12:21:48,506 - INFO - Processing lobbyist ID: 136471418317-25
2025-11-02 12:21:49,964 - INFO - Processing lobbyist ID: 136642339306-04
2025-11-02 12:21:51,460 - INFO - Processing lobbyist ID: 136816191837-23
2025-11-02 12:21:52,668 - INFO - Processing lobbyist ID: 1368602100695-57
2025-11-02 12:21:53,982 - INFO - Processing lobbyist ID: 136929035888-78
2025-11-02 12:21:55,270 - INFO - Processing lobbyist ID: 136963492802-11
2025-11-02 12:21:56,576 - INFO - Processing lobbyist ID: 137139013471-71
2025-11-02 12:21:58,179 - INFO - Processing lobbyist ID: 137322295233-27
2025-11-02 12:21:59,937 - INFO - Processing lobbyist ID: 137429342230-17
2025-11-02 12:22:01,206 - INFO - Processing lobbyist ID: 137489015927-79
2025-11-02 12:22:02,815 - INFO - Processing lobbyist ID: 137576838363-46
2025-11-02 12:22:04,101 - INFO - Processing lobbyist ID: 137621631436-38
2025-11-02 12:22:05,509 - INFO - Processing lobbyist ID: 137694519212-42
2025-11-02 12:22:06,794 - INFO - Processing lobbyist ID: 137714048277-05
2025-11-02 12:22:08,165 - INFO - Processing lobbyist ID: 137768850921-45
2025-11-02 12:22:09,447 - INFO - Processing lobbyist ID: 138067692325-02
2025-11-02 12:22:10,900 - INFO - Processing lobbyist ID: 138083013988-72
2025-11-02 12:22:13,147 - INFO - Processing lobbyist ID: 138253725164-40
2025-11-02 12:22:14,541 - INFO - Processing lobbyist ID: 138286810382-37
2025-11-02 12:22:16,008 - INFO - Processing lobbyist ID: 138306248553-21
2025-11-02 12:22:17,479 - INFO - Processing lobbyist ID: 138387299249-16
2025-11-02 12:22:18,851 - INFO - Processing lobbyist ID: 138436621132-34
2025-11-02 12:22:20,606 - INFO - Processing lobbyist ID: 13848337653-06
2025-11-02 12:22:21,843 - INFO - Processing lobbyist ID: 138511298868-19
2025-11-02 12:22:23,303 - INFO - Processing lobbyist ID: 13857881394-50
2025-11-02 12:22:24,680 - INFO - Processing lobbyist ID: 138712718435-55
2025-11-02 12:22:25,938 - INFO - Processing lobbyist ID: 138713431581-66
2025-11-02 12:22:27,243 - INFO - Processing lobbyist ID: 138719717404-80
2025-11-02 12:22:28,775 - INFO - Processing lobbyist ID: 138859341899-13
2025-11-02 12:22:30,328 - INFO - Processing lobbyist ID: 139129651123-78
2025-11-02 12:22:31,584 - INFO - Processing lobbyist ID: 139130198613-33
2025-11-02 12:22:32,861 - INFO - Processing lobbyist ID: 139158450827-69
2025-11-02 12:22:34,131 - INFO - Processing lobbyist ID: 139172541931-81
2025-11-02 12:22:35,728 - INFO - Processing lobbyist ID: 139230895391-54
2025-11-02 12:22:36,942 - INFO - Processing lobbyist ID: 139254025103-67
2025-11-02 12:22:38,195 - INFO - Processing lobbyist ID: 139258250241-36
2025-11-02 12:22:39,431 - INFO - Processing lobbyist ID: 139443815013-24
2025-11-02 12:22:40,709 - INFO - Processing lobbyist ID: 139453015929-65
2025-11-02 12:22:41,991 - INFO - Processing lobbyist ID: 139518353040-70
2025-11-02 12:22:43,260 - INFO - Processing lobbyist ID: 139527950472-01
2025-11-02 12:22:44,570 - INFO - Processing lobbyist ID: 139568839023-49
2025-11-02 12:22:45,917 - INFO - Processing lobbyist ID: 139576423970-31
2025-11-02 12:22:47,158 - INFO - Processing lobbyist ID: 139583096226-92
2025-11-02 12:22:48,563 - INFO - Processing lobbyist ID: 139592748217-44
2025-11-02 12:22:49,949 - INFO - Processing lobbyist ID: 139767695745-86
2025-11-02 12:22:51,440 - INFO - Processing lobbyist ID: 139785716776-18
2025-11-02 12:22:53,177 - INFO - Processing lobbyist ID: 139797248819-40
2025-11-02 12:22:54,460 - INFO - Processing lobbyist ID: 13985109528-85
2025-11-02 12:22:55,752 - INFO - Processing lobbyist ID: 139862135704-18
2025-11-02 12:22:57,059 - INFO - Processing lobbyist ID: 139867317426-16
2025-11-02 12:22:58,444 - INFO - Processing lobbyist ID: 139961447855-03
2025-11-02 12:22:59,682 - INFO - Processing lobbyist ID: 140090399565-12
2025-11-02 12:23:00,952 - INFO - Processing lobbyist ID: 140115651007-70
2025-11-02 12:23:02,192 - INFO - Processing lobbyist ID: 140134424889-18
2025-11-02 12:23:03,432 - INFO - Processing lobbyist ID: 140287199692-39
2025-11-02 12:23:04,920 - INFO - Processing lobbyist ID: 140522447894-09
2025-11-02 12:23:06,168 - INFO - Processing lobbyist ID: 1405691100421-77
2025-11-02 12:23:07,386 - INFO - Processing lobbyist ID: 140593628433-52
2025-11-02 12:23:08,811 - INFO - Processing lobbyist ID: 140719522066-79
2025-11-02 12:23:10,402 - INFO - Processing lobbyist ID: 140767993489-19
2025-11-02 12:23:11,670 - INFO - Processing lobbyist ID: 140801995769-75
2025-11-02 12:23:12,895 - INFO - Processing lobbyist ID: 1408464100632-67
2025-11-02 12:23:14,310 - INFO - Processed 2300 lobbyists out of 16087. Pausing for 3 seconds to avoid server overload...
2025-11-02 12:23:17,323 - INFO - Processing lobbyist ID: 1408884100788-39
2025-11-02 12:23:18,623 - INFO - Processing lobbyist ID: 140919495322-27
2025-11-02 12:23:20,050 - INFO - Processing lobbyist ID: 140999342174-40
2025-11-02 12:23:21,326 - INFO - Processing lobbyist ID: 141041215133-83
2025-11-02 12:23:24,167 - INFO - Processing lobbyist ID: 141184618375-50
2025-11-02 12:23:25,795 - INFO - Processing lobbyist ID: 141224640613-65
2025-11-02 12:23:27,306 - INFO - Processing lobbyist ID: 141290249909-38
2025-11-02 12:23:28,708 - INFO - Processing lobbyist ID: 14130436110-87
2025-11-02 12:23:30,528 - INFO - Processing lobbyist ID: 141305050811-77
2025-11-02 12:23:31,892 - INFO - Processing lobbyist ID: 1413466815-09
2025-11-02 12:23:36,085 - INFO - Processing lobbyist ID: 141360197423-20
2025-11-02 12:23:37,439 - INFO - Processing lobbyist ID: 141376015883-52
2025-11-02 12:23:39,687 - INFO - Processing lobbyist ID: 1414929419-24
2025-11-02 12:23:52,960 - INFO - Processing lobbyist ID: 141532321289-19
2025-11-02 12:23:54,820 - INFO - Processing lobbyist ID: 141535532745-06
2025-11-02 12:23:56,059 - INFO - Processing lobbyist ID: 141540091611-06
2025-11-02 12:23:57,608 - INFO - Processing lobbyist ID: 141655216024-84
2025-11-02 12:23:58,874 - INFO - Processing lobbyist ID: 141672423535-95
2025-11-02 12:24:00,419 - INFO - Processing lobbyist ID: 141756340102-33
2025-11-02 12:24:02,450 - INFO - Processing lobbyist ID: 14184846326-23
2025-11-02 12:24:03,962 - INFO - Processing lobbyist ID: 141853525629-40
2025-11-02 12:24:05,414 - INFO - Processing lobbyist ID: 14190001484-01
2025-11-02 12:24:07,065 - INFO - Processing lobbyist ID: 141942646335-31
2025-11-02 12:24:08,419 - INFO - Processing lobbyist ID: 141960452793-82
2025-11-02 12:24:09,823 - INFO - Processing lobbyist ID: 141993497506-60
2025-11-02 12:24:11,172 - INFO - Processing lobbyist ID: 14200875377-44
2025-11-02 12:24:12,751 - INFO - Processing lobbyist ID: 142021393144-85
2025-11-02 12:24:14,022 - INFO - Processing lobbyist ID: 1420587986-32
2025-11-02 12:24:15,922 - INFO - Processing lobbyist ID: 14211885135-08
2025-11-02 12:24:17,281 - INFO - Processing lobbyist ID: 142180796476-56
2025-11-02 12:24:18,557 - INFO - Processing lobbyist ID: 142432834848-83
2025-11-02 12:24:19,969 - INFO - Processing lobbyist ID: 142595421421-64
2025-11-02 12:24:21,352 - INFO - Processing lobbyist ID: 142682198500-97
2025-11-02 12:24:22,696 - INFO - Processing lobbyist ID: 142787199033-19
2025-11-02 12:24:23,891 - INFO - Processing lobbyist ID: 142820199314-96
2025-11-02 12:24:25,234 - INFO - Processing lobbyist ID: 142848048418-32
2025-11-02 12:24:26,555 - INFO - Processing lobbyist ID: 142903829084-58
2025-11-02 12:24:28,257 - INFO - Processing lobbyist ID: 142956696727-90
2025-11-02 12:24:29,812 - INFO - Processing lobbyist ID: 14300666770-79
2025-11-02 12:24:31,334 - INFO - Processing lobbyist ID: 143018429330-67
2025-11-02 12:24:32,680 - INFO - Processing lobbyist ID: 143035111648-31
2025-11-02 12:24:34,097 - INFO - Processing lobbyist ID: 143211713843-33
2025-11-02 12:24:36,774 - INFO - Processing lobbyist ID: 143378844787-16
2025-11-02 12:24:38,025 - INFO - Processing lobbyist ID: 143396651826-13
2025-11-02 12:24:39,339 - INFO - Processing lobbyist ID: 143408797706-33
2025-11-02 12:24:40,771 - INFO - Processing lobbyist ID: 143475794932-69
2025-11-02 12:24:42,047 - INFO - Processing lobbyist ID: 143479151298-24
2025-11-02 12:24:43,303 - INFO - Processing lobbyist ID: 14356213941-17
2025-11-02 12:24:44,671 - INFO - Processing lobbyist ID: 143774698632-10
2025-11-02 12:24:45,915 - INFO - Processing lobbyist ID: 143802844830-21
2025-11-02 12:24:47,146 - INFO - Processing lobbyist ID: 143978822159-67
2025-11-02 12:24:48,521 - INFO - Processing lobbyist ID: 144049521780-57
2025-11-02 12:24:50,072 - INFO - Processing lobbyist ID: 1441397100226-35
2025-11-02 12:24:51,356 - INFO - Processing lobbyist ID: 144182045435-92
2025-11-02 12:24:52,669 - INFO - Processing lobbyist ID: 144271899666-45
2025-11-02 12:24:53,969 - INFO - Processing lobbyist ID: 144299695803-66
2025-11-02 12:24:55,320 - INFO - Processing lobbyist ID: 144301733679-75
2025-11-02 12:24:56,701 - INFO - Processing lobbyist ID: 144327196853-71
2025-11-02 12:24:57,851 - INFO - Processing lobbyist ID: 144475251095-14
2025-11-02 12:24:59,152 - INFO - Processing lobbyist ID: 144519940012-30
2025-11-02 12:25:00,462 - INFO - Processing lobbyist ID: 144561292372-55
2025-11-02 12:25:01,658 - INFO - Processing lobbyist ID: 144630225519-73
2025-11-02 12:25:03,746 - INFO - Processing lobbyist ID: 144683049447-90
2025-11-02 12:25:05,122 - INFO - Processing lobbyist ID: 144739515066-23
2025-11-02 12:25:06,544 - INFO - Processing lobbyist ID: 144786094288-73
2025-11-02 12:25:07,716 - INFO - Processing lobbyist ID: 14499928133-02
2025-11-02 12:25:08,861 - INFO - Processing lobbyist ID: 14505908784-58
2025-11-02 12:25:10,066 - INFO - Processing lobbyist ID: 145519497359-24
2025-11-02 12:25:11,502 - INFO - Processing lobbyist ID: 145604632964-90
2025-11-02 12:25:12,745 - INFO - Processing lobbyist ID: 145659542963-95
2025-11-02 12:25:13,988 - INFO - Processing lobbyist ID: 14575766603-44
2025-11-02 12:25:15,370 - INFO - Processing lobbyist ID: 145969929043-68
2025-11-02 12:25:16,585 - INFO - Processing lobbyist ID: 145990299800-21
2025-11-02 12:25:17,758 - INFO - Processing lobbyist ID: 146007947493-01
2025-11-02 12:25:19,056 - INFO - Processing lobbyist ID: 146051292193-80
2025-11-02 12:25:20,400 - INFO - Processing lobbyist ID: 146113447871-20
2025-11-02 12:25:21,688 - INFO - Processing lobbyist ID: 146289032886-07
2025-11-02 12:25:23,318 - INFO - Processing lobbyist ID: 146368734412-74
2025-11-02 12:25:24,505 - INFO - Processing lobbyist ID: 146475737400-48
2025-11-02 12:25:25,778 - INFO - Processing lobbyist ID: 146505098064-70
2025-11-02 12:25:27,604 - INFO - Processing lobbyist ID: 146537115285-34
2025-11-02 12:25:31,368 - INFO - Processing lobbyist ID: 146604997676-44
2025-11-02 12:25:32,848 - INFO - Processing lobbyist ID: 146650599187-27
2025-11-02 12:25:34,219 - INFO - Processing lobbyist ID: 146742794381-47
2025-11-02 12:25:35,544 - INFO - Processing lobbyist ID: 1467504100609-24
2025-11-02 12:25:36,766 - INFO - Processing lobbyist ID: 146893419149-74
2025-11-02 12:25:39,565 - INFO - Processing lobbyist ID: 146997235180-24
2025-11-02 12:25:40,991 - INFO - Processing lobbyist ID: 147206446977-31
2025-11-02 12:25:42,583 - INFO - Processing lobbyist ID: 147217895891-20
2025-11-02 12:25:43,934 - INFO - Processing lobbyist ID: 147250699856-67
2025-11-02 12:25:45,329 - INFO - Processing lobbyist ID: 14725777018-13
2025-11-02 12:25:46,617 - INFO - Processing lobbyist ID: 147473096830-89
2025-11-02 12:25:47,973 - INFO - Processing lobbyist ID: 1476371101122-67
2025-11-02 12:25:49,314 - INFO - Processing lobbyist ID: 147656111703-83
2025-11-02 12:25:51,467 - INFO - Processing lobbyist ID: 14766442240-14
2025-11-02 12:25:53,052 - INFO - Processing lobbyist ID: 147721048800-68
2025-11-02 12:25:54,603 - INFO - Processing lobbyist ID: 147745550056-17
2025-11-02 12:25:56,226 - INFO - Processing lobbyist ID: 147746395835-61
2025-11-02 12:25:57,515 - INFO - Processing lobbyist ID: 147808549496-36
2025-11-02 12:25:58,928 - INFO - Processing lobbyist ID: 147908916864-59
2025-11-02 12:26:00,334 - INFO - Processed 2400 lobbyists out of 16087. Pausing for 3 seconds to avoid server overload...
2025-11-02 12:26:03,346 - INFO - Processing lobbyist ID: 147922445344-36
2025-11-02 12:26:04,580 - INFO - Processing lobbyist ID: 147984341137-14
2025-11-02 12:26:05,890 - INFO - Processing lobbyist ID: 14799073282-84
2025-11-02 12:26:07,567 - INFO - Processing lobbyist ID: 148002495105-95
2025-11-02 12:26:08,794 - INFO - Processing lobbyist ID: 148098251734-90
2025-11-02 12:26:10,399 - INFO - Processing lobbyist ID: 148159393343-93
2025-11-02 12:26:11,902 - INFO - Processing lobbyist ID: 148254598250-72
2025-11-02 12:26:13,163 - INFO - Processing lobbyist ID: 148294328027-37
2025-11-02 12:26:14,621 - INFO - Processing lobbyist ID: 148454794285-60
2025-11-02 12:26:15,941 - INFO - Processing lobbyist ID: 148503391551-74
2025-11-02 12:26:17,445 - INFO - Processing lobbyist ID: 148547095203-95
2025-11-02 12:26:18,673 - INFO - Processing lobbyist ID: 14864192565-82
2025-11-02 12:26:20,100 - INFO - Processing lobbyist ID: 148659915430-51
2025-11-02 12:26:21,776 - INFO - Processing lobbyist ID: 148663451193-42
2025-11-02 12:26:23,166 - INFO - Processing lobbyist ID: 148736144448-42
2025-11-02 12:26:24,371 - INFO - Processing lobbyist ID: 148818315755-73
2025-11-02 12:26:25,712 - INFO - Processing lobbyist ID: 148822838946-82
2025-11-02 12:26:26,996 - INFO - Processing lobbyist ID: 148929835400-09
2025-11-02 12:26:28,243 - INFO - Processing lobbyist ID: 149024447497-03
2025-11-02 12:26:29,715 - INFO - Processing lobbyist ID: 149043243945-01
2025-11-02 12:26:31,177 - INFO - Processing lobbyist ID: 1491099100314-63
2025-11-02 12:26:32,529 - INFO - Processing lobbyist ID: 149125352207-11
2025-11-02 12:26:33,855 - INFO - Processing lobbyist ID: 149227047556-72
2025-11-02 12:26:35,218 - INFO - Processing lobbyist ID: 149246894755-05
2025-11-02 12:26:36,618 - INFO - Processing lobbyist ID: 1492995100447-33
2025-11-02 12:26:37,949 - INFO - Processing lobbyist ID: 149299896981-29
2025-11-02 12:26:39,299 - INFO - Processing lobbyist ID: 149462195523-18
2025-11-02 12:26:41,006 - INFO - Processing lobbyist ID: 14946504665-75
2025-11-02 12:26:42,447 - INFO - Processing lobbyist ID: 149483798353-21
2025-11-02 12:26:43,840 - INFO - Processing lobbyist ID: 149485823580-08
2025-11-02 12:26:45,178 - INFO - Processing lobbyist ID: 149624852342-21
2025-11-02 12:26:46,488 - INFO - Processing lobbyist ID: 14966899031-34
2025-11-02 12:26:47,899 - INFO - Processing lobbyist ID: 149675016636-39
2025-11-02 12:26:49,148 - INFO - Processing lobbyist ID: 1496873833-97
2025-11-02 12:26:51,146 - INFO - Processing lobbyist ID: 149740092024-71
2025-11-02 12:26:52,686 - INFO - Processing lobbyist ID: 149838697430-28
2025-11-02 12:26:53,940 - INFO - Processing lobbyist ID: 149855010621-40
2025-11-02 12:26:55,502 - INFO - Processing lobbyist ID: 149865997306-23
2025-11-02 12:26:56,774 - INFO - Processing lobbyist ID: 149919830370-49
2025-11-02 12:26:58,010 - INFO - Processing lobbyist ID: 150004294176-89
2025-11-02 12:26:59,360 - INFO - Processing lobbyist ID: 15018461696-11
2025-11-02 12:27:00,957 - INFO - Processing lobbyist ID: 150261123644-96
2025-11-02 12:27:02,348 - INFO - Processing lobbyist ID: 150331249562-81
2025-11-02 12:27:04,073 - INFO - Processing lobbyist ID: 150353097388-40
2025-11-02 12:27:05,573 - INFO - Processing lobbyist ID: 1504507100809-08
2025-11-02 12:27:06,865 - INFO - Processing lobbyist ID: 150628337276-48
2025-11-02 12:27:08,408 - INFO - Processing lobbyist ID: 150675994169-90
2025-11-02 12:27:09,679 - INFO - Processing lobbyist ID: 150692021687-73
2025-11-02 12:27:11,339 - INFO - Processing lobbyist ID: 15077947344-66
2025-11-02 12:27:12,628 - INFO - Processing lobbyist ID: 15086733813-03
2025-11-02 12:27:14,438 - INFO - Processing lobbyist ID: 150892741244-06
2025-11-02 12:27:15,691 - INFO - Processing lobbyist ID: 150894295329-36
2025-11-02 12:27:17,031 - INFO - Processing lobbyist ID: 150920420956-26
2025-11-02 12:27:18,270 - INFO - Processing lobbyist ID: 150956023176-82
2025-11-02 12:27:19,624 - INFO - Processing lobbyist ID: 150999124671-53
2025-11-02 12:27:20,959 - INFO - Processing lobbyist ID: 151028491697-09
2025-11-02 12:27:22,198 - INFO - Processing lobbyist ID: 151161815770-08
2025-11-02 12:27:23,821 - INFO - Processing lobbyist ID: 151485550468-20
2025-11-02 12:27:25,113 - INFO - Processing lobbyist ID: 151512697808-63
2025-11-02 12:27:26,496 - INFO - Processing lobbyist ID: 151554816791-61
2025-11-02 12:27:28,091 - INFO - Processing lobbyist ID: 151559142802-40
2025-11-02 12:27:29,369 - INFO - Processing lobbyist ID: 151670496206-61
2025-11-02 12:27:30,643 - INFO - Processing lobbyist ID: 151758339910-77
2025-11-02 12:27:32,022 - INFO - Processing lobbyist ID: 151792427812-95
2025-11-02 12:27:33,322 - INFO - Processing lobbyist ID: 151837098321-18
2025-11-02 12:27:34,525 - INFO - Processing lobbyist ID: 151860225661-40
2025-11-02 12:27:35,859 - INFO - Processing lobbyist ID: 151868892324-60
2025-11-02 12:27:37,217 - INFO - Processing lobbyist ID: 1518855100884-21
2025-11-02 12:27:38,945 - INFO - Processing lobbyist ID: 151916638841-85
2025-11-02 12:27:40,233 - INFO - Processing lobbyist ID: 152042396302-59
2025-11-02 12:27:41,595 - INFO - Processing lobbyist ID: 152093798527-48
2025-11-02 12:27:42,967 - INFO - Processing lobbyist ID: 152227934407-38
2025-11-02 12:27:44,209 - INFO - Processing lobbyist ID: 152294293805-41
2025-11-02 12:27:45,582 - INFO - Processing lobbyist ID: 152358748147-30
2025-11-02 12:27:46,825 - INFO - Processing lobbyist ID: 15242613639-84
2025-11-02 12:27:48,084 - INFO - Processing lobbyist ID: 1524658100496-53
2025-11-02 12:27:49,333 - INFO - Processing lobbyist ID: 152508741853-07
2025-11-02 12:27:50,604 - INFO - Processing lobbyist ID: 152520495161-55
2025-11-02 12:27:51,987 - INFO - Processing lobbyist ID: 152546499527-92
2025-11-02 12:27:53,247 - INFO - Processing lobbyist ID: 15257643846-58
2025-11-02 12:27:55,151 - INFO - Processing lobbyist ID: 152595599674-72
2025-11-02 12:27:56,533 - INFO - Processing lobbyist ID: 15262256432-95
2025-11-02 12:27:58,090 - INFO - Processing lobbyist ID: 152811425024-40
2025-11-02 12:27:59,398 - INFO - Processing lobbyist ID: 1528152100083-29
2025-11-02 12:28:00,750 - INFO - Processing lobbyist ID: 152843923161-76
2025-11-02 12:28:02,232 - INFO - Processing lobbyist ID: 152872452499-64
2025-11-02 12:28:03,694 - INFO - Processing lobbyist ID: 152951348036-43
2025-11-02 12:28:05,296 - INFO - Processing lobbyist ID: 153132499100-65
2025-11-02 12:28:06,490 - INFO - Processing lobbyist ID: 153147997226-42
2025-11-02 12:28:07,813 - INFO - Processing lobbyist ID: 1531604100089-95
2025-11-02 12:28:09,138 - INFO - Processing lobbyist ID: 153178110348-30
2025-11-02 12:28:10,474 - INFO - Processing lobbyist ID: 153269531817-34
2025-11-02 12:28:11,864 - INFO - Processing lobbyist ID: 153270594205-95
2025-11-02 12:28:13,178 - INFO - Processing lobbyist ID: 153381916892-45
2025-11-02 12:28:14,404 - INFO - Processing lobbyist ID: 15340821653-49
2025-11-02 12:28:16,129 - INFO - Processing lobbyist ID: 153423095766-85
2025-11-02 12:28:17,438 - INFO - Processing lobbyist ID: 153452315640-05
2025-11-02 12:28:18,770 - INFO - Processing lobbyist ID: 153495442079-10
2025-11-02 12:28:20,252 - INFO - Processing lobbyist ID: 1535102100647-41
2025-11-02 12:28:21,489 - INFO - Processing lobbyist ID: 153518850290-29
2025-11-02 12:28:22,755 - INFO - Processed 2500 lobbyists out of 16087. Pausing for 3 seconds to avoid server overload...
2025-11-02 12:28:25,766 - INFO - Processing lobbyist ID: 153535097935-52
2025-11-02 12:28:27,148 - INFO - Processing lobbyist ID: 153540811905-01
2025-11-02 12:28:28,634 - INFO - Processing lobbyist ID: 153600235416-82
2025-11-02 12:28:29,921 - INFO - Processing lobbyist ID: 1536213101090-86
2025-11-02 12:28:31,131 - INFO - Processing lobbyist ID: 15366395387-57
2025-11-02 12:28:34,860 - INFO - Processing lobbyist ID: 153732825045-97
2025-11-02 12:28:36,223 - INFO - Processing lobbyist ID: 153848542743-75
2025-11-02 12:28:37,858 - INFO - Processing lobbyist ID: 153855495385-29
2025-11-02 12:28:39,330 - INFO - Processing lobbyist ID: 153882995425-37
2025-11-02 12:28:40,710 - INFO - Processing lobbyist ID: 15392729381-19
2025-11-02 12:28:42,477 - INFO - Processing lobbyist ID: 154088749267-31
2025-11-02 12:28:43,861 - INFO - Processing lobbyist ID: 154178694247-70
2025-11-02 12:28:45,184 - INFO - Processing lobbyist ID: 15423437054-40
2025-11-02 12:28:47,885 - INFO - Processing lobbyist ID: 154327452218-22
2025-11-02 12:28:49,129 - INFO - Processing lobbyist ID: 154408250142-79
2025-11-02 12:28:51,396 - INFO - Processing lobbyist ID: 154560050137-51
2025-11-02 12:28:52,797 - INFO - Processing lobbyist ID: 154561098726-66
2025-11-02 12:28:54,046 - INFO - Processing lobbyist ID: 154635219576-69
2025-11-02 12:28:55,730 - INFO - Processing lobbyist ID: 1546410100012-31
2025-11-02 12:28:57,192 - INFO - Processing lobbyist ID: 154752494321-02
2025-11-02 12:28:58,552 - INFO - Processing lobbyist ID: 154789029420-42
2025-11-02 12:28:59,918 - INFO - Processing lobbyist ID: 154796744100-72
2025-11-02 12:29:01,263 - INFO - Processing lobbyist ID: 15490332218-17
2025-11-02 12:29:02,697 - INFO - Processing lobbyist ID: 15491122381-71
2025-11-02 12:29:05,368 - INFO - Processing lobbyist ID: 154946999551-61
2025-11-02 12:29:06,685 - INFO - Processing lobbyist ID: 1550133398-72
2025-11-02 12:29:09,020 - INFO - Processing lobbyist ID: 15511499334-46
2025-11-02 12:29:11,019 - INFO - Processing lobbyist ID: 15519132837-45
2025-11-02 12:29:12,294 - INFO - Processing lobbyist ID: 155231145139-96
2025-11-02 12:29:13,530 - INFO - Processing lobbyist ID: 155256696629-17
2025-11-02 12:29:14,846 - INFO - Processing lobbyist ID: 1553142101093-31
2025-11-02 12:29:16,087 - INFO - Processing lobbyist ID: 155455216927-36
2025-11-02 12:29:18,092 - INFO - Processing lobbyist ID: 155481252953-86
2025-11-02 12:29:19,679 - INFO - Processing lobbyist ID: 155530512505-26
2025-11-02 12:29:21,022 - INFO - Processing lobbyist ID: 155730840543-53
2025-11-02 12:29:22,271 - INFO - Processing lobbyist ID: 155881930654-10
2025-11-02 12:29:23,851 - INFO - Processing lobbyist ID: 155902998076-86
2025-11-02 12:29:25,147 - INFO - Processing lobbyist ID: 155932744041-03
2025-11-02 12:29:26,856 - INFO - Processing lobbyist ID: 156094353251-82
2025-11-02 12:29:28,140 - INFO - Processing lobbyist ID: 156212922145-36
2025-11-02 12:29:29,634 - INFO - Processing lobbyist ID: 156216632057-20
2025-11-02 12:29:30,873 - INFO - Processing lobbyist ID: 156221295864-63
2025-11-02 12:29:32,117 - INFO - Processing lobbyist ID: 1562690100865-94
2025-11-02 12:29:33,363 - INFO - Processing lobbyist ID: 156540497526-67
2025-11-02 12:29:34,775 - INFO - Processing lobbyist ID: 156568594164-52
2025-11-02 12:29:36,142 - INFO - Processing lobbyist ID: 156572939166-11
2025-11-02 12:29:37,731 - INFO - Processing lobbyist ID: 156799113994-03
2025-11-02 12:29:39,125 - INFO - Processing lobbyist ID: 156808495601-30
2025-11-02 12:29:40,823 - INFO - Processing lobbyist ID: 156898119948-67
2025-11-02 12:29:42,109 - INFO - Processing lobbyist ID: 156922898626-23
2025-11-02 12:29:43,428 - INFO - Processing lobbyist ID: 156927595504-66
2025-11-02 12:29:44,652 - INFO - Processing lobbyist ID: 157029050913-86
2025-11-02 12:29:45,979 - INFO - Processing lobbyist ID: 157030317994-18
2025-11-02 12:29:47,385 - INFO - Processing lobbyist ID: 157132415832-83
2025-11-02 12:29:48,729 - INFO - Processing lobbyist ID: 157269723532-97
2025-11-02 12:29:50,296 - INFO - Processing lobbyist ID: 157323591733-78
2025-11-02 12:29:51,853 - INFO - Processing lobbyist ID: 157405242660-26
2025-11-02 12:29:53,593 - INFO - Processing lobbyist ID: 157451852432-38
2025-11-02 12:29:54,993 - INFO - Processing lobbyist ID: 157605092823-07
2025-11-02 12:29:56,287 - INFO - Processing lobbyist ID: 157659398014-24
2025-11-02 12:29:57,684 - INFO - Processing lobbyist ID: 157675593004-58
2025-11-02 12:29:58,946 - INFO - Processing lobbyist ID: 1578248100284-97
2025-11-02 12:30:00,681 - INFO - Processing lobbyist ID: 15789364550-66
2025-11-02 12:30:02,691 - INFO - Processing lobbyist ID: 157958695342-57
2025-11-02 12:30:04,049 - INFO - Processing lobbyist ID: 157988534103-89
2025-11-02 12:30:05,450 - INFO - Processing lobbyist ID: 158045199470-73
2025-11-02 12:30:06,724 - INFO - Processing lobbyist ID: 158246594689-80
2025-11-02 12:30:08,218 - INFO - Processing lobbyist ID: 158270723530-82
2025-11-02 12:30:09,575 - INFO - Processing lobbyist ID: 158400051168-24
2025-11-02 12:30:10,917 - INFO - Processing lobbyist ID: 1584348100554-19
2025-11-02 12:30:12,383 - INFO - Processing lobbyist ID: 158618495625-15
2025-11-02 12:30:13,653 - INFO - Processing lobbyist ID: 158653546765-42
2025-11-02 12:30:15,024 - INFO - Processing lobbyist ID: 158824225641-64
2025-11-02 12:30:16,363 - INFO - Processing lobbyist ID: 158909299477-50
2025-11-02 12:30:17,942 - INFO - Processing lobbyist ID: 158911428901-39
2025-11-02 12:30:19,338 - INFO - Processing lobbyist ID: 158922541572-78
2025-11-02 12:30:20,723 - INFO - Processing lobbyist ID: 1589722100090-50
2025-11-02 12:30:21,957 - INFO - Processing lobbyist ID: 159044244006-27
2025-11-02 12:30:23,274 - INFO - Processing lobbyist ID: 159044797835-77
2025-11-02 12:30:24,793 - INFO - Processing lobbyist ID: 1591278101083-62
2025-11-02 12:30:26,039 - INFO - Processing lobbyist ID: 15913213485-46
2025-11-02 12:30:28,673 - INFO - Processing lobbyist ID: 15914681331-83
2025-11-02 12:30:30,655 - INFO - Processing lobbyist ID: 159208346089-06
2025-11-02 12:30:32,502 - INFO - Processing lobbyist ID: 159298416382-03
2025-11-02 12:30:34,084 - INFO - Processing lobbyist ID: 159443231854-57
2025-11-02 12:30:35,416 - INFO - Processing lobbyist ID: 159459193633-70
2025-11-02 12:30:36,623 - INFO - Processing lobbyist ID: 159502992268-41
2025-11-02 12:30:37,907 - INFO - Processing lobbyist ID: 159547898141-06
2025-11-02 12:30:39,289 - INFO - Processing lobbyist ID: 159590251110-94
2025-11-02 12:30:41,041 - INFO - Processing lobbyist ID: 159694452339-56
2025-11-02 12:30:42,387 - INFO - Processing lobbyist ID: 159862797082-46
2025-11-02 12:30:43,706 - INFO - Processing lobbyist ID: 15997912445-80
2025-11-02 12:30:45,577 - INFO - Processing lobbyist ID: 160007197038-12
2025-11-02 12:30:46,976 - INFO - Processing lobbyist ID: 160029427104-57
2025-11-02 12:30:48,340 - INFO - Processing lobbyist ID: 160084121905-67
2025-11-02 12:30:49,637 - INFO - Processing lobbyist ID: 160101837530-38
2025-11-02 12:30:51,225 - INFO - Processing lobbyist ID: 160107821278-07
2025-11-02 12:30:52,560 - INFO - Processing lobbyist ID: 160125698028-87
2025-11-02 12:30:53,863 - INFO - Processing lobbyist ID: 160146493846-20
2025-11-02 12:30:55,178 - INFO - Processing lobbyist ID: 160321196471-71
2025-11-02 12:30:56,399 - INFO - Processed 2600 lobbyists out of 16087. Pausing for 3 seconds to avoid server overload...
2025-11-02 12:30:59,411 - INFO - Processing lobbyist ID: 160441044086-79
2025-11-02 12:31:00,843 - INFO - Processing lobbyist ID: 1605014100185-22
2025-11-02 12:31:02,325 - INFO - Processing lobbyist ID: 16057181340-75
2025-11-02 12:31:03,811 - INFO - Processing lobbyist ID: 1608911100954-56
2025-11-02 12:31:05,064 - INFO - Processing lobbyist ID: 16094042309-21
2025-11-02 12:31:08,497 - INFO - Processing lobbyist ID: 160969739303-16
2025-11-02 12:31:10,293 - INFO - Processing lobbyist ID: 161157710612-65
2025-11-02 12:31:12,683 - INFO - Processing lobbyist ID: 161248194743-67
2025-11-02 12:31:14,006 - INFO - Processing lobbyist ID: 161492093386-67
2025-11-02 12:31:15,274 - INFO - Processing lobbyist ID: 161549699277-27
2025-11-02 12:31:16,617 - INFO - Processing lobbyist ID: 161569748557-42
2025-11-02 12:31:17,876 - INFO - Processing lobbyist ID: 16178359495-57
2025-11-02 12:31:19,457 - INFO - Processing lobbyist ID: 161848451753-94
2025-11-02 12:31:20,890 - INFO - Processing lobbyist ID: 161972852909-74
2025-11-02 12:31:22,127 - INFO - Processing lobbyist ID: 161974996815-51
2025-11-02 12:31:23,463 - INFO - Processing lobbyist ID: 162014698685-44
2025-11-02 12:31:24,757 - INFO - Processing lobbyist ID: 162016550334-30
2025-11-02 12:31:26,075 - INFO - Processing lobbyist ID: 162038351762-73
2025-11-02 12:31:27,583 - INFO - Processing lobbyist ID: 162092429393-66
2025-11-02 12:31:29,103 - INFO - Processing lobbyist ID: 162098243136-39
2025-11-02 12:31:30,810 - INFO - Processing lobbyist ID: 162142992765-97
2025-11-02 12:31:32,080 - INFO - Processing lobbyist ID: 162258150652-40
2025-11-02 12:31:33,420 - INFO - Processing lobbyist ID: 162360211825-62
2025-11-02 12:31:34,748 - INFO - Processing lobbyist ID: 162376999009-23
2025-11-02 12:31:36,212 - INFO - Processing lobbyist ID: 162431991765-16
2025-11-02 12:31:37,771 - INFO - Processing lobbyist ID: 162478996362-95
2025-11-02 12:31:39,345 - INFO - Processing lobbyist ID: 162693721480-39
2025-11-02 12:31:40,612 - INFO - Processing lobbyist ID: 162711719247-82
2025-11-02 12:31:42,432 - INFO - Processing lobbyist ID: 162771718573-47
2025-11-02 12:31:43,893 - INFO - Processing lobbyist ID: 162788227167-76
2025-11-02 12:31:45,312 - INFO - Processing lobbyist ID: 163022446092-77
2025-11-02 12:31:46,781 - INFO - Processing lobbyist ID: 16311905144-06
2025-11-02 12:31:50,388 - INFO - Processing lobbyist ID: 163294391943-44
2025-11-02 12:31:51,863 - INFO - Processing lobbyist ID: 163369353168-62
2025-11-02 12:31:53,440 - INFO - Processing lobbyist ID: 163373217053-39
2025-11-02 12:31:54,750 - INFO - Processing lobbyist ID: 1634450483-86
2025-11-02 12:31:57,634 - INFO - Processing lobbyist ID: 163461511626-21
2025-11-02 12:31:59,257 - INFO - Processing lobbyist ID: 163494536726-42
2025-11-02 12:32:00,652 - INFO - Processing lobbyist ID: 163609092309-27
2025-11-02 12:32:02,155 - INFO - Processing lobbyist ID: 163655337025-64
2025-11-02 12:32:03,553 - INFO - Processing lobbyist ID: 163670898002-53
2025-11-02 12:32:05,023 - INFO - Processing lobbyist ID: 1637225479-02
2025-11-02 12:32:07,250 - INFO - Processing lobbyist ID: 163763023188-60
2025-11-02 12:32:08,573 - INFO - Processing lobbyist ID: 163797291755-09
2025-11-02 12:32:09,865 - INFO - Processing lobbyist ID: 163932298977-50
2025-11-02 12:32:11,113 - INFO - Processing lobbyist ID: 163943992093-53
2025-11-02 12:32:12,701 - INFO - Processing lobbyist ID: 1639613100399-57
2025-11-02 12:32:13,983 - INFO - Processing lobbyist ID: 164012250581-23
2025-11-02 12:32:15,334 - INFO - Processing lobbyist ID: 164044652574-14
2025-11-02 12:32:16,637 - INFO - Processing lobbyist ID: 164230540254-23
2025-11-02 12:32:18,211 - INFO - Processing lobbyist ID: 164288199651-71
2025-11-02 12:32:19,547 - INFO - Processing lobbyist ID: 164326630482-22
2025-11-02 12:32:21,063 - INFO - Processing lobbyist ID: 164327016536-86
2025-11-02 12:32:22,443 - INFO - Processing lobbyist ID: 164400294835-58
2025-11-02 12:32:24,268 - INFO - Processing lobbyist ID: 164631299387-03
2025-11-02 12:32:25,601 - INFO - Processing lobbyist ID: 164683917281-55
2025-11-02 12:32:27,246 - INFO - Processing lobbyist ID: 164947297077-65
2025-11-02 12:32:28,603 - INFO - Processing lobbyist ID: 165202837974-32
2025-11-02 12:32:33,229 - INFO - Processing lobbyist ID: 1652101101076-52
2025-11-02 12:32:34,493 - INFO - Processing lobbyist ID: 165362696765-14
2025-11-02 12:32:35,843 - INFO - Processing lobbyist ID: 1654248100416-97
2025-11-02 12:32:37,147 - INFO - Processing lobbyist ID: 16549972091-86
2025-11-02 12:32:40,453 - INFO - Processing lobbyist ID: 165510938519-35
2025-11-02 12:32:41,819 - INFO - Processing lobbyist ID: 165556248271-01
2025-11-02 12:32:43,553 - INFO - Processing lobbyist ID: 165572635821-96
2025-11-02 12:32:45,233 - INFO - Processing lobbyist ID: 165738398072-26
2025-11-02 12:32:46,710 - INFO - Processing lobbyist ID: 165748936355-02
2025-11-02 12:32:47,984 - INFO - Processing lobbyist ID: 165823651242-62
2025-11-02 12:32:49,455 - INFO - Processing lobbyist ID: 165834098017-33
2025-11-02 12:32:50,780 - INFO - Processing lobbyist ID: 165838227131-07
2025-11-02 12:32:54,098 - INFO - Processing lobbyist ID: 165951593147-33
2025-11-02 12:32:55,359 - INFO - Processing lobbyist ID: 16595501800-80
2025-11-02 12:32:57,478 - INFO - Processing lobbyist ID: 165988146083-20
2025-11-02 12:32:58,953 - INFO - Processing lobbyist ID: 166110338701-60
2025-11-02 12:33:00,255 - INFO - Processing lobbyist ID: 166174832584-75
2025-11-02 12:33:01,680 - INFO - Processing lobbyist ID: 166269891661-38
2025-11-02 12:33:03,113 - INFO - Processing lobbyist ID: 166316298700-18
2025-11-02 12:33:04,500 - INFO - Processing lobbyist ID: 166412520967-61
2025-11-02 12:33:06,226 - INFO - Processing lobbyist ID: 166428934799-80
2025-11-02 12:33:07,698 - INFO - Processing lobbyist ID: 166507027315-96
2025-11-02 12:33:09,019 - INFO - Processing lobbyist ID: 166538034109-17
2025-11-02 12:33:10,525 - INFO - Processing lobbyist ID: 166748352711-71
2025-11-02 12:33:11,942 - INFO - Processing lobbyist ID: 166921329014-91
2025-11-02 12:33:13,352 - INFO - Processing lobbyist ID: 167087614592-62
2025-11-02 12:33:14,730 - INFO - Processing lobbyist ID: 167141426218-30
2025-11-02 12:33:16,028 - INFO - Processing lobbyist ID: 167169536278-67
2025-11-02 12:33:17,378 - INFO - Processing lobbyist ID: 167336499216-44
2025-11-02 12:33:18,796 - INFO - Processing lobbyist ID: 167413627983-49
2025-11-02 12:33:20,479 - INFO - Processing lobbyist ID: 167608843380-26
2025-11-02 12:33:21,793 - INFO - Processing lobbyist ID: 167635521205-92
2025-11-02 12:33:23,302 - INFO - Processing lobbyist ID: 167661034032-04
2025-11-02 12:33:24,688 - INFO - Processing lobbyist ID: 167769023516-11
2025-11-02 12:33:26,365 - INFO - Processing lobbyist ID: 16780497098-91
2025-11-02 12:33:27,776 - INFO - Processing lobbyist ID: 167833496539-58
2025-11-02 12:33:29,242 - INFO - Processing lobbyist ID: 167911131880-83
2025-11-02 12:33:30,610 - INFO - Processing lobbyist ID: 167957397681-19
2025-11-02 12:33:32,115 - INFO - Processing lobbyist ID: 168069692041-64
2025-11-02 12:33:33,586 - INFO - Processing lobbyist ID: 168078092942-09
2025-11-02 12:33:34,886 - INFO - Processing lobbyist ID: 168090639506-30
2025-11-02 12:33:36,464 - INFO - Processing lobbyist ID: 168110395914-26
2025-11-02 12:33:37,855 - INFO - Processed 2700 lobbyists out of 16087. Pausing for 3 seconds to avoid server overload...
2025-11-02 12:33:40,869 - INFO - Processing lobbyist ID: 16818933143-79
2025-11-02 12:33:42,211 - INFO - Processing lobbyist ID: 168222296978-22
2025-11-02 12:33:44,301 - INFO - Processing lobbyist ID: 16822412339-79
2025-11-02 12:33:47,543 - INFO - Processing lobbyist ID: 168229895924-10
2025-11-02 12:33:48,798 - INFO - Processing lobbyist ID: 1682672100357-42
2025-11-02 12:33:50,235 - INFO - Processing lobbyist ID: 168406021073-77
2025-11-02 12:33:51,518 - INFO - Processing lobbyist ID: 1685351100128-08
2025-11-02 12:33:53,052 - INFO - Processing lobbyist ID: 168566028029-15
2025-11-02 12:33:54,617 - INFO - Processing lobbyist ID: 168593196314-96
2025-11-02 12:33:55,938 - INFO - Processing lobbyist ID: 168808092296-73
2025-11-02 12:33:57,204 - INFO - Processing lobbyist ID: 168894151857-46
2025-11-02 12:33:58,767 - INFO - Processing lobbyist ID: 168989714324-36
2025-11-02 12:34:00,872 - INFO - Processing lobbyist ID: 169094225006-76
2025-11-02 12:34:02,166 - INFO - Processing lobbyist ID: 169100698918-94
2025-11-02 12:34:03,545 - INFO - Processing lobbyist ID: 169439010937-02
2025-11-02 12:34:04,853 - INFO - Processing lobbyist ID: 16951471658-73
2025-11-02 12:34:06,410 - INFO - Processing lobbyist ID: 169539493595-30
2025-11-02 12:34:07,657 - INFO - Processing lobbyist ID: 169603610073-70
2025-11-02 12:34:09,124 - INFO - Processing lobbyist ID: 169614215276-16
2025-11-02 12:34:10,435 - INFO - Processing lobbyist ID: 169627994261-30
2025-11-02 12:34:11,870 - INFO - Processing lobbyist ID: 169657694643-53
2025-11-02 12:34:13,201 - INFO - Processing lobbyist ID: 169673727443-86
2025-11-02 12:34:14,460 - INFO - Processing lobbyist ID: 169860499056-18
2025-11-02 12:34:15,686 - INFO - Processing lobbyist ID: 1698999100241-34
2025-11-02 12:34:17,023 - INFO - Processing lobbyist ID: 169998025130-55
2025-11-02 12:34:18,650 - INFO - Processing lobbyist ID: 16999985032-07
2025-11-02 12:34:20,594 - INFO - Processing lobbyist ID: 170069791624-81
2025-11-02 12:34:21,932 - INFO - Processing lobbyist ID: 170097794921-85
2025-11-02 12:34:23,301 - INFO - Processing lobbyist ID: 170100021998-13
2025-11-02 12:34:25,533 - INFO - Processing lobbyist ID: 170104997608-11
2025-11-02 12:34:26,882 - INFO - Processing lobbyist ID: 170365845611-52
2025-11-02 12:34:28,208 - INFO - Processing lobbyist ID: 170530519970-93
2025-11-02 12:34:29,754 - INFO - Processing lobbyist ID: 170540516186-69
2025-11-02 12:34:31,132 - INFO - Processing lobbyist ID: 170544928182-42
2025-11-02 12:34:32,629 - INFO - Processing lobbyist ID: 170568828821-78
2025-11-02 12:34:34,074 - INFO - Processing lobbyist ID: 170600295166-13
2025-11-02 12:34:35,408 - INFO - Processing lobbyist ID: 170663725783-37
2025-11-02 12:34:36,770 - INFO - Processing lobbyist ID: 170668052414-31
2025-11-02 12:34:38,065 - INFO - Processing lobbyist ID: 170724492922-04
2025-11-02 12:34:39,437 - INFO - Processing lobbyist ID: 170753098900-55
2025-11-02 12:34:40,674 - INFO - Processing lobbyist ID: 170759694752-37
2025-11-02 12:34:41,935 - INFO - Processing lobbyist ID: 170784531762-42
2025-11-02 12:34:43,315 - INFO - Processing lobbyist ID: 170804199875-61
2025-11-02 12:34:44,578 - INFO - Processing lobbyist ID: 170820648591-36
2025-11-02 12:34:46,069 - INFO - Processing lobbyist ID: 170823739840-85
2025-11-02 12:34:47,752 - INFO - Processing lobbyist ID: 17089279239-16
2025-11-02 12:34:49,154 - INFO - Processing lobbyist ID: 170981699075-95
2025-11-02 12:34:50,366 - INFO - Processing lobbyist ID: 171032997050-70
2025-11-02 12:34:51,740 - INFO - Processing lobbyist ID: 1710335466-15
2025-11-02 12:34:53,413 - INFO - Processing lobbyist ID: 171088625624-88
2025-11-02 12:34:54,907 - INFO - Processing lobbyist ID: 171172094170-39
2025-11-02 12:34:56,132 - INFO - Processing lobbyist ID: 171175099272-31
2025-11-02 12:34:57,419 - INFO - Processing lobbyist ID: 171292951148-74
2025-11-02 12:34:58,692 - INFO - Processing lobbyist ID: 171298025234-65
2025-11-02 12:35:00,076 - INFO - Processing lobbyist ID: 17132036322-34
2025-11-02 12:35:02,841 - INFO - Processing lobbyist ID: 171353849807-01
2025-11-02 12:35:04,133 - INFO - Processing lobbyist ID: 17144181426-26
2025-11-02 12:35:05,580 - INFO - Processing lobbyist ID: 171474252582-95
2025-11-02 12:35:06,874 - INFO - Processing lobbyist ID: 171477723749-22
2025-11-02 12:35:08,203 - INFO - Processing lobbyist ID: 171598852000-42
2025-11-02 12:35:09,672 - INFO - Processing lobbyist ID: 171640811897-34
2025-11-02 12:35:11,199 - INFO - Processing lobbyist ID: 171735796256-12
2025-11-02 12:35:12,540 - INFO - Processing lobbyist ID: 1718912100293-51
2025-11-02 12:35:13,810 - INFO - Processing lobbyist ID: 171944149409-97
2025-11-02 12:35:15,166 - INFO - Processing lobbyist ID: 172031830923-23
2025-11-02 12:35:16,521 - INFO - Processing lobbyist ID: 172039636517-45
2025-11-02 12:35:17,788 - INFO - Processing lobbyist ID: 172395496647-22
2025-11-02 12:35:19,083 - INFO - Processing lobbyist ID: 172400533167-56
2025-11-02 12:35:20,398 - INFO - Processing lobbyist ID: 172433422903-50
2025-11-02 12:35:21,883 - INFO - Processing lobbyist ID: 172495198782-07
2025-11-02 12:35:23,171 - INFO - Processing lobbyist ID: 172532248970-87
2025-11-02 12:35:24,470 - INFO - Processing lobbyist ID: 172583891704-02
2025-11-02 12:35:25,862 - INFO - Processing lobbyist ID: 17258866933-24
2025-11-02 12:35:27,287 - INFO - Processing lobbyist ID: 172644198723-88
2025-11-02 12:35:28,589 - INFO - Processing lobbyist ID: 172647094262-11
2025-11-02 12:35:29,868 - INFO - Processing lobbyist ID: 172671852009-61
2025-11-02 12:35:31,180 - INFO - Processing lobbyist ID: 172687896545-37
2025-11-02 12:35:32,419 - INFO - Processing lobbyist ID: 17281088727-85
2025-11-02 12:35:34,242 - INFO - Processing lobbyist ID: 1728218100248-35
2025-11-02 12:35:35,582 - INFO - Processing lobbyist ID: 172833946173-81
2025-11-02 12:35:37,014 - INFO - Processing lobbyist ID: 17284292859-45
2025-11-02 12:35:38,392 - INFO - Processing lobbyist ID: 172878639235-51
2025-11-02 12:35:39,800 - INFO - Processing lobbyist ID: 172933491707-16
2025-11-02 12:35:41,143 - INFO - Processing lobbyist ID: 172997525551-20
2025-11-02 12:35:42,486 - INFO - Processing lobbyist ID: 173042412678-08
2025-11-02 12:35:44,300 - INFO - Processing lobbyist ID: 173057196241-95
2025-11-02 12:35:45,688 - INFO - Processing lobbyist ID: 173076213280-06
2025-11-02 12:35:47,359 - INFO - Processing lobbyist ID: 173103192624-67
2025-11-02 12:35:48,604 - INFO - Processing lobbyist ID: 173229197870-78
2025-11-02 12:35:49,957 - INFO - Processing lobbyist ID: 1733114388-50
2025-11-02 12:35:52,309 - INFO - Processing lobbyist ID: 173343238166-37
2025-11-02 12:35:54,068 - INFO - Processing lobbyist ID: 173532529975-58
2025-11-02 12:35:55,585 - INFO - Processing lobbyist ID: 173546594461-77
2025-11-02 12:35:57,016 - INFO - Processing lobbyist ID: 1736860100729-68
2025-11-02 12:35:58,287 - INFO - Processing lobbyist ID: 173802917039-85
2025-11-02 12:35:59,753 - INFO - Processing lobbyist ID: 173859292446-85
2025-11-02 12:36:01,029 - INFO - Processing lobbyist ID: 173878549833-26
2025-11-02 12:36:02,752 - INFO - Processing lobbyist ID: 173886196699-77
2025-11-02 12:36:04,165 - INFO - Processing lobbyist ID: 173911445066-38
2025-11-02 12:36:05,434 - INFO - Processing lobbyist ID: 173965849779-20
2025-11-02 12:36:06,711 - INFO - Processed 2800 lobbyists out of 16087. Pausing for 3 seconds to avoid server overload...
2025-11-02 12:36:09,722 - INFO - Processing lobbyist ID: 174042620514-51
2025-11-02 12:36:11,242 - INFO - Processing lobbyist ID: 174042826292-34
2025-11-02 12:36:12,477 - INFO - Processing lobbyist ID: 174106641823-24
2025-11-02 12:36:13,717 - INFO - Processing lobbyist ID: 17413855438-74
2025-11-02 12:36:15,476 - INFO - Processing lobbyist ID: 174139451697-90
2025-11-02 12:36:16,887 - INFO - Processing lobbyist ID: 174279894465-15
2025-11-02 12:36:18,102 - INFO - Processing lobbyist ID: 174323296290-89
2025-11-02 12:36:19,499 - INFO - Processing lobbyist ID: 174426196320-28
2025-11-02 12:36:20,797 - INFO - Processing lobbyist ID: 174430097193-80
2025-11-02 12:36:22,181 - INFO - Processing lobbyist ID: 174447099137-38
2025-11-02 12:36:23,426 - INFO - Processing lobbyist ID: 174451245812-18
2025-11-02 12:36:25,117 - INFO - Processing lobbyist ID: 174457719063-67
2025-11-02 12:36:27,549 - INFO - Processing lobbyist ID: 174496836698-41
2025-11-02 12:36:29,001 - INFO - Processing lobbyist ID: 174505416908-17
2025-11-02 12:36:30,391 - INFO - Processing lobbyist ID: 174652497312-48
2025-11-02 12:36:31,636 - INFO - Processing lobbyist ID: 174683394294-51
2025-11-02 12:36:32,878 - INFO - Processing lobbyist ID: 174765349204-32
2025-11-02 12:36:34,406 - INFO - Processing lobbyist ID: 174779050296-36
2025-11-02 12:36:35,736 - INFO - Processing lobbyist ID: 174779828404-87
2025-11-02 12:36:37,067 - INFO - Processing lobbyist ID: 1748667100861-57
2025-11-02 12:36:38,353 - INFO - Processing lobbyist ID: 174907742729-48
2025-11-02 12:36:39,766 - INFO - Processing lobbyist ID: 174980649654-78
2025-11-02 12:36:41,180 - INFO - Processing lobbyist ID: 175055594966-68
2025-11-02 12:36:42,528 - INFO - Processing lobbyist ID: 175076448098-33
2025-11-02 12:36:43,739 - INFO - Processing lobbyist ID: 175234051029-49
2025-11-02 12:36:45,007 - INFO - Processing lobbyist ID: 175240598101-16
2025-11-02 12:36:46,325 - INFO - Processing lobbyist ID: 175286523869-61
2025-11-02 12:36:48,043 - INFO - Processing lobbyist ID: 175323916168-03
2025-11-02 12:36:50,144 - INFO - Processing lobbyist ID: 175355899479-16
2025-11-02 12:36:51,435 - INFO - Processing lobbyist ID: 175502396218-50
2025-11-02 12:36:52,757 - INFO - Processing lobbyist ID: 175695224542-61
2025-11-02 12:36:54,106 - INFO - Processing lobbyist ID: 175860815232-45
2025-11-02 12:36:55,491 - INFO - Processing lobbyist ID: 175984826826-67
2025-11-02 12:36:56,818 - INFO - Processing lobbyist ID: 175998692304-27
2025-11-02 12:36:58,097 - INFO - Processing lobbyist ID: 176142042018-15
2025-11-02 12:36:59,493 - INFO - Processing lobbyist ID: 176334311014-43
2025-11-02 12:37:02,030 - INFO - Processing lobbyist ID: 1767102100548-17
2025-11-02 12:37:03,374 - INFO - Processing lobbyist ID: 176717318994-74
2025-11-02 12:37:04,624 - INFO - Processing lobbyist ID: 176983699027-55
2025-11-02 12:37:05,842 - INFO - Processing lobbyist ID: 176988394964-74
2025-11-02 12:37:07,126 - INFO - Processing lobbyist ID: 177040592308-38
2025-11-02 12:37:08,642 - INFO - Processing lobbyist ID: 1771817758-48
2025-11-02 12:37:19,608 - INFO - Processing lobbyist ID: 177238998920-89
2025-11-02 12:37:20,874 - INFO - Processing lobbyist ID: 177296639352-29
2025-11-02 12:37:22,252 - INFO - Processing lobbyist ID: 177326839581-89
2025-11-02 12:37:23,766 - INFO - Processing lobbyist ID: 177332092162-54
2025-11-02 12:37:25,046 - INFO - Processing lobbyist ID: 177499846215-41
2025-11-02 12:37:26,503 - INFO - Processing lobbyist ID: 177555951359-90
2025-11-02 12:37:27,954 - INFO - Processing lobbyist ID: 17758097980-76
2025-11-02 12:37:29,537 - INFO - Processing lobbyist ID: 177759399766-95
2025-11-02 12:37:30,980 - INFO - Processing lobbyist ID: 177817848574-50
2025-11-02 12:37:32,329 - INFO - Processing lobbyist ID: 177819025928-68
2025-11-02 12:37:33,516 - INFO - Processing lobbyist ID: 177837249015-02
2025-11-02 12:37:34,732 - INFO - Processing lobbyist ID: 17798717671-62
2025-11-02 12:37:36,786 - INFO - Processing lobbyist ID: 177994617312-19
2025-11-02 12:37:38,787 - INFO - Processing lobbyist ID: 17804464809-28
2025-11-02 12:37:42,841 - INFO - Processing lobbyist ID: 178119194583-18
2025-11-02 12:37:44,154 - INFO - Processing lobbyist ID: 178124721602-55
2025-11-02 12:37:45,516 - INFO - Processing lobbyist ID: 178165699631-46
2025-11-02 12:37:46,864 - INFO - Processing lobbyist ID: 178305418771-81
2025-11-02 12:37:48,768 - INFO - Processing lobbyist ID: 178415126769-41
2025-11-02 12:37:50,323 - INFO - Processing lobbyist ID: 178419947951-40
2025-11-02 12:37:51,709 - INFO - Processing lobbyist ID: 178421035494-70
2025-11-02 12:37:53,423 - INFO - Processing lobbyist ID: 178423196063-48
2025-11-02 12:37:55,136 - INFO - Processing lobbyist ID: 1784733100935-20
2025-11-02 12:37:56,837 - INFO - Processing lobbyist ID: 178522799987-05
2025-11-02 12:37:58,158 - INFO - Processing lobbyist ID: 178534792822-84
2025-11-02 12:37:59,484 - INFO - Processing lobbyist ID: 178553952163-37
2025-11-02 12:38:00,849 - INFO - Processing lobbyist ID: 178566398566-81
2025-11-02 12:38:02,155 - INFO - Processing lobbyist ID: 178600549044-07
2025-11-02 12:38:03,406 - INFO - Processing lobbyist ID: 178692739443-23
2025-11-02 12:38:04,767 - INFO - Processing lobbyist ID: 1787783100938-20
2025-11-02 12:38:06,311 - INFO - Processing lobbyist ID: 178787199557-14
2025-11-02 12:38:07,987 - INFO - Processing lobbyist ID: 178830546881-04
2025-11-02 12:38:09,247 - INFO - Processing lobbyist ID: 178831615858-62
2025-11-02 12:38:10,762 - INFO - Processing lobbyist ID: 178836117777-57
2025-11-02 12:38:12,219 - INFO - Processing lobbyist ID: 17888758870-92
2025-11-02 12:38:14,433 - INFO - Processing lobbyist ID: 178915092096-18
2025-11-02 12:38:15,931 - INFO - Processing lobbyist ID: 178971295990-21
2025-11-02 12:38:17,307 - INFO - Processing lobbyist ID: 17909506129-41
2025-11-02 12:38:21,537 - INFO - Processing lobbyist ID: 179234825391-33
2025-11-02 12:38:22,827 - INFO - Processing lobbyist ID: 179261840509-37
2025-11-02 12:38:24,156 - INFO - Processing lobbyist ID: 179298153290-97
2025-11-02 12:38:25,512 - INFO - Processing lobbyist ID: 179328425335-64
2025-11-02 12:38:27,052 - INFO - Processing lobbyist ID: 179370613236-62
2025-11-02 12:38:29,823 - INFO - Processing lobbyist ID: 179402848321-67
2025-11-02 12:38:31,676 - INFO - Processing lobbyist ID: 179404347027-84
2025-11-02 12:38:33,162 - INFO - Processing lobbyist ID: 179463652894-16
2025-11-02 12:38:34,407 - INFO - Processing lobbyist ID: 179551845769-58
2025-11-02 12:38:35,810 - INFO - Processing lobbyist ID: 179612840909-89
2025-11-02 12:38:37,301 - INFO - Processing lobbyist ID: 179666549877-75
2025-11-02 12:38:38,930 - INFO - Processing lobbyist ID: 1797591100984-84
2025-11-02 12:38:40,277 - INFO - Processing lobbyist ID: 1798200413-71
2025-11-02 12:38:42,390 - INFO - Processing lobbyist ID: 179867992316-16
2025-11-02 12:38:43,740 - INFO - Processing lobbyist ID: 179947894969-91
2025-11-02 12:38:45,136 - INFO - Processing lobbyist ID: 180001952045-46
2025-11-02 12:38:46,538 - INFO - Processing lobbyist ID: 180008594613-12
2025-11-02 12:38:47,935 - INFO - Processing lobbyist ID: 180076324938-66
2025-11-02 12:38:49,596 - INFO - Processing lobbyist ID: 1801516100847-08
2025-11-02 12:38:50,857 - INFO - Processing lobbyist ID: 180153441003-55
2025-11-02 12:38:52,160 - INFO - Processed 2900 lobbyists out of 16087. Pausing for 3 seconds to avoid server overload...
2025-11-02 12:38:55,172 - INFO - Processing lobbyist ID: 180203343227-11
2025-11-02 12:38:56,532 - INFO - Processing lobbyist ID: 1805107590-28
2025-11-02 12:39:00,880 - INFO - Processing lobbyist ID: 180512152809-75
2025-11-02 12:39:02,144 - INFO - Processing lobbyist ID: 18082924076-29
2025-11-02 12:39:03,822 - INFO - Processing lobbyist ID: 180869451601-61
2025-11-02 12:39:05,429 - INFO - Processing lobbyist ID: 180924799486-94
2025-11-02 12:39:06,653 - INFO - Processing lobbyist ID: 180960351722-68
2025-11-02 12:39:08,003 - INFO - Processing lobbyist ID: 180972127836-49
2025-11-02 12:39:09,772 - INFO - Processing lobbyist ID: 181001832243-49
2025-11-02 12:39:11,177 - INFO - Processing lobbyist ID: 181069237409-88
2025-11-02 12:39:12,568 - INFO - Processing lobbyist ID: 181153610716-87
2025-11-02 12:39:13,888 - INFO - Processing lobbyist ID: 1811573195-25
2025-11-02 12:39:15,869 - INFO - Processing lobbyist ID: 181296094282-45
2025-11-02 12:39:17,229 - INFO - Processing lobbyist ID: 181428234472-95
2025-11-02 12:39:18,593 - INFO - Processing lobbyist ID: 1815241602-21
2025-11-02 12:39:20,247 - INFO - Processing lobbyist ID: 181526639749-13
2025-11-02 12:39:21,563 - INFO - Processing lobbyist ID: 181580220120-88
2025-11-02 12:39:22,825 - INFO - Processing lobbyist ID: 181667792087-61
2025-11-02 12:39:24,245 - INFO - Processing lobbyist ID: 181684694383-43
2025-11-02 12:39:25,475 - INFO - Processing lobbyist ID: 181769599305-25
2025-11-02 12:39:27,096 - INFO - Processing lobbyist ID: 181778123351-61
2025-11-02 12:39:28,541 - INFO - Processing lobbyist ID: 181814498559-96
2025-11-02 12:39:29,789 - INFO - Processing lobbyist ID: 181818899786-78
2025-11-02 12:39:31,087 - INFO - Processing lobbyist ID: 1818189101100-21
2025-11-02 12:39:32,473 - INFO - Processing lobbyist ID: 181823053178-62
2025-11-02 12:39:34,891 - INFO - Processing lobbyist ID: 181847424686-26
2025-11-02 12:39:36,158 - INFO - Processing lobbyist ID: 181863430334-01
2025-11-02 12:39:37,834 - INFO - Processing lobbyist ID: 18191445640-83
2025-11-02 12:39:40,629 - INFO - Processing lobbyist ID: 182048447110-92
2025-11-02 12:39:41,968 - INFO - Processing lobbyist ID: 182073099882-91
2025-11-02 12:39:43,206 - INFO - Processing lobbyist ID: 182131091666-32
2025-11-02 12:39:44,482 - INFO - Processing lobbyist ID: 182254397173-82
2025-11-02 12:39:45,910 - INFO - Processing lobbyist ID: 182334395669-91
2025-11-02 12:39:47,199 - INFO - Processing lobbyist ID: 182396997291-07
2025-11-02 12:39:48,469 - INFO - Processing lobbyist ID: 182401594650-91
2025-11-02 12:39:50,151 - INFO - Processing lobbyist ID: 182514399340-55
2025-11-02 12:39:51,456 - INFO - Processing lobbyist ID: 182535398585-40
2025-11-02 12:39:52,701 - INFO - Processing lobbyist ID: 182552298702-86
2025-11-02 12:39:53,961 - INFO - Processing lobbyist ID: 182695516039-78
2025-11-02 12:39:55,255 - INFO - Processing lobbyist ID: 182721150939-06
2025-11-02 12:39:56,588 - INFO - Processing lobbyist ID: 182738349391-02
2025-11-02 12:39:57,874 - INFO - Processing lobbyist ID: 182821745864-50
2025-11-02 12:39:59,230 - INFO - Processing lobbyist ID: 182920592207-72
2025-11-02 12:40:00,600 - INFO - Processing lobbyist ID: 1829905100721-58
2025-11-02 12:40:02,008 - INFO - Processing lobbyist ID: 183025496842-52
2025-11-02 12:40:03,281 - INFO - Processing lobbyist ID: 183063439272-89
2025-11-02 12:40:04,520 - INFO - Processing lobbyist ID: 183089341543-86
2025-11-02 12:40:06,653 - INFO - Processing lobbyist ID: 183111391722-94
2025-11-02 12:40:08,059 - INFO - Processing lobbyist ID: 183123451856-29
2025-11-02 12:40:09,765 - INFO - Processing lobbyist ID: 183192748004-32
2025-11-02 12:40:11,179 - INFO - Processing lobbyist ID: 183253528053-26
2025-11-02 12:40:12,651 - INFO - Processing lobbyist ID: 183397449060-23
2025-11-02 12:40:13,989 - INFO - Processing lobbyist ID: 18343956476-47
2025-11-02 12:40:16,047 - INFO - Processing lobbyist ID: 183495699008-01
2025-11-02 12:40:17,352 - INFO - Processing lobbyist ID: 183651091821-10
2025-11-02 12:40:18,725 - INFO - Processing lobbyist ID: 183697319056-15
2025-11-02 12:40:20,102 - INFO - Processing lobbyist ID: 18370091485-91
2025-11-02 12:40:21,436 - INFO - Processing lobbyist ID: 18379149519-78
2025-11-02 12:40:22,841 - INFO - Processing lobbyist ID: 183846193549-05
2025-11-02 12:40:24,096 - INFO - Processing lobbyist ID: 183941321097-90
2025-11-02 12:40:25,527 - INFO - Processing lobbyist ID: 184006940046-47
2025-11-02 12:40:26,907 - INFO - Processing lobbyist ID: 184027545471-80
2025-11-02 12:40:29,338 - INFO - Processing lobbyist ID: 184123614290-39
2025-11-02 12:40:30,714 - INFO - Processing lobbyist ID: 184223751698-65
2025-11-02 12:40:32,168 - INFO - Processing lobbyist ID: 184533623412-30
2025-11-02 12:40:33,925 - INFO - Processing lobbyist ID: 18456627532-50
2025-11-02 12:40:35,185 - INFO - Processing lobbyist ID: 18460992206-03
2025-11-02 12:40:36,491 - INFO - Processing lobbyist ID: 184632338382-85
2025-11-02 12:40:37,796 - INFO - Processing lobbyist ID: 18466902007-33
2025-11-02 12:40:39,286 - INFO - Processing lobbyist ID: 184737599004-15
2025-11-02 12:40:40,554 - INFO - Processing lobbyist ID: 1849405799-88
2025-11-02 12:40:47,241 - INFO - Processing lobbyist ID: 185296944302-68
2025-11-02 12:40:48,730 - INFO - Processing lobbyist ID: 185392346412-67
2025-11-02 12:40:49,881 - INFO - Processing lobbyist ID: 185452651779-65
2025-11-02 12:40:51,180 - INFO - Processing lobbyist ID: 185470641468-08
2025-11-02 12:40:52,607 - INFO - Processing lobbyist ID: 185534848366-38
2025-11-02 12:40:53,742 - INFO - Processing lobbyist ID: 185549893682-30
2025-11-02 12:40:54,956 - INFO - Processing lobbyist ID: 185596743056-12
2025-11-02 12:40:56,206 - INFO - Processing lobbyist ID: 1856505100391-77
2025-11-02 12:40:57,409 - INFO - Processing lobbyist ID: 185654451765-89
2025-11-02 12:40:58,773 - INFO - Processing lobbyist ID: 185689791629-60
2025-11-02 12:41:00,079 - INFO - Processing lobbyist ID: 185725098143-89
2025-11-02 12:41:01,420 - INFO - Processing lobbyist ID: 18574111503-28
2025-11-02 12:41:05,947 - INFO - Processing lobbyist ID: 185777435695-52
2025-11-02 12:41:07,181 - INFO - Processing lobbyist ID: 185900492182-48
2025-11-02 12:41:08,501 - INFO - Processing lobbyist ID: 185981542836-34
2025-11-02 12:41:09,926 - INFO - Processing lobbyist ID: 186016745221-36
2025-11-02 12:41:11,316 - INFO - Processing lobbyist ID: 186073795854-01
2025-11-02 12:41:12,662 - INFO - Processing lobbyist ID: 186089996043-84
2025-11-02 12:41:14,070 - INFO - Processing lobbyist ID: 186128546972-40
2025-11-02 12:41:15,352 - INFO - Processing lobbyist ID: 186219991642-32
2025-11-02 12:41:16,606 - INFO - Processing lobbyist ID: 18638678159-24
2025-11-02 12:41:17,822 - INFO - Processing lobbyist ID: 186404548656-42
2025-11-02 12:41:19,310 - INFO - Processing lobbyist ID: 186550449159-84
2025-11-02 12:41:20,917 - INFO - Processing lobbyist ID: 186744251669-95
2025-11-02 12:41:22,153 - INFO - Processing lobbyist ID: 186750591533-88
2025-11-02 12:41:23,662 - INFO - Processing lobbyist ID: 186926194645-49
2025-11-02 12:41:24,920 - INFO - Processing lobbyist ID: 1870065100257-16
2025-11-02 12:41:26,121 - INFO - Processing lobbyist ID: 187008253117-24
2025-11-02 12:41:27,386 - INFO - Processing lobbyist ID: 187160898402-10
2025-11-02 12:41:28,545 - INFO - Processed 3000 lobbyists out of 16087. Pausing for 3 seconds to avoid server overload...
2025-11-02 12:41:31,558 - INFO - Processing lobbyist ID: 187290847654-32
2025-11-02 12:41:32,982 - INFO - Processing lobbyist ID: 187303350313-47
2025-11-02 12:41:34,226 - INFO - Processing lobbyist ID: 187555047865-16
2025-11-02 12:41:35,792 - INFO - Processing lobbyist ID: 187561321814-04
2025-11-02 12:41:37,200 - INFO - Processing lobbyist ID: 187726193787-89
2025-11-02 12:41:38,516 - INFO - Processing lobbyist ID: 187741994393-78
2025-11-02 12:41:39,738 - INFO - Processing lobbyist ID: 1877424100879-66
2025-11-02 12:41:40,993 - INFO - Processing lobbyist ID: 187896393601-75
2025-11-02 12:41:42,130 - INFO - Processing lobbyist ID: 187927299823-64
2025-11-02 12:41:43,355 - INFO - Processing lobbyist ID: 187958296370-08
2025-11-02 12:41:44,512 - INFO - Processing lobbyist ID: 187982333602-44
2025-11-02 12:41:45,899 - INFO - Processing lobbyist ID: 188133714462-27
2025-11-02 12:41:47,462 - INFO - Processing lobbyist ID: 188148999383-46
2025-11-02 12:41:48,748 - INFO - Processing lobbyist ID: 188297896809-92
2025-11-02 12:41:50,211 - INFO - Processing lobbyist ID: 188439935936-53
2025-11-02 12:41:51,769 - INFO - Processing lobbyist ID: 188449993594-21
2025-11-02 12:41:53,078 - INFO - Processing lobbyist ID: 188505217747-03
2025-11-02 12:41:54,358 - INFO - Processing lobbyist ID: 188886394758-52
2025-11-02 12:41:55,545 - INFO - Processing lobbyist ID: 188918620990-58
2025-11-02 12:41:56,933 - INFO - Processing lobbyist ID: 188950615786-50
2025-11-02 12:41:58,115 - INFO - Processing lobbyist ID: 188958695985-34
2025-11-02 12:41:59,281 - INFO - Processing lobbyist ID: 189086736758-93
2025-11-02 12:42:00,602 - INFO - Processing lobbyist ID: 189124595507-46
2025-11-02 12:42:01,895 - INFO - Processing lobbyist ID: 189140144165-48
2025-11-02 12:42:03,197 - INFO - Processing lobbyist ID: 189143131639-34
2025-11-02 12:42:04,729 - INFO - Processing lobbyist ID: 1891757100397-59
2025-11-02 12:42:05,887 - INFO - Processing lobbyist ID: 189286291636-94
2025-11-02 12:42:07,091 - INFO - Processing lobbyist ID: 18939412904-80
2025-11-02 12:42:08,347 - INFO - Processing lobbyist ID: 18940431725-51
2025-11-02 12:42:10,141 - INFO - Processing lobbyist ID: 18941013532-08
2025-11-02 12:42:15,220 - INFO - Processing lobbyist ID: 189442826746-37
2025-11-02 12:42:16,475 - INFO - Processing lobbyist ID: 189452350536-09
2025-11-02 12:42:17,679 - INFO - Processing lobbyist ID: 1894704851-83
2025-11-02 12:42:20,530 - INFO - Processing lobbyist ID: 189508645895-47
2025-11-02 12:42:21,804 - INFO - Processing lobbyist ID: 189510925414-06
2025-11-02 12:42:23,600 - INFO - Processing lobbyist ID: 189583796325-82
2025-11-02 12:42:25,022 - INFO - Processing lobbyist ID: 189603195982-18
2025-11-02 12:42:26,192 - INFO - Processing lobbyist ID: 189607519323-76
2025-11-02 12:42:29,347 - INFO - Processing lobbyist ID: 189629721386-14
2025-11-02 12:42:30,628 - INFO - Processing lobbyist ID: 189661446368-32
2025-11-02 12:42:31,884 - INFO - Processing lobbyist ID: 189720828138-88
2025-11-02 12:42:33,285 - INFO - Processing lobbyist ID: 189729751531-96
2025-11-02 12:42:34,583 - INFO - Processing lobbyist ID: 189851195481-02
2025-11-02 12:42:35,741 - INFO - Processing lobbyist ID: 190044226228-01
2025-11-02 12:42:37,016 - INFO - Processing lobbyist ID: 190180095676-36
2025-11-02 12:42:38,143 - INFO - Processing lobbyist ID: 190222750292-47
2025-11-02 12:42:39,379 - INFO - Processing lobbyist ID: 190283795683-27
2025-11-02 12:42:40,795 - INFO - Processing lobbyist ID: 1904189100041-63
2025-11-02 12:42:42,140 - INFO - Processing lobbyist ID: 190419591987-52
2025-11-02 12:42:43,317 - INFO - Processing lobbyist ID: 190444812041-08
2025-11-02 12:42:44,745 - INFO - Processing lobbyist ID: 190609799079-87
2025-11-02 12:42:45,882 - INFO - Processing lobbyist ID: 190638649247-48
2025-11-02 12:42:47,099 - INFO - Processing lobbyist ID: 190745697251-67
2025-11-02 12:42:48,363 - INFO - Processing lobbyist ID: 190775245617-48
2025-11-02 12:42:49,544 - INFO - Processing lobbyist ID: 190810415919-85
2025-11-02 12:42:50,994 - INFO - Processing lobbyist ID: 190869150285-95
2025-11-02 12:42:52,544 - INFO - Processing lobbyist ID: 190879698979-88
2025-11-02 12:42:54,669 - INFO - Processing lobbyist ID: 19090871381-11
2025-11-02 12:42:55,863 - INFO - Processing lobbyist ID: 19093363838-48
2025-11-02 12:42:58,471 - INFO - Processing lobbyist ID: 190957995725-52
2025-11-02 12:42:59,618 - INFO - Processing lobbyist ID: 190965827778-97
2025-11-02 12:43:00,953 - INFO - Processing lobbyist ID: 190987114891-73
2025-11-02 12:43:03,634 - INFO - Processing lobbyist ID: 191029821862-52
2025-11-02 12:43:04,942 - INFO - Processing lobbyist ID: 19107072867-07
2025-11-02 12:43:06,144 - INFO - Processing lobbyist ID: 191149392001-80
2025-11-02 12:43:07,429 - INFO - Processing lobbyist ID: 191171993861-64
2025-11-02 12:43:09,124 - INFO - Processing lobbyist ID: 191231852769-72
2025-11-02 12:43:10,439 - INFO - Processing lobbyist ID: 191285330070-33
2025-11-02 12:43:12,251 - INFO - Processing lobbyist ID: 191309748246-09
2025-11-02 12:43:13,562 - INFO - Processing lobbyist ID: 191319744634-58
2025-11-02 12:43:16,618 - INFO - Processing lobbyist ID: 191371192290-03
2025-11-02 12:43:18,031 - INFO - Processing lobbyist ID: 191405352428-75
2025-11-02 12:43:19,309 - INFO - Processing lobbyist ID: 191460841636-07
2025-11-02 12:43:20,556 - INFO - Processing lobbyist ID: 191538712765-84
2025-11-02 12:43:22,176 - INFO - Processing lobbyist ID: 19153965510-75
2025-11-02 12:43:24,729 - INFO - Processing lobbyist ID: 191616792043-96
2025-11-02 12:43:26,034 - INFO - Processing lobbyist ID: 191668798189-39
2025-11-02 12:43:27,333 - INFO - Processing lobbyist ID: 191727097138-65
2025-11-02 12:43:28,545 - INFO - Processing lobbyist ID: 191838440537-52
2025-11-02 12:43:29,904 - INFO - Processing lobbyist ID: 192035398547-55
2025-11-02 12:43:31,179 - INFO - Processing lobbyist ID: 19227706301-14
2025-11-02 12:43:32,635 - INFO - Processing lobbyist ID: 192336151945-46
2025-11-02 12:43:33,947 - INFO - Processing lobbyist ID: 192393934698-62
2025-11-02 12:43:35,254 - INFO - Processing lobbyist ID: 192427141993-97
2025-11-02 12:43:36,649 - INFO - Processing lobbyist ID: 1924756100160-48
2025-11-02 12:43:38,055 - INFO - Processing lobbyist ID: 1926266100464-86
2025-11-02 12:43:39,360 - INFO - Processing lobbyist ID: 19265592757-25
2025-11-02 12:43:41,514 - INFO - Processing lobbyist ID: 192678699306-58
2025-11-02 12:43:42,898 - INFO - Processing lobbyist ID: 192754498535-70
2025-11-02 12:43:44,285 - INFO - Processing lobbyist ID: 192905850222-58
2025-11-02 12:43:45,647 - INFO - Processing lobbyist ID: 192912052010-36
2025-11-02 12:43:46,931 - INFO - Processing lobbyist ID: 192915931694-44
2025-11-02 12:43:48,257 - INFO - Processing lobbyist ID: 192942327645-57
2025-11-02 12:43:49,608 - INFO - Processing lobbyist ID: 193031998693-77
2025-11-02 12:43:50,951 - INFO - Processing lobbyist ID: 193056815367-44
2025-11-02 12:43:54,138 - INFO - Processing lobbyist ID: 193270036628-26
2025-11-02 12:43:55,546 - INFO - Processing lobbyist ID: 193284197292-39
2025-11-02 12:43:56,794 - INFO - Processing lobbyist ID: 193384748034-24
2025-11-02 12:43:58,017 - INFO - Processing lobbyist ID: 193442792683-80
2025-11-02 12:43:59,527 - INFO - Processing lobbyist ID: 193497219648-69
2025-11-02 12:44:00,824 - INFO - Processed 3100 lobbyists out of 16087. Pausing for 3 seconds to avoid server overload...
2025-11-02 12:44:03,836 - INFO - Processing lobbyist ID: 193588825276-25
2025-11-02 12:44:05,569 - INFO - Processing lobbyist ID: 193677795912-07
2025-11-02 12:44:06,848 - INFO - Processing lobbyist ID: 193746214007-06
2025-11-02 12:44:08,534 - INFO - Processing lobbyist ID: 193775197365-82
2025-11-02 12:44:10,716 - INFO - Processing lobbyist ID: 1938561921-91
2025-11-02 12:44:12,179 - INFO - Processing lobbyist ID: 1938947100130-57
2025-11-02 12:44:13,423 - INFO - Processing lobbyist ID: 193897138136-26
2025-11-02 12:44:14,849 - INFO - Processing lobbyist ID: 193941619798-35
2025-11-02 12:44:16,338 - INFO - Processing lobbyist ID: 194018149193-44
2025-11-02 12:44:17,949 - INFO - Processing lobbyist ID: 194034848431-45
2025-11-02 12:44:19,316 - INFO - Processing lobbyist ID: 194048338487-53
2025-11-02 12:44:20,632 - INFO - Processing lobbyist ID: 194058751547-76
2025-11-02 12:44:21,898 - INFO - Processing lobbyist ID: 194094423131-36
2025-11-02 12:44:24,681 - INFO - Processing lobbyist ID: 194099693815-27
2025-11-02 12:44:25,894 - INFO - Processing lobbyist ID: 194116394962-82
2025-11-02 12:44:27,302 - INFO - Processing lobbyist ID: 194195843361-94
2025-11-02 12:44:28,682 - INFO - Processing lobbyist ID: 194221424767-06
2025-11-02 12:44:30,431 - INFO - Processing lobbyist ID: 19432535159-54
2025-11-02 12:44:31,673 - INFO - Processing lobbyist ID: 194353896581-58
2025-11-02 12:44:32,963 - INFO - Processing lobbyist ID: 194460120111-14
2025-11-02 12:44:34,190 - INFO - Processing lobbyist ID: 194469245747-11
2025-11-02 12:44:35,538 - INFO - Processing lobbyist ID: 194518991651-02
2025-11-02 12:44:36,840 - INFO - Processing lobbyist ID: 194522840515-69
2025-11-02 12:44:38,145 - INFO - Processing lobbyist ID: 194885445254-71
2025-11-02 12:44:39,483 - INFO - Processing lobbyist ID: 194946997502-86
2025-11-02 12:44:40,757 - INFO - Processing lobbyist ID: 194953315534-56
2025-11-02 12:44:42,327 - INFO - Processing lobbyist ID: 195030293881-48
2025-11-02 12:44:43,788 - INFO - Processing lobbyist ID: 195086234994-96
2025-11-02 12:44:45,055 - INFO - Processing lobbyist ID: 195253249430-67
2025-11-02 12:44:46,446 - INFO - Processing lobbyist ID: 1954267427-31
2025-11-02 12:44:50,213 - INFO - Processing lobbyist ID: 195630425544-19
2025-11-02 12:44:51,644 - INFO - Processing lobbyist ID: 195644299833-80
2025-11-02 12:44:52,919 - INFO - Processing lobbyist ID: 195685246672-65
2025-11-02 12:44:54,320 - INFO - Processing lobbyist ID: 195843727873-63
2025-11-02 12:44:55,734 - INFO - Processing lobbyist ID: 195856043027-56
2025-11-02 12:44:57,232 - INFO - Processing lobbyist ID: 195951997128-65
2025-11-02 12:44:58,638 - INFO - Processing lobbyist ID: 195953193071-87
2025-11-02 12:44:59,950 - INFO - Processing lobbyist ID: 196089314145-44
2025-11-02 12:45:01,341 - INFO - Processing lobbyist ID: 196136299406-93
2025-11-02 12:45:02,860 - INFO - Processing lobbyist ID: 1962312100657-83
2025-11-02 12:45:04,175 - INFO - Processing lobbyist ID: 196359321438-80
2025-11-02 12:45:06,237 - INFO - Processing lobbyist ID: 196370435011-36
2025-11-02 12:45:07,912 - INFO - Processing lobbyist ID: 196374311732-92
2025-11-02 12:45:09,111 - INFO - Processing lobbyist ID: 196393537130-81
2025-11-02 12:45:10,558 - INFO - Processing lobbyist ID: 196421729923-74
2025-11-02 12:45:11,872 - INFO - Processing lobbyist ID: 196555323010-02
2025-11-02 12:45:13,482 - INFO - Processing lobbyist ID: 196715547549-06
2025-11-02 12:45:14,764 - INFO - Processing lobbyist ID: 196729348932-20
2025-11-02 12:45:16,023 - INFO - Processing lobbyist ID: 196866028527-63
2025-11-02 12:45:17,211 - INFO - Processing lobbyist ID: 196995223404-84
2025-11-02 12:45:18,648 - INFO - Processing lobbyist ID: 196997510883-76
2025-11-02 12:45:20,372 - INFO - Processing lobbyist ID: 197007994063-31
2025-11-02 12:45:21,781 - INFO - Processing lobbyist ID: 197051497402-72
2025-11-02 12:45:23,095 - INFO - Processing lobbyist ID: 19714485883-27
2025-11-02 12:45:24,392 - INFO - Processing lobbyist ID: 197160137253-60
2025-11-02 12:45:25,806 - INFO - Processing lobbyist ID: 197184824639-83
2025-11-02 12:45:27,366 - INFO - Processing lobbyist ID: 197211495930-33
2025-11-02 12:45:28,684 - INFO - Processing lobbyist ID: 197212845612-40
2025-11-02 12:45:29,979 - INFO - Processing lobbyist ID: 1972987100427-78
2025-11-02 12:45:31,253 - INFO - Processing lobbyist ID: 197360849465-93
2025-11-02 12:45:32,840 - INFO - Processing lobbyist ID: 19736167705-91
2025-11-02 12:45:34,816 - INFO - Processing lobbyist ID: 197364199181-04
2025-11-02 12:45:36,196 - INFO - Processing lobbyist ID: 197541932728-15
2025-11-02 12:45:37,445 - INFO - Processing lobbyist ID: 197555834515-30
2025-11-02 12:45:38,941 - INFO - Processing lobbyist ID: 1976705100851-59
2025-11-02 12:45:40,266 - INFO - Processing lobbyist ID: 1976712100456-89
2025-11-02 12:45:41,467 - INFO - Processing lobbyist ID: 1977669100253-19
2025-11-02 12:45:42,732 - INFO - Processing lobbyist ID: 1977807375-62
2025-11-02 12:45:44,956 - INFO - Processing lobbyist ID: 197830122389-52
2025-11-02 12:45:46,209 - INFO - Processing lobbyist ID: 197844798839-89
2025-11-02 12:45:47,577 - INFO - Processing lobbyist ID: 1978775156-31
2025-11-02 12:45:49,924 - INFO - Processing lobbyist ID: 197893993146-88
2025-11-02 12:45:51,146 - INFO - Processing lobbyist ID: 197960194445-35
2025-11-02 12:45:52,608 - INFO - Processing lobbyist ID: 198062214849-28
2025-11-02 12:45:54,013 - INFO - Processing lobbyist ID: 198063521842-62
2025-11-02 12:45:55,385 - INFO - Processing lobbyist ID: 19807921101-45
2025-11-02 12:45:57,111 - INFO - Processing lobbyist ID: 198138015530-53
2025-11-02 12:45:58,693 - INFO - Processing lobbyist ID: 198164196565-74
2025-11-02 12:46:00,067 - INFO - Processing lobbyist ID: 198220691711-29
2025-11-02 12:46:01,805 - INFO - Processing lobbyist ID: 198248150769-62
2025-11-02 12:46:03,245 - INFO - Processing lobbyist ID: 1983493100742-30
2025-11-02 12:46:04,480 - INFO - Processing lobbyist ID: 198354815537-92
2025-11-02 12:46:06,067 - INFO - Processing lobbyist ID: 198417852989-45
2025-11-02 12:46:07,570 - INFO - Processing lobbyist ID: 198421723232-71
2025-11-02 12:46:09,382 - INFO - Processing lobbyist ID: 198487236684-97
2025-11-02 12:46:10,798 - INFO - Processing lobbyist ID: 19853116579-64
2025-11-02 12:46:12,478 - INFO - Processing lobbyist ID: 198539331393-20
2025-11-02 12:46:13,804 - INFO - Processing lobbyist ID: 198653998023-82
2025-11-02 12:46:15,179 - INFO - Processing lobbyist ID: 198696432927-14
2025-11-02 12:46:16,528 - INFO - Processing lobbyist ID: 1987395101071-02
2025-11-02 12:46:17,827 - INFO - Processing lobbyist ID: 198748843390-90
2025-11-02 12:46:20,328 - INFO - Processing lobbyist ID: 198749549715-76
2025-11-02 12:46:21,536 - INFO - Processing lobbyist ID: 198907898805-25
2025-11-02 12:46:22,792 - INFO - Processing lobbyist ID: 198926413191-20
2025-11-02 12:46:24,002 - INFO - Processing lobbyist ID: 198947931231-25
2025-11-02 12:46:25,469 - INFO - Processing lobbyist ID: 199046032276-14
2025-11-02 12:46:26,821 - INFO - Processing lobbyist ID: 199090913475-87
2025-11-02 12:46:28,347 - INFO - Processing lobbyist ID: 19920706471-21
2025-11-02 12:46:35,659 - INFO - Processing lobbyist ID: 1992865484-43
2025-11-02 12:46:37,570 - INFO - Processing lobbyist ID: 19928757316-90
2025-11-02 12:46:39,103 - INFO - Processed 3200 lobbyists out of 16087. Pausing for 3 seconds to avoid server overload...
2025-11-02 12:46:42,114 - INFO - Processing lobbyist ID: 199308213329-62
2025-11-02 12:46:43,710 - INFO - Processing lobbyist ID: 199331452026-21
2025-11-02 12:46:45,085 - INFO - Processing lobbyist ID: 199553993584-45
2025-11-02 12:46:46,490 - INFO - Processing lobbyist ID: 199558248466-17
2025-11-02 12:46:47,925 - INFO - Processing lobbyist ID: 199622611256-70
2025-11-02 12:46:49,171 - INFO - Processing lobbyist ID: 199639751405-33
2025-11-02 12:46:50,393 - INFO - Processing lobbyist ID: 199885935816-72
2025-11-02 12:46:51,671 - INFO - Processing lobbyist ID: 200029450181-67
2025-11-02 12:46:52,908 - INFO - Processing lobbyist ID: 200053517026-11
2025-11-02 12:46:54,192 - INFO - Processing lobbyist ID: 20008164092-96
2025-11-02 12:46:55,839 - INFO - Processing lobbyist ID: 200145833328-59
2025-11-02 12:46:57,970 - INFO - Processing lobbyist ID: 2001675100030-23
2025-11-02 12:46:59,188 - INFO - Processing lobbyist ID: 200183327211-90
2025-11-02 12:47:00,962 - INFO - Processing lobbyist ID: 200190352873-20
2025-11-02 12:47:02,414 - INFO - Processing lobbyist ID: 200218632199-14
2025-11-02 12:47:03,724 - INFO - Processing lobbyist ID: 200423191783-51
2025-11-02 12:47:04,998 - INFO - Processing lobbyist ID: 200494199677-16
2025-11-02 12:47:06,377 - INFO - Processing lobbyist ID: 200593345593-86
2025-11-02 12:47:08,041 - INFO - Processing lobbyist ID: 200655451889-87
2025-11-02 12:47:09,414 - INFO - Processing lobbyist ID: 200660526425-31
2025-11-02 12:47:10,657 - INFO - Processing lobbyist ID: 20071577456-10
2025-11-02 12:47:11,919 - INFO - Processing lobbyist ID: 200768837260-80
2025-11-02 12:47:13,480 - INFO - Processing lobbyist ID: 200781944024-83
2025-11-02 12:47:15,018 - INFO - Processing lobbyist ID: 200811095987-48
2025-11-02 12:47:16,278 - INFO - Processing lobbyist ID: 200879313689-72
2025-11-02 12:47:17,787 - INFO - Processing lobbyist ID: 201125347425-21
2025-11-02 12:47:19,211 - INFO - Processing lobbyist ID: 201132116888-24
2025-11-02 12:47:22,044 - INFO - Processing lobbyist ID: 201225434500-05
2025-11-02 12:47:23,873 - INFO - Processing lobbyist ID: 201304246969-77
2025-11-02 12:47:25,260 - INFO - Processing lobbyist ID: 20132976103-18
2025-11-02 12:47:27,031 - INFO - Processing lobbyist ID: 201346496007-88
2025-11-02 12:47:28,311 - INFO - Processing lobbyist ID: 201389895642-11
2025-11-02 12:47:29,784 - INFO - Processing lobbyist ID: 201523291799-32
2025-11-02 12:47:31,215 - INFO - Processing lobbyist ID: 201551294814-62
2025-11-02 12:47:32,419 - INFO - Processing lobbyist ID: 201577050121-73
2025-11-02 12:47:33,683 - INFO - Processing lobbyist ID: 201585250780-07
2025-11-02 12:47:34,961 - INFO - Processing lobbyist ID: 201702848903-37
2025-11-02 12:47:36,298 - INFO - Processing lobbyist ID: 201721198617-14
2025-11-02 12:47:37,718 - INFO - Processing lobbyist ID: 201800699775-22
2025-11-02 12:47:39,066 - INFO - Processing lobbyist ID: 201809897137-79
2025-11-02 12:47:40,383 - INFO - Processing lobbyist ID: 201839244725-10
2025-11-02 12:47:41,843 - INFO - Processing lobbyist ID: 201845053314-57
2025-11-02 12:47:43,575 - INFO - Processing lobbyist ID: 2019956100581-70
2025-11-02 12:47:44,887 - INFO - Processing lobbyist ID: 202064594750-82
2025-11-02 12:47:46,268 - INFO - Processing lobbyist ID: 202071150664-41
2025-11-02 12:47:47,570 - INFO - Processing lobbyist ID: 20210641335-88
2025-11-02 12:47:53,999 - INFO - Processing lobbyist ID: 20211077852-36
2025-11-02 12:47:55,246 - INFO - Processing lobbyist ID: 202232197146-45
2025-11-02 12:47:56,558 - INFO - Processing lobbyist ID: 202330629376-87
2025-11-02 12:47:58,121 - INFO - Processing lobbyist ID: 202372595521-14
2025-11-02 12:47:59,586 - INFO - Processing lobbyist ID: 202382032206-34
2025-11-02 12:48:00,966 - INFO - Processing lobbyist ID: 202441092165-70
2025-11-02 12:48:02,313 - INFO - Processing lobbyist ID: 202467294830-78
2025-11-02 12:48:03,670 - INFO - Processing lobbyist ID: 202543297824-73
2025-11-02 12:48:05,057 - INFO - Processing lobbyist ID: 202559641794-09
2025-11-02 12:48:06,639 - INFO - Processing lobbyist ID: 202560512850-84
2025-11-02 12:48:09,247 - INFO - Processing lobbyist ID: 2026798100206-68
2025-11-02 12:48:10,547 - INFO - Processing lobbyist ID: 202702447560-24
2025-11-02 12:48:12,349 - INFO - Processing lobbyist ID: 202778396806-62
2025-11-02 12:48:13,728 - INFO - Processing lobbyist ID: 202913599296-37
2025-11-02 12:48:15,115 - INFO - Processing lobbyist ID: 202942396294-69
2025-11-02 12:48:16,463 - INFO - Processing lobbyist ID: 202944149777-61
2025-11-02 12:48:17,688 - INFO - Processing lobbyist ID: 202954923396-42
2025-11-02 12:48:19,079 - INFO - Processing lobbyist ID: 202973814485-15
2025-11-02 12:48:20,464 - INFO - Processing lobbyist ID: 203037843821-50
2025-11-02 12:48:21,699 - INFO - Processing lobbyist ID: 2031473100242-05
2025-11-02 12:48:23,029 - INFO - Processing lobbyist ID: 203173613375-19
2025-11-02 12:48:25,037 - INFO - Processing lobbyist ID: 203196539844-12
2025-11-02 12:48:26,272 - INFO - Processing lobbyist ID: 203214933514-17
2025-11-02 12:48:27,548 - INFO - Processing lobbyist ID: 203262298008-17
2025-11-02 12:48:28,796 - INFO - Processing lobbyist ID: 203277146056-43
2025-11-02 12:48:30,069 - INFO - Processing lobbyist ID: 203309329698-12
2025-11-02 12:48:31,640 - INFO - Processing lobbyist ID: 2033375100382-86
2025-11-02 12:48:32,983 - INFO - Processing lobbyist ID: 203401420540-78
2025-11-02 12:48:34,815 - INFO - Processing lobbyist ID: 203417137798-52
2025-11-02 12:48:36,910 - INFO - Processing lobbyist ID: 2034777100341-80
2025-11-02 12:48:38,392 - INFO - Processing lobbyist ID: 203577642776-25
2025-11-02 12:48:39,720 - INFO - Processing lobbyist ID: 203577834746-15
2025-11-02 12:48:41,231 - INFO - Processing lobbyist ID: 203595432279-89
2025-11-02 12:48:42,528 - INFO - Processing lobbyist ID: 203667349492-52
2025-11-02 12:48:43,928 - INFO - Processing lobbyist ID: 203808922641-52
2025-11-02 12:48:45,244 - INFO - Processing lobbyist ID: 203835118406-89
2025-11-02 12:48:46,519 - INFO - Processing lobbyist ID: 203837298864-47
2025-11-02 12:48:48,558 - INFO - Processing lobbyist ID: 203875243909-78
2025-11-02 12:48:50,120 - INFO - Processing lobbyist ID: 203928895422-44
2025-11-02 12:48:51,502 - INFO - Processing lobbyist ID: 20396927547-17
2025-11-02 12:48:52,861 - INFO - Processing lobbyist ID: 204022211093-63
2025-11-02 12:48:54,460 - INFO - Processing lobbyist ID: 204118419175-08
2025-11-02 12:48:55,829 - INFO - Processing lobbyist ID: 204139597844-64
2025-11-02 12:48:57,069 - INFO - Processing lobbyist ID: 204166897261-91
2025-11-02 12:48:58,371 - INFO - Processing lobbyist ID: 204320841733-78
2025-11-02 12:48:59,605 - INFO - Processing lobbyist ID: 204396599680-97
2025-11-02 12:49:00,914 - INFO - Processing lobbyist ID: 204434434820-43
2025-11-02 12:49:02,208 - INFO - Processing lobbyist ID: 20457441380-38
2025-11-02 12:49:05,870 - INFO - Processing lobbyist ID: 204613612418-94
2025-11-02 12:49:07,462 - INFO - Processing lobbyist ID: 204793610436-15
2025-11-02 12:49:09,419 - INFO - Processing lobbyist ID: 2050009628-31
2025-11-02 12:49:12,466 - INFO - Processing lobbyist ID: 205036743037-76
2025-11-02 12:49:13,780 - INFO - Processing lobbyist ID: 205062122643-59
2025-11-02 12:49:15,061 - INFO - Processing lobbyist ID: 205170133342-09
2025-11-02 12:49:16,389 - INFO - Processed 3300 lobbyists out of 16087. Pausing for 3 seconds to avoid server overload...
2025-11-02 12:49:19,400 - INFO - Processing lobbyist ID: 205173621277-10
2025-11-02 12:49:21,439 - INFO - Processing lobbyist ID: 205215521290-52
2025-11-02 12:49:22,950 - INFO - Processing lobbyist ID: 205221999816-60
2025-11-02 12:49:24,286 - INFO - Processing lobbyist ID: 205279893863-49
2025-11-02 12:49:25,571 - INFO - Processing lobbyist ID: 205670398198-28
2025-11-02 12:49:26,875 - INFO - Processing lobbyist ID: 2057814101021-87
2025-11-02 12:49:28,103 - INFO - Processing lobbyist ID: 20586492362-11
2025-11-02 12:49:30,337 - INFO - Processing lobbyist ID: 205917251250-68
2025-11-02 12:49:31,669 - INFO - Processing lobbyist ID: 205921694407-36
2025-11-02 12:49:33,062 - INFO - Processing lobbyist ID: 205999610833-45
2025-11-02 12:49:34,421 - INFO - Processing lobbyist ID: 206046798454-74
2025-11-02 12:49:35,668 - INFO - Processing lobbyist ID: 206169898697-57
2025-11-02 12:49:37,154 - INFO - Processing lobbyist ID: 206201438220-85
2025-11-02 12:49:39,747 - INFO - Processing lobbyist ID: 20620934484-91
2025-11-02 12:49:41,796 - INFO - Processing lobbyist ID: 206261494971-85
2025-11-02 12:49:43,462 - INFO - Processing lobbyist ID: 206348832825-42
2025-11-02 12:49:44,830 - INFO - Processing lobbyist ID: 206397896877-81
2025-11-02 12:49:46,056 - INFO - Processing lobbyist ID: 206499215012-94
2025-11-02 12:49:47,503 - INFO - Processing lobbyist ID: 206571832525-31
2025-11-02 12:49:49,941 - INFO - Processing lobbyist ID: 206593598633-14
2025-11-02 12:49:51,482 - INFO - Processing lobbyist ID: 206603551117-18
2025-11-02 12:49:53,268 - INFO - Processing lobbyist ID: 206667911694-73
2025-11-02 12:49:54,574 - INFO - Processing lobbyist ID: 206816021848-17
2025-11-02 12:49:57,360 - INFO - Processing lobbyist ID: 206882037381-44
2025-11-02 12:49:58,967 - INFO - Processing lobbyist ID: 207027994644-16
2025-11-02 12:50:00,297 - INFO - Processing lobbyist ID: 20705158207-35
2025-11-02 12:50:03,391 - INFO - Processing lobbyist ID: 207061096794-94
2025-11-02 12:50:04,940 - INFO - Processing lobbyist ID: 207068792169-06
2025-11-02 12:50:06,332 - INFO - Processing lobbyist ID: 207102250800-81
2025-11-02 12:50:07,909 - INFO - Processing lobbyist ID: 207203843648-05
2025-11-02 12:50:09,193 - INFO - Processing lobbyist ID: 207263897934-45
2025-11-02 12:50:10,434 - INFO - Processing lobbyist ID: 207312552988-68
2025-11-02 12:50:12,059 - INFO - Processing lobbyist ID: 2073390649-79
2025-11-02 12:50:13,596 - INFO - Processing lobbyist ID: 2073587100621-63
2025-11-02 12:50:14,919 - INFO - Processing lobbyist ID: 207434530779-68
2025-11-02 12:50:16,411 - INFO - Processing lobbyist ID: 207498925052-84
2025-11-02 12:50:18,214 - INFO - Processing lobbyist ID: 207548112175-92
2025-11-02 12:50:19,596 - INFO - Processing lobbyist ID: 207597895822-46
2025-11-02 12:50:20,948 - INFO - Processing lobbyist ID: 207662351173-88
2025-11-02 12:50:22,270 - INFO - Processing lobbyist ID: 20774009496-90
2025-11-02 12:50:23,655 - INFO - Processing lobbyist ID: 207783440380-27
2025-11-02 12:50:25,768 - INFO - Processing lobbyist ID: 207857725603-49
2025-11-02 12:50:27,440 - INFO - Processing lobbyist ID: 207972329605-55
2025-11-02 12:50:28,761 - INFO - Processing lobbyist ID: 2080922100914-82
2025-11-02 12:50:30,107 - INFO - Processing lobbyist ID: 208124848671-82
2025-11-02 12:50:31,776 - INFO - Processing lobbyist ID: 208144799859-10
2025-11-02 12:50:33,369 - INFO - Processing lobbyist ID: 208181228691-10
2025-11-02 12:50:34,954 - INFO - Processing lobbyist ID: 2081973100839-40
2025-11-02 12:50:36,272 - INFO - Processing lobbyist ID: 208209634266-96
2025-11-02 12:50:37,648 - INFO - Processing lobbyist ID: 208351410839-33
2025-11-02 12:50:40,526 - INFO - Processing lobbyist ID: 208417691674-39
2025-11-02 12:50:41,975 - INFO - Processing lobbyist ID: 208434722583-11
2025-11-02 12:50:43,347 - INFO - Processing lobbyist ID: 208512294464-16
2025-11-02 12:50:44,687 - INFO - Processing lobbyist ID: 208546493673-73
2025-11-02 12:50:46,335 - INFO - Processing lobbyist ID: 208547749601-54
2025-11-02 12:50:48,044 - INFO - Processing lobbyist ID: 208826425560-22
2025-11-02 12:50:49,452 - INFO - Processing lobbyist ID: 20884001341-42
2025-11-02 12:50:52,631 - INFO - Processing lobbyist ID: 208852948297-25
2025-11-02 12:50:54,022 - INFO - Processing lobbyist ID: 208929410103-47
2025-11-02 12:50:55,490 - INFO - Processing lobbyist ID: 208930636961-58
2025-11-02 12:50:56,750 - INFO - Processing lobbyist ID: 209014214900-39
2025-11-02 12:50:58,048 - INFO - Processing lobbyist ID: 209043544083-79
2025-11-02 12:50:59,481 - INFO - Processing lobbyist ID: 209129197584-21
2025-11-02 12:51:01,016 - INFO - Processing lobbyist ID: 209143033529-94
2025-11-02 12:51:02,639 - INFO - Processing lobbyist ID: 209304118333-41
2025-11-02 12:51:04,073 - INFO - Processing lobbyist ID: 209338323322-06
2025-11-02 12:51:05,329 - INFO - Processing lobbyist ID: 20935778703-23
2025-11-02 12:51:08,215 - INFO - Processing lobbyist ID: 209419137390-03
2025-11-02 12:51:09,911 - INFO - Processing lobbyist ID: 20943263315-44
2025-11-02 12:51:11,952 - INFO - Processing lobbyist ID: 209497845093-42
2025-11-02 12:51:13,586 - INFO - Processing lobbyist ID: 209622096865-97
2025-11-02 12:51:14,909 - INFO - Processing lobbyist ID: 209658399673-60
2025-11-02 12:51:16,205 - INFO - Processing lobbyist ID: 209766448874-22
2025-11-02 12:51:17,507 - INFO - Processing lobbyist ID: 209899418750-27
2025-11-02 12:51:18,869 - INFO - Processing lobbyist ID: 209945243133-52
2025-11-02 12:51:20,499 - INFO - Processing lobbyist ID: 210011841801-65
2025-11-02 12:51:21,775 - INFO - Processing lobbyist ID: 2100669100630-19
2025-11-02 12:51:23,103 - INFO - Processing lobbyist ID: 210127094872-92
2025-11-02 12:51:24,537 - INFO - Processing lobbyist ID: 2101911100793-21
2025-11-02 12:51:25,925 - INFO - Processing lobbyist ID: 210345520003-70
2025-11-02 12:51:27,397 - INFO - Processing lobbyist ID: 210418516054-55
2025-11-02 12:51:29,089 - INFO - Processing lobbyist ID: 210439247792-47
2025-11-02 12:51:30,356 - INFO - Processing lobbyist ID: 210455010135-08
2025-11-02 12:51:32,016 - INFO - Processing lobbyist ID: 210468348580-16
2025-11-02 12:51:33,280 - INFO - Processing lobbyist ID: 210520696967-54
2025-11-02 12:51:34,636 - INFO - Processing lobbyist ID: 2106737100395-17
2025-11-02 12:51:35,914 - INFO - Processing lobbyist ID: 210688245465-72
2025-11-02 12:51:37,604 - INFO - Processing lobbyist ID: 210740296422-28
2025-11-02 12:51:39,040 - INFO - Processing lobbyist ID: 210816525029-26
2025-11-02 12:51:40,488 - INFO - Processing lobbyist ID: 210891147964-11
2025-11-02 12:51:41,823 - INFO - Processing lobbyist ID: 210913813737-30
2025-11-02 12:51:43,110 - INFO - Processing lobbyist ID: 21095533359-90
2025-11-02 12:51:44,917 - INFO - Processing lobbyist ID: 211084152862-78
2025-11-02 12:51:46,385 - INFO - Processing lobbyist ID: 211161196975-38
2025-11-02 12:51:47,752 - INFO - Processing lobbyist ID: 211210696026-15
2025-11-02 12:51:49,034 - INFO - Processing lobbyist ID: 211308292628-79
2025-11-02 12:51:50,313 - INFO - Processing lobbyist ID: 211365699401-30
2025-11-02 12:51:51,674 - INFO - Processing lobbyist ID: 211392938041-28
2025-11-02 12:51:55,130 - INFO - Processing lobbyist ID: 211406234638-53
2025-11-02 12:51:56,458 - INFO - Processing lobbyist ID: 211411924962-76
2025-11-02 12:51:57,999 - INFO - Processed 3400 lobbyists out of 16087. Pausing for 3 seconds to avoid server overload...
2025-11-02 12:52:01,013 - INFO - Processing lobbyist ID: 211482094984-63
2025-11-02 12:52:02,763 - INFO - Processing lobbyist ID: 211540124821-44
2025-11-02 12:52:04,087 - INFO - Processing lobbyist ID: 211587692248-66
2025-11-02 12:52:05,325 - INFO - Processing lobbyist ID: 211616050265-39
2025-11-02 12:52:06,792 - INFO - Processing lobbyist ID: 211696652664-02
2025-11-02 12:52:08,062 - INFO - Processing lobbyist ID: 211808437367-41
2025-11-02 12:52:09,305 - INFO - Processing lobbyist ID: 211923230304-77
2025-11-02 12:52:10,543 - INFO - Processing lobbyist ID: 212016297431-82
2025-11-02 12:52:11,926 - INFO - Processing lobbyist ID: 212057552737-70
2025-11-02 12:52:13,186 - INFO - Processing lobbyist ID: 212149150350-30
2025-11-02 12:52:14,478 - INFO - Processing lobbyist ID: 212236546822-36
2025-11-02 12:52:15,845 - INFO - Processing lobbyist ID: 212362053240-64
2025-11-02 12:52:17,398 - INFO - Processing lobbyist ID: 2123868100688-55
2025-11-02 12:52:18,859 - INFO - Processing lobbyist ID: 212532896284-89
2025-11-02 12:52:20,162 - INFO - Processing lobbyist ID: 212667799478-46
2025-11-02 12:52:21,559 - INFO - Processing lobbyist ID: 212751635794-10
2025-11-02 12:52:23,057 - INFO - Processing lobbyist ID: 21280626733-05
2025-11-02 12:52:25,814 - INFO - Processing lobbyist ID: 2128085100523-30
2025-11-02 12:52:27,303 - INFO - Processing lobbyist ID: 212834099041-74
2025-11-02 12:52:28,555 - INFO - Processing lobbyist ID: 212858810418-75
2025-11-02 12:52:29,787 - INFO - Processing lobbyist ID: 212861945810-71
2025-11-02 12:52:31,173 - INFO - Processing lobbyist ID: 212989999507-50
2025-11-02 12:52:32,541 - INFO - Processing lobbyist ID: 213063199330-62
2025-11-02 12:52:33,808 - INFO - Processing lobbyist ID: 213158452904-62
2025-11-02 12:52:35,147 - INFO - Processing lobbyist ID: 213259743057-23
2025-11-02 12:52:36,527 - INFO - Processing lobbyist ID: 213287152538-55
2025-11-02 12:52:37,796 - INFO - Processing lobbyist ID: 21371808279-69
2025-11-02 12:52:39,373 - INFO - Processing lobbyist ID: 213731298734-81
2025-11-02 12:52:40,621 - INFO - Processing lobbyist ID: 213754916822-68
2025-11-02 12:52:42,552 - INFO - Processing lobbyist ID: 213770818814-04
2025-11-02 12:52:43,863 - INFO - Processing lobbyist ID: 213961798655-70
2025-11-02 12:52:45,272 - INFO - Processing lobbyist ID: 214004193485-45
2025-11-02 12:52:46,877 - INFO - Processing lobbyist ID: 214059633596-90
2025-11-02 12:52:48,183 - INFO - Processing lobbyist ID: 214061499560-26
2025-11-02 12:52:49,444 - INFO - Processing lobbyist ID: 214074994704-27
2025-11-02 12:52:50,857 - INFO - Processing lobbyist ID: 214087638622-75
2025-11-02 12:52:52,277 - INFO - Processing lobbyist ID: 214103052441-68
2025-11-02 12:52:53,736 - INFO - Processing lobbyist ID: 214140728444-40
2025-11-02 12:52:57,578 - INFO - Processing lobbyist ID: 214201793126-69
2025-11-02 12:52:59,090 - INFO - Processing lobbyist ID: 214366794328-40
2025-11-02 12:53:00,386 - INFO - Processing lobbyist ID: 214383099797-84
2025-11-02 12:53:01,762 - INFO - Processing lobbyist ID: 214524019642-47
2025-11-02 12:53:03,037 - INFO - Processing lobbyist ID: 214557730773-84
2025-11-02 12:53:04,345 - INFO - Processing lobbyist ID: 2147084100613-52
2025-11-02 12:53:05,581 - INFO - Processing lobbyist ID: 215043147400-53
2025-11-02 12:53:06,911 - INFO - Processing lobbyist ID: 215148151080-44
2025-11-02 12:53:08,230 - INFO - Processing lobbyist ID: 215153212771-05
2025-11-02 12:53:09,477 - INFO - Processing lobbyist ID: 215273293752-19
2025-11-02 12:53:11,035 - INFO - Processing lobbyist ID: 215463596633-26
2025-11-02 12:53:12,380 - INFO - Processing lobbyist ID: 215480025291-83
2025-11-02 12:53:14,020 - INFO - Processing lobbyist ID: 215490333185-07
2025-11-02 12:53:15,952 - INFO - Processing lobbyist ID: 215543953103-68
2025-11-02 12:53:17,291 - INFO - Processing lobbyist ID: 215618129516-28
2025-11-02 12:53:18,613 - INFO - Processing lobbyist ID: 215696796854-77
2025-11-02 12:53:20,061 - INFO - Processing lobbyist ID: 2157421414-31
2025-11-02 12:53:21,400 - INFO - Processing lobbyist ID: 215747123395-69
2025-11-02 12:53:22,692 - INFO - Processing lobbyist ID: 2157643512-49
2025-11-02 12:53:25,071 - ERROR - Errore durante l'elaborazione dei lobbisti: Unexpected part in representative block: Arturo De La Fuente Nuño, Acting Director, Eurostat - European statistics
2025-11-02 12:53:25,072 - ERROR - Errore critico: Unexpected part in representative block: Arturo De La Fuente Nuño, Acting Director, Eurostat - European statistics. Terminazione dello script.
