2025-05-16 16:51:52,585 - INFO - Log salvato in: execution_logs\script_execution_2025-05-16_16-51-52.log
2025-05-16 16:51:52,586 - INFO - Inizio esecuzione script principale.
2025-05-16 16:51:52,586 - INFO - Step 1: Backup del database e troncamento delle tabelle.
2025-05-16 16:51:52,620 - INFO - package: mysql.connector.plugins
2025-05-16 16:51:52,621 - INFO - plugin_name: caching_sha2_password
2025-05-16 16:51:52,621 - INFO - AUTHENTICATION_PLUGIN_CLASS: MySQLCachingSHA2PasswordAuthPlugin
2025-05-16 16:51:52,697 - INFO - Backup del database completato: db_history\backup_2025-05-16_16-51-52.sql
2025-05-16 16:51:52,844 - INFO - Backup e troncamento completati con successo.
2025-05-16 16:51:52,845 - INFO - Step 2: Estrazione dei rappresentanti della commissione.
2025-05-16 16:51:55,714 - INFO - Estrazione dei rappresentanti completata.
2025-05-16 16:51:55,714 - INFO - Step 3: Raccolta degli ID dei lobbisti.
2025-05-16 16:51:55,714 - INFO - Scraping letter A...
2025-05-16 16:52:45,962 - INFO - Scraping letter B...
2025-05-16 16:53:07,073 - INFO - Scraping letter C...
2025-05-16 16:53:43,931 - INFO - Scraping letter D...
2025-05-16 16:54:01,401 - INFO - Scraping letter E...
2025-05-16 16:54:57,838 - INFO - Scraping letter F...
2025-05-16 16:55:29,439 - INFO - Scraping letter G...
2025-05-16 16:55:43,358 - INFO - Scraping letter H...
2025-05-16 16:55:54,358 - INFO - Scraping letter I...
2025-05-16 16:56:21,350 - INFO - Scraping letter J...
2025-05-16 16:56:24,503 - INFO - Scraping letter K...
2025-05-16 16:56:32,157 - INFO - Scraping letter L...
2025-05-16 16:56:42,982 - INFO - Scraping letter M...
2025-05-16 16:56:58,538 - INFO - Scraping letter N...
2025-05-16 16:57:11,045 - INFO - Scraping letter O...
2025-05-16 16:57:20,586 - INFO - Scraping letter P...
2025-05-16 16:57:37,549 - INFO - Scraping letter Q...
2025-05-16 16:57:39,186 - INFO - Scraping letter R...
2025-05-16 16:57:52,218 - INFO - Scraping letter S...
2025-05-16 16:58:26,545 - INFO - Scraping letter T...
2025-05-16 16:58:47,151 - INFO - Scraping letter U...
2025-05-16 16:58:58,291 - INFO - Scraping letter V...
2025-05-16 16:59:10,617 - INFO - Scraping letter W...
2025-05-16 16:59:18,555 - INFO - Scraping letter X...
2025-05-16 16:59:19,316 - INFO - Scraping letter Y...
2025-05-16 16:59:20,694 - INFO - Scraping letter Z...
2025-05-16 16:59:23,557 - INFO - Raccolta ID lobbisti completata.
2025-05-16 16:59:23,557 - INFO - Step 4: Elaborazione dei lobbisti.
2025-05-16 16:59:23,651 - INFO - Processing lobbyist ID: 000075850398-74
2025-05-16 16:59:24,228 - WARNING - CropBox missing from /Page, defaulting to MediaBox
2025-05-16 16:59:24,258 - WARNING - CropBox missing from /Page, defaulting to MediaBox
2025-05-16 16:59:24,259 - INFO - Processing lobbyist ID: 000104242849-49
2025-05-16 16:59:24,780 - WARNING - CropBox missing from /Page, defaulting to MediaBox
2025-05-16 16:59:24,819 - WARNING - CropBox missing from /Page, defaulting to MediaBox
2025-05-16 16:59:24,819 - INFO - Processing lobbyist ID: 000142439924-52
2025-05-16 16:59:25,266 - WARNING - CropBox missing from /Page, defaulting to MediaBox
2025-05-16 16:59:25,284 - WARNING - CropBox missing from /Page, defaulting to MediaBox
2025-05-16 16:59:25,284 - INFO - Processing lobbyist ID: 000182225214-48
2025-05-16 16:59:25,743 - WARNING - CropBox missing from /Page, defaulting to MediaBox
2025-05-16 16:59:25,761 - WARNING - CropBox missing from /Page, defaulting to MediaBox
2025-05-16 16:59:25,761 - INFO - Processing lobbyist ID: 0001976677-12
2025-05-16 16:59:26,791 - WARNING - CropBox missing from /Page, defaulting to MediaBox
2025-05-16 16:59:26,792 - WARNING - CropBox missing from /Page, defaulting to MediaBox
2025-05-16 16:59:26,792 - WARNING - CropBox missing from /Page, defaulting to MediaBox
2025-05-16 16:59:27,000 - WARNING - CropBox missing from /Page, defaulting to MediaBox
2025-05-16 16:59:27,000 - WARNING - CropBox missing from /Page, defaulting to MediaBox
2025-05-16 16:59:27,000 - WARNING - CropBox missing from /Page, defaulting to MediaBox
2025-05-16 16:59:27,000 - INFO - Processing lobbyist ID: 000244295913-08
2025-05-16 16:59:27,487 - WARNING - CropBox missing from /Page, defaulting to MediaBox
2025-05-16 16:59:27,507 - WARNING - CropBox missing from /Page, defaulting to MediaBox
2025-05-16 16:59:27,507 - INFO - Processing lobbyist ID: 000422497674-67
2025-05-16 16:59:27,942 - WARNING - CropBox missing from /Page, defaulting to MediaBox
2025-05-16 16:59:27,959 - WARNING - CropBox missing from /Page, defaulting to MediaBox
2025-05-16 16:59:27,959 - INFO - Processing lobbyist ID: 000527594184-73
2025-05-16 16:59:28,443 - WARNING - CropBox missing from /Page, defaulting to MediaBox
2025-05-16 16:59:28,464 - WARNING - CropBox missing from /Page, defaulting to MediaBox
2025-05-16 16:59:28,464 - INFO - Processing lobbyist ID: 000688397923-96
2025-05-16 16:59:28,962 - WARNING - CropBox missing from /Page, defaulting to MediaBox
2025-05-16 16:59:28,981 - WARNING - CropBox missing from /Page, defaulting to MediaBox
2025-05-16 16:59:28,982 - INFO - Processing lobbyist ID: 000695351467-52
2025-05-16 16:59:29,510 - WARNING - CropBox missing from /Page, defaulting to MediaBox
2025-05-16 16:59:29,531 - WARNING - CropBox missing from /Page, defaulting to MediaBox
2025-05-16 16:59:29,531 - INFO - Processing lobbyist ID: 000764914245-74
2025-05-16 16:59:30,110 - WARNING - CropBox missing from /Page, defaulting to MediaBox
2025-05-16 16:59:30,129 - WARNING - CropBox missing from /Page, defaulting to MediaBox
2025-05-16 16:59:30,129 - INFO - Processing lobbyist ID: 00086317186-42
2025-05-16 16:59:31,094 - WARNING - CropBox missing from /Page, defaulting to MediaBox
2025-05-16 16:59:31,094 - WARNING - CropBox missing from /Page, defaulting to MediaBox
2025-05-16 16:59:31,210 - WARNING - CropBox missing from /Page, defaulting to MediaBox
2025-05-16 16:59:31,211 - WARNING - CropBox missing from /Page, defaulting to MediaBox
2025-05-16 16:59:31,211 - INFO - Processing lobbyist ID: 000889444601-32
2025-05-16 16:59:31,684 - WARNING - CropBox missing from /Page, defaulting to MediaBox
2025-05-16 16:59:31,701 - WARNING - CropBox missing from /Page, defaulting to MediaBox
2025-05-16 16:59:31,701 - INFO - Processing lobbyist ID: 00098856602-24
2025-05-16 16:59:32,580 - WARNING - CropBox missing from /Page, defaulting to MediaBox
2025-05-16 16:59:32,581 - WARNING - CropBox missing from /Page, defaulting to MediaBox
2025-05-16 16:59:32,684 - WARNING - CropBox missing from /Page, defaulting to MediaBox
2025-05-16 16:59:32,684 - WARNING - CropBox missing from /Page, defaulting to MediaBox
2025-05-16 16:59:32,685 - INFO - Processing lobbyist ID: 001012493142-90
2025-05-16 16:59:33,168 - WARNING - CropBox missing from /Page, defaulting to MediaBox
2025-05-16 16:59:33,189 - WARNING - CropBox missing from /Page, defaulting to MediaBox
2025-05-16 16:59:33,189 - INFO - Processing lobbyist ID: 001034597151-46
2025-05-16 16:59:33,670 - WARNING - CropBox missing from /Page, defaulting to MediaBox
2025-05-16 16:59:33,688 - WARNING - CropBox missing from /Page, defaulting to MediaBox
2025-05-16 16:59:33,688 - INFO - Processing lobbyist ID: 001034695847-74
2025-05-16 16:59:34,190 - WARNING - CropBox missing from /Page, defaulting to MediaBox
2025-05-16 16:59:34,215 - WARNING - CropBox missing from /Page, defaulting to MediaBox
2025-05-16 16:59:34,215 - INFO - Processing lobbyist ID: 001133594410-22
2025-05-16 16:59:34,686 - WARNING - CropBox missing from /Page, defaulting to MediaBox
2025-05-16 16:59:34,710 - WARNING - CropBox missing from /Page, defaulting to MediaBox
2025-05-16 16:59:34,710 - INFO - Processing lobbyist ID: 001245815997-85
2025-05-16 16:59:35,509 - WARNING - CropBox missing from /Page, defaulting to MediaBox
2025-05-16 16:59:35,564 - WARNING - CropBox missing from /Page, defaulting to MediaBox
2025-05-16 16:59:35,564 - INFO - Processing lobbyist ID: 001339619562-21
2025-05-16 16:59:36,050 - WARNING - CropBox missing from /Page, defaulting to MediaBox
2025-05-16 16:59:36,075 - WARNING - CropBox missing from /Page, defaulting to MediaBox
2025-05-16 16:59:36,075 - INFO - Processing lobbyist ID: 001373249269-75
2025-05-16 16:59:36,644 - WARNING - CropBox missing from /Page, defaulting to MediaBox
2025-05-16 16:59:36,668 - WARNING - CropBox missing from /Page, defaulting to MediaBox
2025-05-16 16:59:36,668 - INFO - Processing lobbyist ID: 0014082722-83
2025-05-16 16:59:39,298 - WARNING - CropBox missing from /Page, defaulting to MediaBox
2025-05-16 16:59:39,299 - WARNING - CropBox missing from /Page, defaulting to MediaBox
2025-05-16 16:59:39,299 - WARNING - CropBox missing from /Page, defaulting to MediaBox
2025-05-16 16:59:39,300 - WARNING - CropBox missing from /Page, defaulting to MediaBox
2025-05-16 16:59:39,300 - WARNING - CropBox missing from /Page, defaulting to MediaBox
2025-05-16 16:59:39,301 - WARNING - CropBox missing from /Page, defaulting to MediaBox
2025-05-16 16:59:39,301 - WARNING - CropBox missing from /Page, defaulting to MediaBox
2025-05-16 16:59:39,301 - WARNING - CropBox missing from /Page, defaulting to MediaBox
2025-05-16 16:59:39,301 - WARNING - CropBox missing from /Page, defaulting to MediaBox
2025-05-16 16:59:39,301 - WARNING - CropBox missing from /Page, defaulting to MediaBox
2025-05-16 16:59:39,965 - WARNING - CropBox missing from /Page, defaulting to MediaBox
2025-05-16 16:59:39,965 - WARNING - CropBox missing from /Page, defaulting to MediaBox
2025-05-16 16:59:39,965 - WARNING - CropBox missing from /Page, defaulting to MediaBox
2025-05-16 16:59:39,966 - WARNING - CropBox missing from /Page, defaulting to MediaBox
2025-05-16 16:59:39,966 - WARNING - CropBox missing from /Page, defaulting to MediaBox
2025-05-16 16:59:39,966 - WARNING - CropBox missing from /Page, defaulting to MediaBox
2025-05-16 16:59:39,966 - WARNING - CropBox missing from /Page, defaulting to MediaBox
2025-05-16 16:59:39,966 - WARNING - CropBox missing from /Page, defaulting to MediaBox
2025-05-16 16:59:39,966 - WARNING - CropBox missing from /Page, defaulting to MediaBox
2025-05-16 16:59:39,966 - WARNING - CropBox missing from /Page, defaulting to MediaBox
2025-05-16 16:59:39,966 - INFO - Processing lobbyist ID: 001531620369-40
2025-05-16 16:59:40,674 - WARNING - CropBox missing from /Page, defaulting to MediaBox
2025-05-16 16:59:40,695 - WARNING - CropBox missing from /Page, defaulting to MediaBox
2025-05-16 16:59:40,695 - INFO - Processing lobbyist ID: 00162715418-92
2025-05-16 16:59:41,627 - WARNING - CropBox missing from /Page, defaulting to MediaBox
2025-05-16 16:59:41,628 - WARNING - CropBox missing from /Page, defaulting to MediaBox
2025-05-16 16:59:41,709 - WARNING - CropBox missing from /Page, defaulting to MediaBox
2025-05-16 16:59:41,709 - WARNING - CropBox missing from /Page, defaulting to MediaBox
2025-05-16 16:59:41,709 - INFO - Processing lobbyist ID: 001634749272-03
2025-05-16 16:59:42,209 - WARNING - CropBox missing from /Page, defaulting to MediaBox
2025-05-16 16:59:42,233 - WARNING - CropBox missing from /Page, defaulting to MediaBox
2025-05-16 16:59:42,233 - INFO - Processing lobbyist ID: 001688341517-07
2025-05-16 16:59:42,727 - WARNING - CropBox missing from /Page, defaulting to MediaBox
2025-05-16 16:59:42,749 - WARNING - CropBox missing from /Page, defaulting to MediaBox
2025-05-16 16:59:42,749 - INFO - Processing lobbyist ID: 001814832718-07
2025-05-16 16:59:43,228 - WARNING - CropBox missing from /Page, defaulting to MediaBox
2025-05-16 16:59:43,253 - WARNING - CropBox missing from /Page, defaulting to MediaBox
2025-05-16 16:59:43,253 - INFO - Processing lobbyist ID: 001852197924-10
2025-05-16 16:59:43,690 - WARNING - CropBox missing from /Page, defaulting to MediaBox
2025-05-16 16:59:43,706 - WARNING - CropBox missing from /Page, defaulting to MediaBox
2025-05-16 16:59:43,706 - INFO - Processing lobbyist ID: 001866415031-87
2025-05-16 16:59:45,242 - WARNING - CropBox missing from /Page, defaulting to MediaBox
2025-05-16 16:59:45,243 - WARNING - CropBox missing from /Page, defaulting to MediaBox
2025-05-16 16:59:45,244 - WARNING - CropBox missing from /Page, defaulting to MediaBox
2025-05-16 16:59:45,244 - WARNING - CropBox missing from /Page, defaulting to MediaBox
2025-05-16 16:59:45,245 - WARNING - CropBox missing from /Page, defaulting to MediaBox
2025-05-16 16:59:45,606 - WARNING - CropBox missing from /Page, defaulting to MediaBox
2025-05-16 16:59:45,606 - WARNING - CropBox missing from /Page, defaulting to MediaBox
2025-05-16 16:59:45,606 - WARNING - CropBox missing from /Page, defaulting to MediaBox
2025-05-16 16:59:45,607 - WARNING - CropBox missing from /Page, defaulting to MediaBox
2025-05-16 16:59:45,607 - WARNING - CropBox missing from /Page, defaulting to MediaBox
2025-05-16 16:59:45,607 - INFO - Processing lobbyist ID: 001908294805-68
2025-05-16 16:59:46,076 - WARNING - CropBox missing from /Page, defaulting to MediaBox
2025-05-16 16:59:46,125 - WARNING - CropBox missing from /Page, defaulting to MediaBox
2025-05-16 16:59:46,125 - INFO - Processing lobbyist ID: 001968511387-52
2025-05-16 16:59:46,662 - WARNING - CropBox missing from /Page, defaulting to MediaBox
2025-05-16 16:59:46,705 - WARNING - CropBox missing from /Page, defaulting to MediaBox
2025-05-16 16:59:46,705 - INFO - Processing lobbyist ID: 002032845543-49
2025-05-16 16:59:47,182 - WARNING - CropBox missing from /Page, defaulting to MediaBox
2025-05-16 16:59:47,204 - WARNING - CropBox missing from /Page, defaulting to MediaBox
2025-05-16 16:59:47,204 - INFO - Processing lobbyist ID: 002077217226-17
2025-05-16 16:59:47,724 - WARNING - CropBox missing from /Page, defaulting to MediaBox
2025-05-16 16:59:47,756 - WARNING - CropBox missing from /Page, defaulting to MediaBox
2025-05-16 16:59:47,756 - INFO - Processing lobbyist ID: 002126439066-24
2025-05-16 16:59:48,230 - WARNING - CropBox missing from /Page, defaulting to MediaBox
2025-05-16 16:59:48,248 - WARNING - CropBox missing from /Page, defaulting to MediaBox
2025-05-16 16:59:48,248 - INFO - Processing lobbyist ID: 002130110187-09
2025-05-16 16:59:48,747 - WARNING - CropBox missing from /Page, defaulting to MediaBox
2025-05-16 16:59:48,772 - WARNING - CropBox missing from /Page, defaulting to MediaBox
2025-05-16 16:59:48,772 - INFO - Processing lobbyist ID: 002206440983-89
2025-05-16 16:59:49,273 - WARNING - CropBox missing from /Page, defaulting to MediaBox
2025-05-16 16:59:49,294 - WARNING - CropBox missing from /Page, defaulting to MediaBox
2025-05-16 16:59:49,295 - INFO - Processing lobbyist ID: 002278013515-26
2025-05-16 16:59:51,438 - WARNING - CropBox missing from /Page, defaulting to MediaBox
2025-05-16 16:59:51,439 - WARNING - CropBox missing from /Page, defaulting to MediaBox
2025-05-16 16:59:51,440 - WARNING - CropBox missing from /Page, defaulting to MediaBox
2025-05-16 16:59:51,441 - WARNING - CropBox missing from /Page, defaulting to MediaBox
2025-05-16 16:59:51,442 - WARNING - CropBox missing from /Page, defaulting to MediaBox
2025-05-16 16:59:51,442 - WARNING - CropBox missing from /Page, defaulting to MediaBox
2025-05-16 16:59:51,443 - WARNING - CropBox missing from /Page, defaulting to MediaBox
2025-05-16 16:59:51,443 - WARNING - CropBox missing from /Page, defaulting to MediaBox
2025-05-16 16:59:51,990 - WARNING - CropBox missing from /Page, defaulting to MediaBox
2025-05-16 16:59:51,991 - WARNING - CropBox missing from /Page, defaulting to MediaBox
2025-05-16 16:59:51,991 - WARNING - CropBox missing from /Page, defaulting to MediaBox
2025-05-16 16:59:51,991 - WARNING - CropBox missing from /Page, defaulting to MediaBox
2025-05-16 16:59:51,991 - WARNING - CropBox missing from /Page, defaulting to MediaBox
2025-05-16 16:59:51,991 - WARNING - CropBox missing from /Page, defaulting to MediaBox
2025-05-16 16:59:51,991 - WARNING - CropBox missing from /Page, defaulting to MediaBox
2025-05-16 16:59:51,991 - WARNING - CropBox missing from /Page, defaulting to MediaBox
2025-05-16 16:59:51,991 - INFO - Processing lobbyist ID: 002296943369-49
2025-05-16 16:59:52,478 - WARNING - CropBox missing from /Page, defaulting to MediaBox
2025-05-16 16:59:52,501 - WARNING - CropBox missing from /Page, defaulting to MediaBox
2025-05-16 16:59:52,501 - INFO - Processing lobbyist ID: 002317551074-12
2025-05-16 16:59:53,000 - WARNING - CropBox missing from /Page, defaulting to MediaBox
2025-05-16 16:59:53,032 - WARNING - CropBox missing from /Page, defaulting to MediaBox
2025-05-16 16:59:53,032 - INFO - Processing lobbyist ID: 002340497029-12
2025-05-16 16:59:53,543 - WARNING - CropBox missing from /Page, defaulting to MediaBox
2025-05-16 16:59:53,562 - WARNING - CropBox missing from /Page, defaulting to MediaBox
2025-05-16 16:59:53,562 - INFO - Processing lobbyist ID: 0026376672-48
2025-05-16 16:59:54,113 - WARNING - CropBox missing from /Page, defaulting to MediaBox
2025-05-16 16:59:54,138 - WARNING - CropBox missing from /Page, defaulting to MediaBox
2025-05-16 16:59:54,138 - INFO - Processing lobbyist ID: 002777545622-21
2025-05-16 16:59:54,706 - WARNING - CropBox missing from /Page, defaulting to MediaBox
2025-05-16 16:59:54,726 - WARNING - CropBox missing from /Page, defaulting to MediaBox
2025-05-16 16:59:54,726 - INFO - Processing lobbyist ID: 002861430113-81
2025-05-16 16:59:55,198 - WARNING - CropBox missing from /Page, defaulting to MediaBox
2025-05-16 16:59:55,217 - WARNING - CropBox missing from /Page, defaulting to MediaBox
2025-05-16 16:59:55,217 - INFO - Processing lobbyist ID: 002873446831-13
2025-05-16 16:59:55,668 - WARNING - CropBox missing from /Page, defaulting to MediaBox
2025-05-16 16:59:55,685 - WARNING - CropBox missing from /Page, defaulting to MediaBox
2025-05-16 16:59:55,685 - INFO - Processing lobbyist ID: 002907048115-56
2025-05-16 16:59:56,144 - WARNING - CropBox missing from /Page, defaulting to MediaBox
2025-05-16 16:59:56,166 - WARNING - CropBox missing from /Page, defaulting to MediaBox
2025-05-16 16:59:56,166 - INFO - Processing lobbyist ID: 002977215945-85
2025-05-16 16:59:57,571 - WARNING - CropBox missing from /Page, defaulting to MediaBox
2025-05-16 16:59:57,573 - WARNING - CropBox missing from /Page, defaulting to MediaBox
2025-05-16 16:59:57,573 - WARNING - CropBox missing from /Page, defaulting to MediaBox
2025-05-16 16:59:57,574 - WARNING - CropBox missing from /Page, defaulting to MediaBox
2025-05-16 16:59:57,575 - WARNING - CropBox missing from /Page, defaulting to MediaBox
2025-05-16 16:59:57,913 - WARNING - CropBox missing from /Page, defaulting to MediaBox
2025-05-16 16:59:57,913 - WARNING - CropBox missing from /Page, defaulting to MediaBox
2025-05-16 16:59:57,913 - WARNING - CropBox missing from /Page, defaulting to MediaBox
2025-05-16 16:59:57,914 - WARNING - CropBox missing from /Page, defaulting to MediaBox
2025-05-16 16:59:57,914 - WARNING - CropBox missing from /Page, defaulting to MediaBox
2025-05-16 16:59:57,914 - INFO - Processing lobbyist ID: 003058994490-80
2025-05-16 16:59:58,367 - WARNING - CropBox missing from /Page, defaulting to MediaBox
2025-05-16 16:59:58,388 - WARNING - CropBox missing from /Page, defaulting to MediaBox
2025-05-16 16:59:58,388 - INFO - Processing lobbyist ID: 003123953167-62
2025-05-16 16:59:58,891 - WARNING - CropBox missing from /Page, defaulting to MediaBox
2025-05-16 16:59:58,920 - WARNING - CropBox missing from /Page, defaulting to MediaBox
2025-05-16 16:59:58,920 - INFO - Processing lobbyist ID: 003152049192-70
2025-05-16 16:59:59,443 - WARNING - CropBox missing from /Page, defaulting to MediaBox
2025-05-16 16:59:59,464 - WARNING - CropBox missing from /Page, defaulting to MediaBox
2025-05-16 16:59:59,464 - INFO - Processing lobbyist ID: 003277719548-45
2025-05-16 17:00:00,023 - WARNING - CropBox missing from /Page, defaulting to MediaBox
2025-05-16 17:00:00,058 - WARNING - CropBox missing from /Page, defaulting to MediaBox
2025-05-16 17:00:00,058 - INFO - Processing lobbyist ID: 003289421663-92
2025-05-16 17:00:00,542 - WARNING - CropBox missing from /Page, defaulting to MediaBox
2025-05-16 17:00:00,561 - WARNING - CropBox missing from /Page, defaulting to MediaBox
2025-05-16 17:00:00,561 - INFO - Processing lobbyist ID: 003435750110-24
2025-05-16 17:00:01,080 - WARNING - CropBox missing from /Page, defaulting to MediaBox
2025-05-16 17:00:01,097 - WARNING - CropBox missing from /Page, defaulting to MediaBox
2025-05-16 17:00:01,097 - INFO - Processing lobbyist ID: 003453329147-26
2025-05-16 17:00:01,834 - WARNING - CropBox missing from /Page, defaulting to MediaBox
2025-05-16 17:00:01,866 - WARNING - CropBox missing from /Page, defaulting to MediaBox
2025-05-16 17:00:01,866 - INFO - Processing lobbyist ID: 00353757573-57
2025-05-16 17:00:03,394 - WARNING - CropBox missing from /Page, defaulting to MediaBox
2025-05-16 17:00:03,396 - WARNING - CropBox missing from /Page, defaulting to MediaBox
2025-05-16 17:00:03,397 - WARNING - CropBox missing from /Page, defaulting to MediaBox
2025-05-16 17:00:03,397 - WARNING - CropBox missing from /Page, defaulting to MediaBox
2025-05-16 17:00:03,398 - WARNING - CropBox missing from /Page, defaulting to MediaBox
2025-05-16 17:00:03,754 - WARNING - CropBox missing from /Page, defaulting to MediaBox
2025-05-16 17:00:03,755 - WARNING - CropBox missing from /Page, defaulting to MediaBox
2025-05-16 17:00:03,755 - WARNING - CropBox missing from /Page, defaulting to MediaBox
2025-05-16 17:00:03,755 - WARNING - CropBox missing from /Page, defaulting to MediaBox
2025-05-16 17:00:03,755 - WARNING - CropBox missing from /Page, defaulting to MediaBox
2025-05-16 17:00:03,755 - INFO - Processing lobbyist ID: 00358442856-45
2025-05-16 17:00:05,344 - WARNING - CropBox missing from /Page, defaulting to MediaBox
2025-05-16 17:00:05,345 - WARNING - CropBox missing from /Page, defaulting to MediaBox
2025-05-16 17:00:05,346 - WARNING - CropBox missing from /Page, defaulting to MediaBox
2025-05-16 17:00:05,347 - WARNING - CropBox missing from /Page, defaulting to MediaBox
2025-05-16 17:00:05,348 - WARNING - CropBox missing from /Page, defaulting to MediaBox
2025-05-16 17:00:05,348 - WARNING - CropBox missing from /Page, defaulting to MediaBox
2025-05-16 17:00:05,775 - WARNING - CropBox missing from /Page, defaulting to MediaBox
2025-05-16 17:00:05,775 - WARNING - CropBox missing from /Page, defaulting to MediaBox
2025-05-16 17:00:05,775 - WARNING - CropBox missing from /Page, defaulting to MediaBox
2025-05-16 17:00:05,775 - WARNING - CropBox missing from /Page, defaulting to MediaBox
2025-05-16 17:00:05,775 - WARNING - CropBox missing from /Page, defaulting to MediaBox
2025-05-16 17:00:05,775 - WARNING - CropBox missing from /Page, defaulting to MediaBox
2025-05-16 17:00:05,775 - INFO - Processing lobbyist ID: 003708136830-08
2025-05-16 17:00:06,392 - WARNING - CropBox missing from /Page, defaulting to MediaBox
2025-05-16 17:00:06,447 - WARNING - CropBox missing from /Page, defaulting to MediaBox
2025-05-16 17:00:06,448 - INFO - Processing lobbyist ID: 003824096869-82
2025-05-16 17:00:06,988 - WARNING - CropBox missing from /Page, defaulting to MediaBox
2025-05-16 17:00:07,019 - WARNING - CropBox missing from /Page, defaulting to MediaBox
2025-05-16 17:00:07,020 - INFO - Processing lobbyist ID: 003872392962-66
2025-05-16 17:00:07,490 - WARNING - CropBox missing from /Page, defaulting to MediaBox
2025-05-16 17:00:07,512 - WARNING - CropBox missing from /Page, defaulting to MediaBox
2025-05-16 17:00:07,512 - INFO - Processing lobbyist ID: 003906045590-78
2025-05-16 17:00:08,047 - WARNING - CropBox missing from /Page, defaulting to MediaBox
2025-05-16 17:00:08,085 - WARNING - CropBox missing from /Page, defaulting to MediaBox
2025-05-16 17:00:08,085 - INFO - Processing lobbyist ID: 004004025368-22
2025-05-16 17:00:08,581 - WARNING - CropBox missing from /Page, defaulting to MediaBox
2025-05-16 17:00:08,631 - WARNING - CropBox missing from /Page, defaulting to MediaBox
2025-05-16 17:00:08,631 - INFO - Processing lobbyist ID: 004258218904-75
2025-05-16 17:00:09,098 - WARNING - CropBox missing from /Page, defaulting to MediaBox
2025-05-16 17:00:09,125 - WARNING - CropBox missing from /Page, defaulting to MediaBox
2025-05-16 17:00:09,125 - INFO - Processing lobbyist ID: 004348352902-37
2025-05-16 17:00:09,707 - WARNING - CropBox missing from /Page, defaulting to MediaBox
2025-05-16 17:00:09,727 - WARNING - CropBox missing from /Page, defaulting to MediaBox
2025-05-16 17:00:09,728 - INFO - Processing lobbyist ID: 004391428791-19
2025-05-16 17:00:10,398 - WARNING - CropBox missing from /Page, defaulting to MediaBox
2025-05-16 17:00:10,424 - WARNING - CropBox missing from /Page, defaulting to MediaBox
2025-05-16 17:00:10,424 - INFO - Processing lobbyist ID: 004419551067-23
2025-05-16 17:00:10,876 - WARNING - CropBox missing from /Page, defaulting to MediaBox
2025-05-16 17:00:10,899 - WARNING - CropBox missing from /Page, defaulting to MediaBox
2025-05-16 17:00:10,899 - INFO - Processing lobbyist ID: 004585041625-47
2025-05-16 17:00:11,416 - WARNING - CropBox missing from /Page, defaulting to MediaBox
2025-05-16 17:00:11,445 - WARNING - CropBox missing from /Page, defaulting to MediaBox
2025-05-16 17:00:11,445 - INFO - Processing lobbyist ID: 00475641564-03
2025-05-16 17:00:12,588 - WARNING - CropBox missing from /Page, defaulting to MediaBox
2025-05-16 17:00:12,588 - WARNING - CropBox missing from /Page, defaulting to MediaBox
2025-05-16 17:00:12,589 - WARNING - CropBox missing from /Page, defaulting to MediaBox
2025-05-16 17:00:12,764 - WARNING - CropBox missing from /Page, defaulting to MediaBox
2025-05-16 17:00:12,764 - WARNING - CropBox missing from /Page, defaulting to MediaBox
2025-05-16 17:00:12,764 - WARNING - CropBox missing from /Page, defaulting to MediaBox
2025-05-16 17:00:12,764 - INFO - Processing lobbyist ID: 00481013843-28
2025-05-16 17:00:13,355 - WARNING - CropBox missing from /Page, defaulting to MediaBox
2025-05-16 17:00:13,377 - WARNING - CropBox missing from /Page, defaulting to MediaBox
2025-05-16 17:00:13,377 - INFO - Processing lobbyist ID: 004942218376-96
2025-05-16 17:00:13,912 - WARNING - CropBox missing from /Page, defaulting to MediaBox
2025-05-16 17:00:13,946 - WARNING - CropBox missing from /Page, defaulting to MediaBox
2025-05-16 17:00:13,946 - INFO - Processing lobbyist ID: 005036551217-80
2025-05-16 17:00:14,464 - WARNING - CropBox missing from /Page, defaulting to MediaBox
2025-05-16 17:00:14,490 - WARNING - CropBox missing from /Page, defaulting to MediaBox
2025-05-16 17:00:14,490 - INFO - Processing lobbyist ID: 005426136369-56
2025-05-16 17:00:14,940 - WARNING - CropBox missing from /Page, defaulting to MediaBox
2025-05-16 17:00:14,958 - WARNING - CropBox missing from /Page, defaulting to MediaBox
2025-05-16 17:00:14,958 - INFO - Processing lobbyist ID: 005464798079-18
2025-05-16 17:00:15,432 - WARNING - CropBox missing from /Page, defaulting to MediaBox
2025-05-16 17:00:15,455 - WARNING - CropBox missing from /Page, defaulting to MediaBox
2025-05-16 17:00:15,456 - INFO - Processing lobbyist ID: 005476244544-25
2025-05-16 17:00:15,955 - WARNING - CropBox missing from /Page, defaulting to MediaBox
2025-05-16 17:00:15,974 - WARNING - CropBox missing from /Page, defaulting to MediaBox
2025-05-16 17:00:15,974 - INFO - Processing lobbyist ID: 005489498073-39
2025-05-16 17:00:16,471 - WARNING - CropBox missing from /Page, defaulting to MediaBox
2025-05-16 17:00:16,488 - WARNING - CropBox missing from /Page, defaulting to MediaBox
2025-05-16 17:00:16,488 - INFO - Processing lobbyist ID: 005538931799-72
2025-05-16 17:00:16,984 - WARNING - CropBox missing from /Page, defaulting to MediaBox
2025-05-16 17:00:17,001 - WARNING - CropBox missing from /Page, defaulting to MediaBox
2025-05-16 17:00:17,001 - INFO - Processing lobbyist ID: 005575320561-06
2025-05-16 17:00:17,479 - WARNING - CropBox missing from /Page, defaulting to MediaBox
2025-05-16 17:00:17,496 - WARNING - CropBox missing from /Page, defaulting to MediaBox
2025-05-16 17:00:17,496 - INFO - Processing lobbyist ID: 005858195645-64
2025-05-16 17:00:17,960 - WARNING - CropBox missing from /Page, defaulting to MediaBox
2025-05-16 17:00:17,981 - WARNING - CropBox missing from /Page, defaulting to MediaBox
2025-05-16 17:00:17,982 - INFO - Processing lobbyist ID: 005887421809-56
2025-05-16 17:00:18,596 - WARNING - CropBox missing from /Page, defaulting to MediaBox
2025-05-16 17:00:18,614 - WARNING - CropBox missing from /Page, defaulting to MediaBox
2025-05-16 17:00:18,614 - INFO - Processing lobbyist ID: 005892792090-20
2025-05-16 17:00:19,301 - WARNING - CropBox missing from /Page, defaulting to MediaBox
2025-05-16 17:00:19,335 - WARNING - CropBox missing from /Page, defaulting to MediaBox
2025-05-16 17:00:19,335 - INFO - Processing lobbyist ID: 005930614727-54
2025-05-16 17:00:19,911 - WARNING - CropBox missing from /Page, defaulting to MediaBox
2025-05-16 17:00:19,965 - WARNING - CropBox missing from /Page, defaulting to MediaBox
2025-05-16 17:00:19,966 - INFO - Processing lobbyist ID: 006004145615-69
2025-05-16 17:00:20,464 - WARNING - CropBox missing from /Page, defaulting to MediaBox
2025-05-16 17:00:20,490 - WARNING - CropBox missing from /Page, defaulting to MediaBox
2025-05-16 17:00:20,490 - INFO - Processing lobbyist ID: 006018796649-51
2025-05-16 17:00:20,991 - WARNING - CropBox missing from /Page, defaulting to MediaBox
2025-05-16 17:00:21,019 - WARNING - CropBox missing from /Page, defaulting to MediaBox
2025-05-16 17:00:21,019 - INFO - Processing lobbyist ID: 006020340285-19
2025-05-16 17:00:21,576 - WARNING - CropBox missing from /Page, defaulting to MediaBox
2025-05-16 17:00:21,605 - WARNING - CropBox missing from /Page, defaulting to MediaBox
2025-05-16 17:00:21,605 - INFO - Processing lobbyist ID: 006043210924-49
2025-05-16 17:00:22,187 - WARNING - CropBox missing from /Page, defaulting to MediaBox
2025-05-16 17:00:22,221 - WARNING - CropBox missing from /Page, defaulting to MediaBox
2025-05-16 17:00:22,221 - INFO - Processing lobbyist ID: 006052644907-55
2025-05-16 17:00:22,727 - WARNING - CropBox missing from /Page, defaulting to MediaBox
2025-05-16 17:00:22,749 - WARNING - CropBox missing from /Page, defaulting to MediaBox
2025-05-16 17:00:22,750 - INFO - Processing lobbyist ID: 006087021537-90
2025-05-16 17:00:23,259 - WARNING - CropBox missing from /Page, defaulting to MediaBox
2025-05-16 17:00:23,282 - WARNING - CropBox missing from /Page, defaulting to MediaBox
2025-05-16 17:00:23,282 - INFO - Processing lobbyist ID: 00609669640-11
2025-05-16 17:00:23,819 - WARNING - CropBox missing from /Page, defaulting to MediaBox
2025-05-16 17:00:23,842 - WARNING - CropBox missing from /Page, defaulting to MediaBox
2025-05-16 17:00:23,843 - INFO - Processing lobbyist ID: 006203933416-48
2025-05-16 17:00:24,350 - WARNING - CropBox missing from /Page, defaulting to MediaBox
2025-05-16 17:00:24,372 - WARNING - CropBox missing from /Page, defaulting to MediaBox
2025-05-16 17:00:24,372 - INFO - Processing lobbyist ID: 006411421255-36
2025-05-16 17:00:24,905 - WARNING - CropBox missing from /Page, defaulting to MediaBox
2025-05-16 17:00:24,940 - WARNING - CropBox missing from /Page, defaulting to MediaBox
2025-05-16 17:00:24,940 - INFO - Processing lobbyist ID: 006455698245-11
2025-05-16 17:00:25,417 - WARNING - CropBox missing from /Page, defaulting to MediaBox
2025-05-16 17:00:25,439 - WARNING - CropBox missing from /Page, defaulting to MediaBox
2025-05-16 17:00:25,439 - INFO - Processing lobbyist ID: 006482948856-57
2025-05-16 17:00:25,926 - WARNING - CropBox missing from /Page, defaulting to MediaBox
2025-05-16 17:00:25,945 - WARNING - CropBox missing from /Page, defaulting to MediaBox
2025-05-16 17:00:25,945 - INFO - Processing lobbyist ID: 006485918021-78
2025-05-16 17:00:26,398 - WARNING - CropBox missing from /Page, defaulting to MediaBox
2025-05-16 17:00:26,423 - WARNING - CropBox missing from /Page, defaulting to MediaBox
2025-05-16 17:00:26,423 - INFO - Processing lobbyist ID: 006537450157-04
2025-05-16 17:00:27,131 - WARNING - CropBox missing from /Page, defaulting to MediaBox
2025-05-16 17:00:27,162 - WARNING - CropBox missing from /Page, defaulting to MediaBox
2025-05-16 17:00:27,162 - INFO - Processing lobbyist ID: 006668652433-34
2025-05-16 17:00:27,604 - WARNING - CropBox missing from /Page, defaulting to MediaBox
2025-05-16 17:00:27,624 - WARNING - CropBox missing from /Page, defaulting to MediaBox
2025-05-16 17:00:27,624 - INFO - Processing lobbyist ID: 006687715492-92
2025-05-16 17:00:28,708 - WARNING - CropBox missing from /Page, defaulting to MediaBox
2025-05-16 17:00:28,709 - WARNING - CropBox missing from /Page, defaulting to MediaBox
2025-05-16 17:00:28,710 - WARNING - CropBox missing from /Page, defaulting to MediaBox
2025-05-16 17:00:28,946 - WARNING - CropBox missing from /Page, defaulting to MediaBox
2025-05-16 17:00:28,946 - WARNING - CropBox missing from /Page, defaulting to MediaBox
2025-05-16 17:00:28,946 - WARNING - CropBox missing from /Page, defaulting to MediaBox
2025-05-16 17:00:28,947 - INFO - Processing lobbyist ID: 006901422654-34
2025-05-16 17:00:29,579 - WARNING - CropBox missing from /Page, defaulting to MediaBox
2025-05-16 17:00:29,633 - WARNING - CropBox missing from /Page, defaulting to MediaBox
2025-05-16 17:00:29,633 - INFO - Processing lobbyist ID: 006902640471-32
2025-05-16 17:00:30,070 - WARNING - CropBox missing from /Page, defaulting to MediaBox
2025-05-16 17:00:30,089 - WARNING - CropBox missing from /Page, defaulting to MediaBox
2025-05-16 17:00:30,089 - INFO - Processing lobbyist ID: 006913592237-55
2025-05-16 17:00:30,580 - WARNING - CropBox missing from /Page, defaulting to MediaBox
2025-05-16 17:00:30,597 - WARNING - CropBox missing from /Page, defaulting to MediaBox
2025-05-16 17:00:30,597 - INFO - Processing lobbyist ID: 006930420009-75
2025-05-16 17:00:31,036 - WARNING - CropBox missing from /Page, defaulting to MediaBox
2025-05-16 17:00:31,056 - WARNING - CropBox missing from /Page, defaulting to MediaBox
2025-05-16 17:00:31,056 - INFO - Processing lobbyist ID: 00705635730-34
2025-05-16 17:00:31,514 - WARNING - CropBox missing from /Page, defaulting to MediaBox
2025-05-16 17:00:31,538 - WARNING - CropBox missing from /Page, defaulting to MediaBox
2025-05-16 17:00:31,538 - INFO - Processing lobbyist ID: 007060049916-62
2025-05-16 17:00:32,003 - WARNING - CropBox missing from /Page, defaulting to MediaBox
2025-05-16 17:00:32,020 - WARNING - CropBox missing from /Page, defaulting to MediaBox
2025-05-16 17:00:32,020 - INFO - Processed 100 lobbyists out of 14400. Pausing for 3 seconds to avoid server overload...
2025-05-16 17:00:35,046 - INFO - Processing lobbyist ID: 007095651479-45
2025-05-16 17:00:35,560 - WARNING - CropBox missing from /Page, defaulting to MediaBox
2025-05-16 17:00:35,579 - WARNING - CropBox missing from /Page, defaulting to MediaBox
2025-05-16 17:00:35,579 - INFO - Processing lobbyist ID: 007199150839-85
2025-05-16 17:00:36,124 - WARNING - CropBox missing from /Page, defaulting to MediaBox
2025-05-16 17:00:36,148 - WARNING - CropBox missing from /Page, defaulting to MediaBox
2025-05-16 17:00:36,148 - INFO - Processing lobbyist ID: 00723343929-96
2025-05-16 17:00:37,671 - WARNING - CropBox missing from /Page, defaulting to MediaBox
2025-05-16 17:00:37,672 - WARNING - CropBox missing from /Page, defaulting to MediaBox
2025-05-16 17:00:37,673 - WARNING - CropBox missing from /Page, defaulting to MediaBox
2025-05-16 17:00:37,675 - WARNING - CropBox missing from /Page, defaulting to MediaBox
2025-05-16 17:00:38,116 - WARNING - CropBox missing from /Page, defaulting to MediaBox
2025-05-16 17:00:38,116 - WARNING - CropBox missing from /Page, defaulting to MediaBox
2025-05-16 17:00:38,116 - WARNING - CropBox missing from /Page, defaulting to MediaBox
2025-05-16 17:00:38,117 - WARNING - CropBox missing from /Page, defaulting to MediaBox
2025-05-16 17:00:38,117 - INFO - Processing lobbyist ID: 007323695868-83
2025-05-16 17:00:38,599 - WARNING - CropBox missing from /Page, defaulting to MediaBox
2025-05-16 17:00:38,646 - WARNING - CropBox missing from /Page, defaulting to MediaBox
2025-05-16 17:00:38,646 - INFO - Processing lobbyist ID: 007338250495-75
2025-05-16 17:00:39,153 - WARNING - CropBox missing from /Page, defaulting to MediaBox
2025-05-16 17:00:39,247 - WARNING - CropBox missing from /Page, defaulting to MediaBox
2025-05-16 17:00:39,248 - INFO - Processing lobbyist ID: 007340933641-89
2025-05-16 17:00:39,716 - WARNING - CropBox missing from /Page, defaulting to MediaBox
2025-05-16 17:00:39,735 - WARNING - CropBox missing from /Page, defaulting to MediaBox
2025-05-16 17:00:39,735 - INFO - Processing lobbyist ID: 007408046051-73
2025-05-16 17:00:40,477 - WARNING - CropBox missing from /Page, defaulting to MediaBox
2025-05-16 17:00:40,514 - WARNING - CropBox missing from /Page, defaulting to MediaBox
2025-05-16 17:00:40,515 - INFO - Processing lobbyist ID: 007422325160-44
2025-05-16 17:00:41,101 - WARNING - CropBox missing from /Page, defaulting to MediaBox
2025-05-16 17:00:41,170 - WARNING - CropBox missing from /Page, defaulting to MediaBox
2025-05-16 17:00:41,170 - INFO - Processing lobbyist ID: 007427047315-01
2025-05-16 17:00:41,659 - WARNING - CropBox missing from /Page, defaulting to MediaBox
2025-05-16 17:00:41,688 - WARNING - CropBox missing from /Page, defaulting to MediaBox
2025-05-16 17:00:41,689 - INFO - Processing lobbyist ID: 00745248690-02
2025-05-16 17:00:42,616 - WARNING - CropBox missing from /Page, defaulting to MediaBox
2025-05-16 17:00:42,618 - WARNING - CropBox missing from /Page, defaulting to MediaBox
2025-05-16 17:00:42,727 - WARNING - CropBox missing from /Page, defaulting to MediaBox
2025-05-16 17:00:42,727 - WARNING - CropBox missing from /Page, defaulting to MediaBox
2025-05-16 17:00:42,728 - INFO - Processing lobbyist ID: 007461027732-18
2025-05-16 17:00:43,371 - WARNING - CropBox missing from /Page, defaulting to MediaBox
2025-05-16 17:00:43,410 - WARNING - CropBox missing from /Page, defaulting to MediaBox
2025-05-16 17:00:43,411 - INFO - Processing lobbyist ID: 007503529333-27
2025-05-16 17:00:43,966 - WARNING - CropBox missing from /Page, defaulting to MediaBox
2025-05-16 17:00:44,019 - WARNING - CropBox missing from /Page, defaulting to MediaBox
2025-05-16 17:00:44,019 - INFO - Processing lobbyist ID: 007522248387-91
2025-05-16 17:00:44,554 - WARNING - CropBox missing from /Page, defaulting to MediaBox
2025-05-16 17:00:44,644 - WARNING - CropBox missing from /Page, defaulting to MediaBox
2025-05-16 17:00:44,644 - INFO - Processing lobbyist ID: 007555936329-95
2025-05-16 17:00:45,113 - WARNING - CropBox missing from /Page, defaulting to MediaBox
2025-05-16 17:00:45,156 - WARNING - CropBox missing from /Page, defaulting to MediaBox
2025-05-16 17:00:45,156 - INFO - Processing lobbyist ID: 007579634856-38
2025-05-16 17:00:45,710 - WARNING - CropBox missing from /Page, defaulting to MediaBox
2025-05-16 17:00:45,753 - WARNING - CropBox missing from /Page, defaulting to MediaBox
2025-05-16 17:00:45,754 - INFO - Processing lobbyist ID: 007667198226-29
2025-05-16 17:00:46,267 - WARNING - CropBox missing from /Page, defaulting to MediaBox
2025-05-16 17:00:46,315 - WARNING - CropBox missing from /Page, defaulting to MediaBox
2025-05-16 17:00:46,315 - INFO - Processing lobbyist ID: 00770563312-18
2025-05-16 17:00:46,841 - WARNING - CropBox missing from /Page, defaulting to MediaBox
2025-05-16 17:00:46,875 - WARNING - CropBox missing from /Page, defaulting to MediaBox
2025-05-16 17:00:46,875 - INFO - Processing lobbyist ID: 007723395262-08
2025-05-16 17:00:47,395 - WARNING - CropBox missing from /Page, defaulting to MediaBox
2025-05-16 17:00:47,427 - WARNING - CropBox missing from /Page, defaulting to MediaBox
2025-05-16 17:00:47,427 - INFO - Processing lobbyist ID: 007825151843-16
2025-05-16 17:00:47,921 - WARNING - CropBox missing from /Page, defaulting to MediaBox
2025-05-16 17:00:47,965 - WARNING - CropBox missing from /Page, defaulting to MediaBox
2025-05-16 17:00:47,966 - INFO - Processing lobbyist ID: 007878641067-30
2025-05-16 17:00:48,492 - WARNING - CropBox missing from /Page, defaulting to MediaBox
2025-05-16 17:00:48,533 - WARNING - CropBox missing from /Page, defaulting to MediaBox
2025-05-16 17:00:48,534 - INFO - Processing lobbyist ID: 007895639418-81
2025-05-16 17:00:49,172 - WARNING - CropBox missing from /Page, defaulting to MediaBox
2025-05-16 17:00:49,324 - WARNING - CropBox missing from /Page, defaulting to MediaBox
2025-05-16 17:00:49,324 - INFO - Processing lobbyist ID: 007938540807-31
2025-05-16 17:00:49,842 - WARNING - CropBox missing from /Page, defaulting to MediaBox
2025-05-16 17:00:49,888 - WARNING - CropBox missing from /Page, defaulting to MediaBox
2025-05-16 17:00:49,888 - INFO - Processing lobbyist ID: 007961591670-39
2025-05-16 17:00:50,371 - WARNING - CropBox missing from /Page, defaulting to MediaBox
2025-05-16 17:00:50,410 - WARNING - CropBox missing from /Page, defaulting to MediaBox
2025-05-16 17:00:50,410 - INFO - Processing lobbyist ID: 008129895742-57
2025-05-16 17:00:50,888 - WARNING - CropBox missing from /Page, defaulting to MediaBox
2025-05-16 17:00:50,947 - WARNING - CropBox missing from /Page, defaulting to MediaBox
2025-05-16 17:00:50,947 - INFO - Processing lobbyist ID: 008155797168-06
2025-05-16 17:00:51,507 - WARNING - CropBox missing from /Page, defaulting to MediaBox
2025-05-16 17:00:51,545 - WARNING - CropBox missing from /Page, defaulting to MediaBox
2025-05-16 17:00:51,545 - INFO - Processing lobbyist ID: 008159896407-07
2025-05-16 17:00:52,064 - WARNING - CropBox missing from /Page, defaulting to MediaBox
2025-05-16 17:00:52,086 - WARNING - CropBox missing from /Page, defaulting to MediaBox
2025-05-16 17:00:52,086 - INFO - Processing lobbyist ID: 008175019549-76
2025-05-16 17:00:52,535 - WARNING - CropBox missing from /Page, defaulting to MediaBox
2025-05-16 17:00:52,559 - WARNING - CropBox missing from /Page, defaulting to MediaBox
2025-05-16 17:00:52,559 - INFO - Processing lobbyist ID: 008245942001-90
2025-05-16 17:00:53,031 - WARNING - CropBox missing from /Page, defaulting to MediaBox
2025-05-16 17:00:53,088 - WARNING - CropBox missing from /Page, defaulting to MediaBox
2025-05-16 17:00:53,089 - INFO - Processing lobbyist ID: 008251593134-84
2025-05-16 17:00:53,544 - WARNING - CropBox missing from /Page, defaulting to MediaBox
2025-05-16 17:00:53,561 - WARNING - CropBox missing from /Page, defaulting to MediaBox
2025-05-16 17:00:53,561 - INFO - Processing lobbyist ID: 008316496461-20
2025-05-16 17:00:53,994 - WARNING - CropBox missing from /Page, defaulting to MediaBox
2025-05-16 17:00:54,011 - WARNING - CropBox missing from /Page, defaulting to MediaBox
2025-05-16 17:00:54,011 - INFO - Processing lobbyist ID: 008383997443-17
2025-05-16 17:00:54,507 - WARNING - CropBox missing from /Page, defaulting to MediaBox
2025-05-16 17:00:54,527 - WARNING - CropBox missing from /Page, defaulting to MediaBox
2025-05-16 17:00:54,527 - INFO - Processing lobbyist ID: 008431330155-37
2025-05-16 17:00:55,626 - WARNING - CropBox missing from /Page, defaulting to MediaBox
2025-05-16 17:00:55,627 - WARNING - CropBox missing from /Page, defaulting to MediaBox
2025-05-16 17:00:55,690 - WARNING - CropBox missing from /Page, defaulting to MediaBox
2025-05-16 17:00:55,690 - WARNING - CropBox missing from /Page, defaulting to MediaBox
2025-05-16 17:00:55,690 - INFO - Processing lobbyist ID: 008448634151-77
2025-05-16 17:00:56,158 - WARNING - CropBox missing from /Page, defaulting to MediaBox
2025-05-16 17:00:56,174 - WARNING - CropBox missing from /Page, defaulting to MediaBox
2025-05-16 17:00:56,175 - INFO - Processing lobbyist ID: 00849042167-65
2025-05-16 17:00:56,717 - WARNING - CropBox missing from /Page, defaulting to MediaBox
2025-05-16 17:00:56,742 - WARNING - CropBox missing from /Page, defaulting to MediaBox
2025-05-16 17:00:56,742 - INFO - Processing lobbyist ID: 008507452878-73
2025-05-16 17:00:57,247 - WARNING - CropBox missing from /Page, defaulting to MediaBox
2025-05-16 17:00:57,272 - WARNING - CropBox missing from /Page, defaulting to MediaBox
2025-05-16 17:00:57,272 - INFO - Processing lobbyist ID: 008533846785-96
2025-05-16 17:00:57,765 - WARNING - CropBox missing from /Page, defaulting to MediaBox
2025-05-16 17:00:57,782 - WARNING - CropBox missing from /Page, defaulting to MediaBox
2025-05-16 17:00:57,782 - INFO - Processing lobbyist ID: 008658631225-37
2025-05-16 17:00:58,217 - WARNING - CropBox missing from /Page, defaulting to MediaBox
2025-05-16 17:00:58,240 - WARNING - CropBox missing from /Page, defaulting to MediaBox
2025-05-16 17:00:58,240 - INFO - Processing lobbyist ID: 008697197178-54
2025-05-16 17:00:58,695 - WARNING - CropBox missing from /Page, defaulting to MediaBox
2025-05-16 17:00:58,722 - WARNING - CropBox missing from /Page, defaulting to MediaBox
2025-05-16 17:00:58,722 - INFO - Processing lobbyist ID: 008753395526-51
2025-05-16 17:00:59,201 - WARNING - CropBox missing from /Page, defaulting to MediaBox
2025-05-16 17:00:59,219 - WARNING - CropBox missing from /Page, defaulting to MediaBox
2025-05-16 17:00:59,219 - INFO - Processing lobbyist ID: 008788051727-26
2025-05-16 17:00:59,727 - WARNING - CropBox missing from /Page, defaulting to MediaBox
2025-05-16 17:00:59,776 - WARNING - CropBox missing from /Page, defaulting to MediaBox
2025-05-16 17:00:59,777 - INFO - Processing lobbyist ID: 008826648924-61
2025-05-16 17:01:00,344 - WARNING - CropBox missing from /Page, defaulting to MediaBox
2025-05-16 17:01:00,389 - WARNING - CropBox missing from /Page, defaulting to MediaBox
2025-05-16 17:01:00,389 - INFO - Processing lobbyist ID: 008848426348-02
2025-05-16 17:01:00,890 - WARNING - CropBox missing from /Page, defaulting to MediaBox
2025-05-16 17:01:00,929 - WARNING - CropBox missing from /Page, defaulting to MediaBox
2025-05-16 17:01:00,929 - INFO - Processing lobbyist ID: 008855336156-25
2025-05-16 17:01:01,473 - WARNING - CropBox missing from /Page, defaulting to MediaBox
2025-05-16 17:01:01,554 - WARNING - CropBox missing from /Page, defaulting to MediaBox
2025-05-16 17:01:01,554 - INFO - Processing lobbyist ID: 008905797453-30
2025-05-16 17:01:02,307 - WARNING - CropBox missing from /Page, defaulting to MediaBox
2025-05-16 17:01:02,368 - WARNING - CropBox missing from /Page, defaulting to MediaBox
2025-05-16 17:01:02,369 - INFO - Processing lobbyist ID: 009024498126-11
2025-05-16 17:01:02,845 - WARNING - CropBox missing from /Page, defaulting to MediaBox
2025-05-16 17:01:02,879 - WARNING - CropBox missing from /Page, defaulting to MediaBox
2025-05-16 17:01:02,880 - INFO - Processing lobbyist ID: 009110095886-27
2025-05-16 17:01:03,358 - WARNING - CropBox missing from /Page, defaulting to MediaBox
2025-05-16 17:01:03,396 - WARNING - CropBox missing from /Page, defaulting to MediaBox
2025-05-16 17:01:03,396 - INFO - Processing lobbyist ID: 009141896639-72
2025-05-16 17:01:03,872 - WARNING - CropBox missing from /Page, defaulting to MediaBox
2025-05-16 17:01:03,920 - WARNING - CropBox missing from /Page, defaulting to MediaBox
2025-05-16 17:01:03,920 - INFO - Processing lobbyist ID: 009153631495-97
2025-05-16 17:01:04,402 - WARNING - CropBox missing from /Page, defaulting to MediaBox
2025-05-16 17:01:04,453 - WARNING - CropBox missing from /Page, defaulting to MediaBox
2025-05-16 17:01:04,453 - INFO - Processing lobbyist ID: 009175623137-75
2025-05-16 17:01:05,003 - WARNING - CropBox missing from /Page, defaulting to MediaBox
2025-05-16 17:01:05,054 - WARNING - CropBox missing from /Page, defaulting to MediaBox
2025-05-16 17:01:05,054 - INFO - Processing lobbyist ID: 009188192222-11
2025-05-16 17:01:05,662 - WARNING - CropBox missing from /Page, defaulting to MediaBox
2025-05-16 17:01:05,683 - WARNING - CropBox missing from /Page, defaulting to MediaBox
2025-05-16 17:01:05,684 - INFO - Processing lobbyist ID: 00919034091-89
2025-05-16 17:01:06,957 - WARNING - CropBox missing from /Page, defaulting to MediaBox
2025-05-16 17:01:06,959 - WARNING - CropBox missing from /Page, defaulting to MediaBox
2025-05-16 17:01:06,961 - WARNING - CropBox missing from /Page, defaulting to MediaBox
2025-05-16 17:01:06,966 - WARNING - CropBox missing from /Page, defaulting to MediaBox
2025-05-16 17:01:07,363 - WARNING - CropBox missing from /Page, defaulting to MediaBox
2025-05-16 17:01:07,363 - WARNING - CropBox missing from /Page, defaulting to MediaBox
2025-05-16 17:01:07,363 - WARNING - CropBox missing from /Page, defaulting to MediaBox
2025-05-16 17:01:07,363 - WARNING - CropBox missing from /Page, defaulting to MediaBox
2025-05-16 17:01:07,364 - INFO - Processing lobbyist ID: 009214311424-03
2025-05-16 17:01:08,543 - WARNING - CropBox missing from /Page, defaulting to MediaBox
2025-05-16 17:01:08,544 - WARNING - CropBox missing from /Page, defaulting to MediaBox
2025-05-16 17:01:08,546 - WARNING - CropBox missing from /Page, defaulting to MediaBox
2025-05-16 17:01:08,547 - WARNING - CropBox missing from /Page, defaulting to MediaBox
2025-05-16 17:01:08,789 - WARNING - CropBox missing from /Page, defaulting to MediaBox
2025-05-16 17:01:08,789 - WARNING - CropBox missing from /Page, defaulting to MediaBox
2025-05-16 17:01:08,789 - WARNING - CropBox missing from /Page, defaulting to MediaBox
2025-05-16 17:01:08,789 - WARNING - CropBox missing from /Page, defaulting to MediaBox
2025-05-16 17:01:08,789 - INFO - Processing lobbyist ID: 009433826675-55
2025-05-16 17:01:10,262 - WARNING - CropBox missing from /Page, defaulting to MediaBox
2025-05-16 17:01:10,263 - WARNING - CropBox missing from /Page, defaulting to MediaBox
2025-05-16 17:01:10,264 - WARNING - CropBox missing from /Page, defaulting to MediaBox
2025-05-16 17:01:10,264 - WARNING - CropBox missing from /Page, defaulting to MediaBox
2025-05-16 17:01:10,265 - WARNING - CropBox missing from /Page, defaulting to MediaBox
2025-05-16 17:01:10,568 - WARNING - CropBox missing from /Page, defaulting to MediaBox
2025-05-16 17:01:10,568 - WARNING - CropBox missing from /Page, defaulting to MediaBox
2025-05-16 17:01:10,568 - WARNING - CropBox missing from /Page, defaulting to MediaBox
2025-05-16 17:01:10,568 - WARNING - CropBox missing from /Page, defaulting to MediaBox
2025-05-16 17:01:10,568 - WARNING - CropBox missing from /Page, defaulting to MediaBox
2025-05-16 17:01:10,569 - INFO - Processing lobbyist ID: 009451252014-73
2025-05-16 17:01:11,077 - WARNING - CropBox missing from /Page, defaulting to MediaBox
2025-05-16 17:01:11,102 - WARNING - CropBox missing from /Page, defaulting to MediaBox
2025-05-16 17:01:11,102 - INFO - Processing lobbyist ID: 009456692317-07
2025-05-16 17:01:11,560 - WARNING - CropBox missing from /Page, defaulting to MediaBox
2025-05-16 17:01:11,577 - WARNING - CropBox missing from /Page, defaulting to MediaBox
2025-05-16 17:01:11,577 - INFO - Processing lobbyist ID: 009462448118-38
2025-05-16 17:01:12,389 - WARNING - CropBox missing from /Page, defaulting to MediaBox
2025-05-16 17:01:12,430 - WARNING - CropBox missing from /Page, defaulting to MediaBox
2025-05-16 17:01:12,430 - INFO - Processing lobbyist ID: 009472117655-59
2025-05-16 17:01:12,901 - WARNING - CropBox missing from /Page, defaulting to MediaBox
2025-05-16 17:01:12,927 - WARNING - CropBox missing from /Page, defaulting to MediaBox
2025-05-16 17:01:12,927 - INFO - Processing lobbyist ID: 00951027955-96
2025-05-16 17:01:13,577 - WARNING - CropBox missing from /Page, defaulting to MediaBox
2025-05-16 17:01:13,578 - WARNING - CropBox missing from /Page, defaulting to MediaBox
2025-05-16 17:01:13,665 - WARNING - CropBox missing from /Page, defaulting to MediaBox
2025-05-16 17:01:13,665 - WARNING - CropBox missing from /Page, defaulting to MediaBox
2025-05-16 17:01:13,666 - INFO - Processing lobbyist ID: 009543351056-37
2025-05-16 17:01:14,196 - WARNING - CropBox missing from /Page, defaulting to MediaBox
2025-05-16 17:01:14,229 - WARNING - CropBox missing from /Page, defaulting to MediaBox
2025-05-16 17:01:14,229 - INFO - Processing lobbyist ID: 009600952690-40
2025-05-16 17:01:14,677 - WARNING - CropBox missing from /Page, defaulting to MediaBox
2025-05-16 17:01:14,694 - WARNING - CropBox missing from /Page, defaulting to MediaBox
2025-05-16 17:01:14,694 - INFO - Processing lobbyist ID: 009613032395-62
2025-05-16 17:01:15,195 - WARNING - CropBox missing from /Page, defaulting to MediaBox
2025-05-16 17:01:15,221 - WARNING - CropBox missing from /Page, defaulting to MediaBox
2025-05-16 17:01:15,221 - INFO - Processing lobbyist ID: 009627841465-17
2025-05-16 17:01:15,709 - WARNING - CropBox missing from /Page, defaulting to MediaBox
2025-05-16 17:01:15,726 - WARNING - CropBox missing from /Page, defaulting to MediaBox
2025-05-16 17:01:15,726 - INFO - Processing lobbyist ID: 009832643638-02
2025-05-16 17:01:16,226 - WARNING - CropBox missing from /Page, defaulting to MediaBox
2025-05-16 17:01:16,252 - WARNING - CropBox missing from /Page, defaulting to MediaBox
2025-05-16 17:01:16,253 - INFO - Processing lobbyist ID: 010109849251-54
2025-05-16 17:01:16,714 - WARNING - CropBox missing from /Page, defaulting to MediaBox
2025-05-16 17:01:16,738 - WARNING - CropBox missing from /Page, defaulting to MediaBox
2025-05-16 17:01:16,738 - INFO - Processing lobbyist ID: 010172838303-72
2025-05-16 17:01:17,325 - WARNING - CropBox missing from /Page, defaulting to MediaBox
2025-05-16 17:01:17,362 - WARNING - CropBox missing from /Page, defaulting to MediaBox
2025-05-16 17:01:17,362 - INFO - Processing lobbyist ID: 010187228143-49
2025-05-16 17:01:17,818 - WARNING - CropBox missing from /Page, defaulting to MediaBox
2025-05-16 17:01:17,836 - WARNING - CropBox missing from /Page, defaulting to MediaBox
2025-05-16 17:01:17,836 - INFO - Processing lobbyist ID: 010212710281-97
2025-05-16 17:01:19,008 - WARNING - CropBox missing from /Page, defaulting to MediaBox
2025-05-16 17:01:19,010 - WARNING - CropBox missing from /Page, defaulting to MediaBox
2025-05-16 17:01:19,011 - WARNING - CropBox missing from /Page, defaulting to MediaBox
2025-05-16 17:01:19,211 - WARNING - CropBox missing from /Page, defaulting to MediaBox
2025-05-16 17:01:19,212 - WARNING - CropBox missing from /Page, defaulting to MediaBox
2025-05-16 17:01:19,212 - WARNING - CropBox missing from /Page, defaulting to MediaBox
2025-05-16 17:01:19,212 - INFO - Processing lobbyist ID: 010237950703-92
2025-05-16 17:01:19,711 - WARNING - CropBox missing from /Page, defaulting to MediaBox
2025-05-16 17:01:19,732 - WARNING - CropBox missing from /Page, defaulting to MediaBox
2025-05-16 17:01:19,732 - INFO - Processing lobbyist ID: 010336241935-13
2025-05-16 17:01:20,274 - WARNING - CropBox missing from /Page, defaulting to MediaBox
2025-05-16 17:01:20,292 - WARNING - CropBox missing from /Page, defaulting to MediaBox
2025-05-16 17:01:20,292 - INFO - Processing lobbyist ID: 010350193429-87
2025-05-16 17:01:20,742 - WARNING - CropBox missing from /Page, defaulting to MediaBox
2025-05-16 17:01:20,762 - WARNING - CropBox missing from /Page, defaulting to MediaBox
2025-05-16 17:01:20,763 - INFO - Processing lobbyist ID: 010397411668-54
2025-05-16 17:01:21,329 - WARNING - CropBox missing from /Page, defaulting to MediaBox
2025-05-16 17:01:21,370 - WARNING - CropBox missing from /Page, defaulting to MediaBox
2025-05-16 17:01:21,370 - INFO - Processing lobbyist ID: 010510531771-50
2025-05-16 17:01:21,835 - WARNING - CropBox missing from /Page, defaulting to MediaBox
2025-05-16 17:01:21,861 - WARNING - CropBox missing from /Page, defaulting to MediaBox
2025-05-16 17:01:21,862 - INFO - Processing lobbyist ID: 010537126862-09
2025-05-16 17:01:22,423 - WARNING - CropBox missing from /Page, defaulting to MediaBox
2025-05-16 17:01:22,456 - WARNING - CropBox missing from /Page, defaulting to MediaBox
2025-05-16 17:01:22,457 - INFO - Processing lobbyist ID: 010630050724-84
2025-05-16 17:01:22,950 - WARNING - CropBox missing from /Page, defaulting to MediaBox
2025-05-16 17:01:22,973 - WARNING - CropBox missing from /Page, defaulting to MediaBox
2025-05-16 17:01:22,973 - INFO - Processing lobbyist ID: 01063261836-24
2025-05-16 17:01:24,122 - WARNING - CropBox missing from /Page, defaulting to MediaBox
2025-05-16 17:01:24,122 - WARNING - CropBox missing from /Page, defaulting to MediaBox
2025-05-16 17:01:24,224 - WARNING - CropBox missing from /Page, defaulting to MediaBox
2025-05-16 17:01:24,225 - WARNING - CropBox missing from /Page, defaulting to MediaBox
2025-05-16 17:01:24,225 - INFO - Processing lobbyist ID: 010822218390-62
2025-05-16 17:01:24,814 - WARNING - CropBox missing from /Page, defaulting to MediaBox
2025-05-16 17:01:24,863 - WARNING - CropBox missing from /Page, defaulting to MediaBox
2025-05-16 17:01:24,864 - INFO - Processing lobbyist ID: 010836591536-69
2025-05-16 17:01:25,339 - WARNING - CropBox missing from /Page, defaulting to MediaBox
2025-05-16 17:01:25,387 - WARNING - CropBox missing from /Page, defaulting to MediaBox
2025-05-16 17:01:25,388 - INFO - Processing lobbyist ID: 010922834782-77
2025-05-16 17:01:25,858 - WARNING - CropBox missing from /Page, defaulting to MediaBox
2025-05-16 17:01:25,881 - WARNING - CropBox missing from /Page, defaulting to MediaBox
2025-05-16 17:01:25,881 - INFO - Processing lobbyist ID: 010977093819-34
2025-05-16 17:01:26,379 - WARNING - CropBox missing from /Page, defaulting to MediaBox
2025-05-16 17:01:26,397 - WARNING - CropBox missing from /Page, defaulting to MediaBox
2025-05-16 17:01:26,397 - INFO - Processing lobbyist ID: 011033338441-66
2025-05-16 17:01:26,820 - WARNING - CropBox missing from /Page, defaulting to MediaBox
2025-05-16 17:01:26,842 - WARNING - CropBox missing from /Page, defaulting to MediaBox
2025-05-16 17:01:26,842 - INFO - Processing lobbyist ID: 011080341579-06
2025-05-16 17:01:27,454 - WARNING - CropBox missing from /Page, defaulting to MediaBox
2025-05-16 17:01:27,506 - WARNING - CropBox missing from /Page, defaulting to MediaBox
2025-05-16 17:01:27,506 - INFO - Processing lobbyist ID: 011095511691-05
2025-05-16 17:01:28,383 - WARNING - CropBox missing from /Page, defaulting to MediaBox
2025-05-16 17:01:28,384 - WARNING - CropBox missing from /Page, defaulting to MediaBox
2025-05-16 17:01:28,385 - WARNING - CropBox missing from /Page, defaulting to MediaBox
2025-05-16 17:01:28,586 - WARNING - CropBox missing from /Page, defaulting to MediaBox
2025-05-16 17:01:28,586 - WARNING - CropBox missing from /Page, defaulting to MediaBox
2025-05-16 17:01:28,586 - WARNING - CropBox missing from /Page, defaulting to MediaBox
2025-05-16 17:01:28,587 - INFO - Processing lobbyist ID: 011167597905-22
2025-05-16 17:01:29,065 - WARNING - CropBox missing from /Page, defaulting to MediaBox
2025-05-16 17:01:29,090 - WARNING - CropBox missing from /Page, defaulting to MediaBox
2025-05-16 17:01:29,090 - INFO - Processing lobbyist ID: 011182829000-96
2025-05-16 17:01:29,679 - WARNING - CropBox missing from /Page, defaulting to MediaBox
2025-05-16 17:01:29,714 - WARNING - CropBox missing from /Page, defaulting to MediaBox
2025-05-16 17:01:29,715 - INFO - Processing lobbyist ID: 011218951339-34
2025-05-16 17:01:30,184 - WARNING - CropBox missing from /Page, defaulting to MediaBox
2025-05-16 17:01:30,210 - WARNING - CropBox missing from /Page, defaulting to MediaBox
2025-05-16 17:01:30,210 - INFO - Processing lobbyist ID: 011250793465-74
2025-05-16 17:01:30,714 - WARNING - CropBox missing from /Page, defaulting to MediaBox
2025-05-16 17:01:30,745 - WARNING - CropBox missing from /Page, defaulting to MediaBox
2025-05-16 17:01:30,746 - INFO - Processing lobbyist ID: 011322353074-80
2025-05-16 17:01:31,223 - WARNING - CropBox missing from /Page, defaulting to MediaBox
2025-05-16 17:01:31,245 - WARNING - CropBox missing from /Page, defaulting to MediaBox
2025-05-16 17:01:31,246 - INFO - Processing lobbyist ID: 011340223514-19
2025-05-16 17:01:31,723 - WARNING - CropBox missing from /Page, defaulting to MediaBox
2025-05-16 17:01:31,747 - WARNING - CropBox missing from /Page, defaulting to MediaBox
2025-05-16 17:01:31,747 - INFO - Processing lobbyist ID: 011403294822-89
2025-05-16 17:01:32,264 - WARNING - CropBox missing from /Page, defaulting to MediaBox
2025-05-16 17:01:32,286 - WARNING - CropBox missing from /Page, defaulting to MediaBox
2025-05-16 17:01:32,287 - INFO - Processing lobbyist ID: 011479419288-08
2025-05-16 17:01:32,862 - WARNING - CropBox missing from /Page, defaulting to MediaBox
2025-05-16 17:01:32,912 - WARNING - CropBox missing from /Page, defaulting to MediaBox
2025-05-16 17:01:32,912 - INFO - Processing lobbyist ID: 01150446981-34
2025-05-16 17:01:33,624 - WARNING - CropBox missing from /Page, defaulting to MediaBox
2025-05-16 17:01:33,625 - WARNING - CropBox missing from /Page, defaulting to MediaBox
2025-05-16 17:01:33,705 - WARNING - CropBox missing from /Page, defaulting to MediaBox
2025-05-16 17:01:33,705 - WARNING - CropBox missing from /Page, defaulting to MediaBox
2025-05-16 17:01:33,705 - INFO - Processing lobbyist ID: 011520698213-80
2025-05-16 17:01:34,222 - WARNING - CropBox missing from /Page, defaulting to MediaBox
2025-05-16 17:01:34,248 - WARNING - CropBox missing from /Page, defaulting to MediaBox
2025-05-16 17:01:34,248 - INFO - Processing lobbyist ID: 011603934072-68
2025-05-16 17:01:34,742 - WARNING - CropBox missing from /Page, defaulting to MediaBox
2025-05-16 17:01:34,760 - WARNING - CropBox missing from /Page, defaulting to MediaBox
2025-05-16 17:01:34,761 - INFO - Processing lobbyist ID: 011816043546-53
2025-05-16 17:01:35,235 - WARNING - CropBox missing from /Page, defaulting to MediaBox
2025-05-16 17:01:35,251 - WARNING - CropBox missing from /Page, defaulting to MediaBox
2025-05-16 17:01:35,252 - INFO - Processing lobbyist ID: 0118191795-12
2025-05-16 17:01:35,863 - WARNING - CropBox missing from /Page, defaulting to MediaBox
2025-05-16 17:01:35,863 - WARNING - CropBox missing from /Page, defaulting to MediaBox
2025-05-16 17:01:35,909 - WARNING - CropBox missing from /Page, defaulting to MediaBox
2025-05-16 17:01:35,909 - WARNING - CropBox missing from /Page, defaulting to MediaBox
2025-05-16 17:01:35,909 - INFO - Processing lobbyist ID: 011855093589-29
2025-05-16 17:01:36,442 - WARNING - CropBox missing from /Page, defaulting to MediaBox
2025-05-16 17:01:36,466 - WARNING - CropBox missing from /Page, defaulting to MediaBox
2025-05-16 17:01:36,466 - INFO - Processing lobbyist ID: 011985949739-34
2025-05-16 17:01:36,979 - WARNING - CropBox missing from /Page, defaulting to MediaBox
2025-05-16 17:01:37,009 - WARNING - CropBox missing from /Page, defaulting to MediaBox
2025-05-16 17:01:37,009 - INFO - Processing lobbyist ID: 0120704687-67
2025-05-16 17:01:37,627 - WARNING - CropBox missing from /Page, defaulting to MediaBox
2025-05-16 17:01:37,680 - WARNING - CropBox missing from /Page, defaulting to MediaBox
2025-05-16 17:01:37,680 - INFO - Processing lobbyist ID: 012079550653-65
2025-05-16 17:01:38,179 - WARNING - CropBox missing from /Page, defaulting to MediaBox
2025-05-16 17:01:38,198 - WARNING - CropBox missing from /Page, defaulting to MediaBox
2025-05-16 17:01:38,198 - INFO - Processing lobbyist ID: 012146830944-03
2025-05-16 17:01:38,816 - WARNING - CropBox missing from /Page, defaulting to MediaBox
2025-05-16 17:01:38,886 - WARNING - CropBox missing from /Page, defaulting to MediaBox
2025-05-16 17:01:38,886 - INFO - Processed 200 lobbyists out of 14400. Pausing for 3 seconds to avoid server overload...
2025-05-16 17:01:41,914 - INFO - Processing lobbyist ID: 012185922677-09
2025-05-16 17:01:42,558 - WARNING - CropBox missing from /Page, defaulting to MediaBox
2025-05-16 17:01:42,580 - WARNING - CropBox missing from /Page, defaulting to MediaBox
2025-05-16 17:01:42,580 - INFO - Processing lobbyist ID: 01224764261-72
2025-05-16 17:01:43,193 - WARNING - CropBox missing from /Page, defaulting to MediaBox
2025-05-16 17:01:43,194 - WARNING - CropBox missing from /Page, defaulting to MediaBox
2025-05-16 17:01:43,268 - WARNING - CropBox missing from /Page, defaulting to MediaBox
2025-05-16 17:01:43,269 - WARNING - CropBox missing from /Page, defaulting to MediaBox
2025-05-16 17:01:43,269 - INFO - Processing lobbyist ID: 012433548896-48
2025-05-16 17:01:43,747 - WARNING - CropBox missing from /Page, defaulting to MediaBox
2025-05-16 17:01:43,770 - WARNING - CropBox missing from /Page, defaulting to MediaBox
2025-05-16 17:01:43,770 - INFO - Processing lobbyist ID: 01251825535-85
2025-05-16 17:01:44,214 - WARNING - CropBox missing from /Page, defaulting to MediaBox
2025-05-16 17:01:44,237 - WARNING - CropBox missing from /Page, defaulting to MediaBox
2025-05-16 17:01:44,237 - INFO - Processing lobbyist ID: 012670095188-92
2025-05-16 17:01:44,722 - WARNING - CropBox missing from /Page, defaulting to MediaBox
2025-05-16 17:01:44,745 - WARNING - CropBox missing from /Page, defaulting to MediaBox
2025-05-16 17:01:44,745 - INFO - Processing lobbyist ID: 012706693645-24
2025-05-16 17:01:45,236 - WARNING - CropBox missing from /Page, defaulting to MediaBox
2025-05-16 17:01:45,261 - WARNING - CropBox missing from /Page, defaulting to MediaBox
2025-05-16 17:01:45,261 - INFO - Processing lobbyist ID: 012717123539-58
2025-05-16 17:01:45,835 - WARNING - CropBox missing from /Page, defaulting to MediaBox
2025-05-16 17:01:45,884 - WARNING - CropBox missing from /Page, defaulting to MediaBox
2025-05-16 17:01:45,884 - INFO - Processing lobbyist ID: 012728850867-18
2025-05-16 17:01:46,311 - WARNING - CropBox missing from /Page, defaulting to MediaBox
2025-05-16 17:01:46,332 - WARNING - CropBox missing from /Page, defaulting to MediaBox
2025-05-16 17:01:46,332 - INFO - Processing lobbyist ID: 012856893445-37
2025-05-16 17:01:46,786 - WARNING - CropBox missing from /Page, defaulting to MediaBox
2025-05-16 17:01:46,812 - WARNING - CropBox missing from /Page, defaulting to MediaBox
2025-05-16 17:01:46,813 - INFO - Processing lobbyist ID: 012964696343-17
2025-05-16 17:01:47,292 - WARNING - CropBox missing from /Page, defaulting to MediaBox
2025-05-16 17:01:47,308 - WARNING - CropBox missing from /Page, defaulting to MediaBox
2025-05-16 17:01:47,308 - INFO - Processing lobbyist ID: 01312486176-25
2025-05-16 17:01:47,884 - WARNING - CropBox missing from /Page, defaulting to MediaBox
2025-05-16 17:01:47,920 - WARNING - CropBox missing from /Page, defaulting to MediaBox
2025-05-16 17:01:47,920 - INFO - Processing lobbyist ID: 013325324971-78
2025-05-16 17:01:48,451 - WARNING - CropBox missing from /Page, defaulting to MediaBox
2025-05-16 17:01:48,479 - WARNING - CropBox missing from /Page, defaulting to MediaBox
2025-05-16 17:01:48,479 - INFO - Processing lobbyist ID: 013340043345-76
2025-05-16 17:01:48,985 - WARNING - CropBox missing from /Page, defaulting to MediaBox
2025-05-16 17:01:49,051 - WARNING - CropBox missing from /Page, defaulting to MediaBox
2025-05-16 17:01:49,052 - INFO - Processing lobbyist ID: 013412029702-91
2025-05-16 17:01:49,529 - WARNING - CropBox missing from /Page, defaulting to MediaBox
2025-05-16 17:01:49,548 - WARNING - CropBox missing from /Page, defaulting to MediaBox
2025-05-16 17:01:49,549 - INFO - Processing lobbyist ID: 013432829763-33
2025-05-16 17:01:50,111 - WARNING - CropBox missing from /Page, defaulting to MediaBox
2025-05-16 17:01:50,148 - WARNING - CropBox missing from /Page, defaulting to MediaBox
2025-05-16 17:01:50,148 - INFO - Processing lobbyist ID: 013465915676-21
2025-05-16 17:01:50,657 - WARNING - CropBox missing from /Page, defaulting to MediaBox
2025-05-16 17:01:50,679 - WARNING - CropBox missing from /Page, defaulting to MediaBox
2025-05-16 17:01:50,679 - INFO - Processing lobbyist ID: 013596348877-66
2025-05-16 17:01:51,111 - WARNING - CropBox missing from /Page, defaulting to MediaBox
2025-05-16 17:01:51,130 - WARNING - CropBox missing from /Page, defaulting to MediaBox
2025-05-16 17:01:51,130 - INFO - Processing lobbyist ID: 013755513854-45
2025-05-16 17:01:51,611 - WARNING - CropBox missing from /Page, defaulting to MediaBox
2025-05-16 17:01:51,634 - WARNING - CropBox missing from /Page, defaulting to MediaBox
2025-05-16 17:01:51,635 - INFO - Processing lobbyist ID: 013786146388-70
2025-05-16 17:01:52,210 - WARNING - CropBox missing from /Page, defaulting to MediaBox
2025-05-16 17:01:52,253 - WARNING - CropBox missing from /Page, defaulting to MediaBox
2025-05-16 17:01:52,253 - INFO - Processing lobbyist ID: 01380772294-53
2025-05-16 17:01:52,841 - WARNING - CropBox missing from /Page, defaulting to MediaBox
2025-05-16 17:01:52,904 - WARNING - CropBox missing from /Page, defaulting to MediaBox
2025-05-16 17:01:52,904 - INFO - Processing lobbyist ID: 013829597751-75
2025-05-16 17:01:53,423 - WARNING - CropBox missing from /Page, defaulting to MediaBox
2025-05-16 17:01:53,446 - WARNING - CropBox missing from /Page, defaulting to MediaBox
2025-05-16 17:01:53,446 - INFO - Processing lobbyist ID: 013841522595-24
2025-05-16 17:01:54,059 - WARNING - CropBox missing from /Page, defaulting to MediaBox
2025-05-16 17:01:54,103 - WARNING - CropBox missing from /Page, defaulting to MediaBox
2025-05-16 17:01:54,104 - INFO - Processing lobbyist ID: 0138855852-93
2025-05-16 17:01:54,794 - WARNING - CropBox missing from /Page, defaulting to MediaBox
2025-05-16 17:01:54,824 - WARNING - CropBox missing from /Page, defaulting to MediaBox
2025-05-16 17:01:54,824 - INFO - Processing lobbyist ID: 013899493163-61
2025-05-16 17:01:55,298 - WARNING - CropBox missing from /Page, defaulting to MediaBox
2025-05-16 17:01:55,315 - WARNING - CropBox missing from /Page, defaulting to MediaBox
2025-05-16 17:01:55,315 - INFO - Processing lobbyist ID: 013942047039-83
2025-05-16 17:01:55,836 - WARNING - CropBox missing from /Page, defaulting to MediaBox
2025-05-16 17:01:55,861 - WARNING - CropBox missing from /Page, defaulting to MediaBox
2025-05-16 17:01:55,861 - INFO - Processing lobbyist ID: 013957194446-64
2025-05-16 17:01:56,319 - WARNING - CropBox missing from /Page, defaulting to MediaBox
2025-05-16 17:01:56,340 - WARNING - CropBox missing from /Page, defaulting to MediaBox
2025-05-16 17:01:56,340 - INFO - Processing lobbyist ID: 014007296394-33
2025-05-16 17:01:56,811 - WARNING - CropBox missing from /Page, defaulting to MediaBox
2025-05-16 17:01:56,833 - WARNING - CropBox missing from /Page, defaulting to MediaBox
2025-05-16 17:01:56,834 - INFO - Processing lobbyist ID: 014120028084-09
2025-05-16 17:01:57,559 - WARNING - CropBox missing from /Page, defaulting to MediaBox
2025-05-16 17:01:57,561 - WARNING - CropBox missing from /Page, defaulting to MediaBox
2025-05-16 17:01:57,626 - WARNING - CropBox missing from /Page, defaulting to MediaBox
2025-05-16 17:01:57,626 - WARNING - CropBox missing from /Page, defaulting to MediaBox
2025-05-16 17:01:57,627 - INFO - Processing lobbyist ID: 014158842886-37
2025-05-16 17:01:58,100 - WARNING - CropBox missing from /Page, defaulting to MediaBox
2025-05-16 17:01:58,118 - WARNING - CropBox missing from /Page, defaulting to MediaBox
2025-05-16 17:01:58,118 - INFO - Processing lobbyist ID: 014184753116-13
2025-05-16 17:01:58,664 - WARNING - CropBox missing from /Page, defaulting to MediaBox
2025-05-16 17:01:58,692 - WARNING - CropBox missing from /Page, defaulting to MediaBox
2025-05-16 17:01:58,692 - INFO - Processing lobbyist ID: 014218910510-57
2025-05-16 17:01:59,442 - WARNING - CropBox missing from /Page, defaulting to MediaBox
2025-05-16 17:01:59,476 - WARNING - CropBox missing from /Page, defaulting to MediaBox
2025-05-16 17:01:59,476 - INFO - Processing lobbyist ID: 014245397405-82
2025-05-16 17:01:59,939 - WARNING - CropBox missing from /Page, defaulting to MediaBox
2025-05-16 17:01:59,968 - WARNING - CropBox missing from /Page, defaulting to MediaBox
2025-05-16 17:01:59,969 - INFO - Processing lobbyist ID: 01437575131-45
2025-05-16 17:02:00,523 - WARNING - CropBox missing from /Page, defaulting to MediaBox
2025-05-16 17:02:00,555 - WARNING - CropBox missing from /Page, defaulting to MediaBox
2025-05-16 17:02:00,556 - INFO - Processing lobbyist ID: 014395614376-93
2025-05-16 17:02:01,136 - WARNING - CropBox missing from /Page, defaulting to MediaBox
2025-05-16 17:02:01,158 - WARNING - CropBox missing from /Page, defaulting to MediaBox
2025-05-16 17:02:01,158 - INFO - Processing lobbyist ID: 014463491778-34
2025-05-16 17:02:01,693 - WARNING - CropBox missing from /Page, defaulting to MediaBox
2025-05-16 17:02:01,725 - WARNING - CropBox missing from /Page, defaulting to MediaBox
2025-05-16 17:02:01,725 - INFO - Processing lobbyist ID: 014662751131-84
2025-05-16 17:02:02,230 - WARNING - CropBox missing from /Page, defaulting to MediaBox
2025-05-16 17:02:02,253 - WARNING - CropBox missing from /Page, defaulting to MediaBox
2025-05-16 17:02:02,253 - INFO - Processing lobbyist ID: 014666792044-75
2025-05-16 17:02:02,724 - WARNING - CropBox missing from /Page, defaulting to MediaBox
2025-05-16 17:02:02,744 - WARNING - CropBox missing from /Page, defaulting to MediaBox
2025-05-16 17:02:02,745 - INFO - Processing lobbyist ID: 014681328548-06
2025-05-16 17:02:03,279 - WARNING - CropBox missing from /Page, defaulting to MediaBox
2025-05-16 17:02:03,304 - WARNING - CropBox missing from /Page, defaulting to MediaBox
2025-05-16 17:02:03,304 - INFO - Processing lobbyist ID: 014826342271-15
2025-05-16 17:02:03,839 - WARNING - CropBox missing from /Page, defaulting to MediaBox
2025-05-16 17:02:03,861 - WARNING - CropBox missing from /Page, defaulting to MediaBox
2025-05-16 17:02:03,861 - INFO - Processing lobbyist ID: 015001392003-96
2025-05-16 17:02:04,461 - WARNING - CropBox missing from /Page, defaulting to MediaBox
2025-05-16 17:02:04,484 - WARNING - CropBox missing from /Page, defaulting to MediaBox
2025-05-16 17:02:04,484 - INFO - Processing lobbyist ID: 015090047765-51
2025-05-16 17:02:04,929 - WARNING - CropBox missing from /Page, defaulting to MediaBox
2025-05-16 17:02:04,951 - WARNING - CropBox missing from /Page, defaulting to MediaBox
2025-05-16 17:02:04,952 - INFO - Processing lobbyist ID: 015109739041-17
2025-05-16 17:02:05,541 - WARNING - CropBox missing from /Page, defaulting to MediaBox
2025-05-16 17:02:05,590 - WARNING - CropBox missing from /Page, defaulting to MediaBox
2025-05-16 17:02:05,591 - INFO - Processing lobbyist ID: 015130537432-86
2025-05-16 17:02:06,087 - WARNING - CropBox missing from /Page, defaulting to MediaBox
2025-05-16 17:02:06,116 - WARNING - CropBox missing from /Page, defaulting to MediaBox
2025-05-16 17:02:06,116 - INFO - Processing lobbyist ID: 015146319708-20
2025-05-16 17:02:06,582 - WARNING - CropBox missing from /Page, defaulting to MediaBox
2025-05-16 17:02:06,604 - WARNING - CropBox missing from /Page, defaulting to MediaBox
2025-05-16 17:02:06,604 - INFO - Processing lobbyist ID: 015193625716-61
2025-05-16 17:02:07,121 - WARNING - CropBox missing from /Page, defaulting to MediaBox
2025-05-16 17:02:07,154 - WARNING - CropBox missing from /Page, defaulting to MediaBox
2025-05-16 17:02:07,154 - INFO - Processing lobbyist ID: 01523296397-60
2025-05-16 17:02:07,664 - WARNING - CropBox missing from /Page, defaulting to MediaBox
2025-05-16 17:02:07,688 - WARNING - CropBox missing from /Page, defaulting to MediaBox
2025-05-16 17:02:07,688 - INFO - Processing lobbyist ID: 015271191850-18
2025-05-16 17:02:08,194 - WARNING - CropBox missing from /Page, defaulting to MediaBox
2025-05-16 17:02:08,227 - WARNING - CropBox missing from /Page, defaulting to MediaBox
2025-05-16 17:02:08,227 - INFO - Processing lobbyist ID: 015329134576-67
2025-05-16 17:02:08,730 - WARNING - CropBox missing from /Page, defaulting to MediaBox
2025-05-16 17:02:08,754 - WARNING - CropBox missing from /Page, defaulting to MediaBox
2025-05-16 17:02:08,755 - INFO - Processing lobbyist ID: 015415038748-78
2025-05-16 17:02:09,325 - WARNING - CropBox missing from /Page, defaulting to MediaBox
2025-05-16 17:02:09,359 - WARNING - CropBox missing from /Page, defaulting to MediaBox
2025-05-16 17:02:09,360 - INFO - Processing lobbyist ID: 015439447252-14
2025-05-16 17:02:09,831 - WARNING - CropBox missing from /Page, defaulting to MediaBox
2025-05-16 17:02:09,852 - WARNING - CropBox missing from /Page, defaulting to MediaBox
2025-05-16 17:02:09,852 - INFO - Processing lobbyist ID: 01546986656-22
2025-05-16 17:02:10,649 - WARNING - CropBox missing from /Page, defaulting to MediaBox
2025-05-16 17:02:10,651 - WARNING - CropBox missing from /Page, defaulting to MediaBox
2025-05-16 17:02:10,742 - WARNING - CropBox missing from /Page, defaulting to MediaBox
2025-05-16 17:02:10,742 - WARNING - CropBox missing from /Page, defaulting to MediaBox
2025-05-16 17:02:10,743 - INFO - Processing lobbyist ID: 015497016937-13
2025-05-16 17:02:11,404 - WARNING - CropBox missing from /Page, defaulting to MediaBox
2025-05-16 17:02:11,440 - WARNING - CropBox missing from /Page, defaulting to MediaBox
2025-05-16 17:02:11,440 - INFO - Processing lobbyist ID: 015533222901-60
2025-05-16 17:02:12,003 - WARNING - CropBox missing from /Page, defaulting to MediaBox
2025-05-16 17:02:12,034 - WARNING - CropBox missing from /Page, defaulting to MediaBox
2025-05-16 17:02:12,035 - INFO - Processing lobbyist ID: 01554483175-08
2025-05-16 17:02:13,000 - WARNING - CropBox missing from /Page, defaulting to MediaBox
2025-05-16 17:02:13,001 - WARNING - CropBox missing from /Page, defaulting to MediaBox
2025-05-16 17:02:13,003 - WARNING - CropBox missing from /Page, defaulting to MediaBox
2025-05-16 17:02:13,182 - WARNING - CropBox missing from /Page, defaulting to MediaBox
2025-05-16 17:02:13,182 - WARNING - CropBox missing from /Page, defaulting to MediaBox
2025-05-16 17:02:13,182 - WARNING - CropBox missing from /Page, defaulting to MediaBox
2025-05-16 17:02:13,183 - INFO - Processing lobbyist ID: 015617142386-42
2025-05-16 17:02:13,707 - WARNING - CropBox missing from /Page, defaulting to MediaBox
2025-05-16 17:02:13,758 - WARNING - CropBox missing from /Page, defaulting to MediaBox
2025-05-16 17:02:13,758 - INFO - Processing lobbyist ID: 015770040288-10
2025-05-16 17:02:14,234 - WARNING - CropBox missing from /Page, defaulting to MediaBox
2025-05-16 17:02:14,253 - WARNING - CropBox missing from /Page, defaulting to MediaBox
2025-05-16 17:02:14,253 - INFO - Processing lobbyist ID: 015829095623-45
2025-05-16 17:02:14,758 - WARNING - CropBox missing from /Page, defaulting to MediaBox
2025-05-16 17:02:14,780 - WARNING - CropBox missing from /Page, defaulting to MediaBox
2025-05-16 17:02:14,781 - INFO - Processing lobbyist ID: 016107725457-79
2025-05-16 17:02:15,290 - WARNING - CropBox missing from /Page, defaulting to MediaBox
2025-05-16 17:02:15,327 - WARNING - CropBox missing from /Page, defaulting to MediaBox
2025-05-16 17:02:15,327 - INFO - Processing lobbyist ID: 016135552805-13
2025-05-16 17:02:15,854 - WARNING - CropBox missing from /Page, defaulting to MediaBox
2025-05-16 17:02:15,879 - WARNING - CropBox missing from /Page, defaulting to MediaBox
2025-05-16 17:02:15,879 - INFO - Processing lobbyist ID: 016168135607-58
2025-05-16 17:02:16,391 - WARNING - CropBox missing from /Page, defaulting to MediaBox
2025-05-16 17:02:16,409 - WARNING - CropBox missing from /Page, defaulting to MediaBox
2025-05-16 17:02:16,409 - INFO - Processing lobbyist ID: 016172626542-72
2025-05-16 17:02:16,866 - WARNING - CropBox missing from /Page, defaulting to MediaBox
2025-05-16 17:02:16,890 - WARNING - CropBox missing from /Page, defaulting to MediaBox
2025-05-16 17:02:16,890 - INFO - Processing lobbyist ID: 016194724494-39
2025-05-16 17:02:17,402 - WARNING - CropBox missing from /Page, defaulting to MediaBox
2025-05-16 17:02:17,434 - WARNING - CropBox missing from /Page, defaulting to MediaBox
2025-05-16 17:02:17,435 - INFO - Processing lobbyist ID: 01623802004-63
2025-05-16 17:02:18,078 - WARNING - CropBox missing from /Page, defaulting to MediaBox
2025-05-16 17:02:18,079 - WARNING - CropBox missing from /Page, defaulting to MediaBox
2025-05-16 17:02:18,162 - WARNING - CropBox missing from /Page, defaulting to MediaBox
2025-05-16 17:02:18,162 - WARNING - CropBox missing from /Page, defaulting to MediaBox
2025-05-16 17:02:18,162 - INFO - Processing lobbyist ID: 016240019954-66
2025-05-16 17:02:18,654 - WARNING - CropBox missing from /Page, defaulting to MediaBox
2025-05-16 17:02:18,675 - WARNING - CropBox missing from /Page, defaulting to MediaBox
2025-05-16 17:02:18,675 - INFO - Processing lobbyist ID: 016371114093-01
2025-05-16 17:02:19,533 - WARNING - CropBox missing from /Page, defaulting to MediaBox
2025-05-16 17:02:19,535 - WARNING - CropBox missing from /Page, defaulting to MediaBox
2025-05-16 17:02:19,641 - WARNING - CropBox missing from /Page, defaulting to MediaBox
2025-05-16 17:02:19,641 - WARNING - CropBox missing from /Page, defaulting to MediaBox
2025-05-16 17:02:19,641 - INFO - Processing lobbyist ID: 016507041970-26
2025-05-16 17:02:20,225 - WARNING - CropBox missing from /Page, defaulting to MediaBox
2025-05-16 17:02:20,266 - WARNING - CropBox missing from /Page, defaulting to MediaBox
2025-05-16 17:02:20,266 - INFO - Processing lobbyist ID: 016553096086-21
2025-05-16 17:02:21,221 - WARNING - CropBox missing from /Page, defaulting to MediaBox
2025-05-16 17:02:21,266 - WARNING - CropBox missing from /Page, defaulting to MediaBox
2025-05-16 17:02:21,266 - INFO - Processing lobbyist ID: 016556146874-92
2025-05-16 17:02:21,752 - WARNING - CropBox missing from /Page, defaulting to MediaBox
2025-05-16 17:02:21,803 - WARNING - CropBox missing from /Page, defaulting to MediaBox
2025-05-16 17:02:21,803 - INFO - Processing lobbyist ID: 016580840505-76
2025-05-16 17:02:22,293 - WARNING - CropBox missing from /Page, defaulting to MediaBox
2025-05-16 17:02:22,310 - WARNING - CropBox missing from /Page, defaulting to MediaBox
2025-05-16 17:02:22,310 - INFO - Processing lobbyist ID: 016672396467-61
2025-05-16 17:02:22,843 - WARNING - CropBox missing from /Page, defaulting to MediaBox
2025-05-16 17:02:22,862 - WARNING - CropBox missing from /Page, defaulting to MediaBox
2025-05-16 17:02:22,862 - INFO - Processing lobbyist ID: 016709127831-41
2025-05-16 17:02:23,671 - WARNING - CropBox missing from /Page, defaulting to MediaBox
2025-05-16 17:02:23,715 - WARNING - CropBox missing from /Page, defaulting to MediaBox
2025-05-16 17:02:23,715 - INFO - Processing lobbyist ID: 016714596843-07
2025-05-16 17:02:24,225 - WARNING - CropBox missing from /Page, defaulting to MediaBox
2025-05-16 17:02:24,246 - WARNING - CropBox missing from /Page, defaulting to MediaBox
2025-05-16 17:02:24,247 - INFO - Processing lobbyist ID: 016778139373-97
2025-05-16 17:02:24,732 - WARNING - CropBox missing from /Page, defaulting to MediaBox
2025-05-16 17:02:24,756 - WARNING - CropBox missing from /Page, defaulting to MediaBox
2025-05-16 17:02:24,756 - INFO - Processing lobbyist ID: 01678796979-90
2025-05-16 17:02:25,381 - WARNING - CropBox missing from /Page, defaulting to MediaBox
2025-05-16 17:02:25,382 - WARNING - CropBox missing from /Page, defaulting to MediaBox
2025-05-16 17:02:25,449 - WARNING - CropBox missing from /Page, defaulting to MediaBox
2025-05-16 17:02:25,449 - WARNING - CropBox missing from /Page, defaulting to MediaBox
2025-05-16 17:02:25,449 - INFO - Processing lobbyist ID: 016797840998-92
2025-05-16 17:02:25,929 - WARNING - CropBox missing from /Page, defaulting to MediaBox
2025-05-16 17:02:25,950 - WARNING - CropBox missing from /Page, defaulting to MediaBox
2025-05-16 17:02:25,951 - INFO - Processing lobbyist ID: 016825047419-55
2025-05-16 17:02:26,434 - WARNING - CropBox missing from /Page, defaulting to MediaBox
2025-05-16 17:02:26,454 - WARNING - CropBox missing from /Page, defaulting to MediaBox
2025-05-16 17:02:26,454 - INFO - Processing lobbyist ID: 016993397663-90
2025-05-16 17:02:26,975 - WARNING - CropBox missing from /Page, defaulting to MediaBox
2025-05-16 17:02:26,998 - WARNING - CropBox missing from /Page, defaulting to MediaBox
2025-05-16 17:02:26,998 - INFO - Processing lobbyist ID: 017018214013-57
2025-05-16 17:02:27,501 - WARNING - CropBox missing from /Page, defaulting to MediaBox
2025-05-16 17:02:27,534 - WARNING - CropBox missing from /Page, defaulting to MediaBox
2025-05-16 17:02:27,534 - INFO - Processing lobbyist ID: 017101527705-79
2025-05-16 17:02:28,052 - WARNING - CropBox missing from /Page, defaulting to MediaBox
2025-05-16 17:02:28,073 - WARNING - CropBox missing from /Page, defaulting to MediaBox
2025-05-16 17:02:28,073 - INFO - Processing lobbyist ID: 017204191983-61
2025-05-16 17:02:28,617 - WARNING - CropBox missing from /Page, defaulting to MediaBox
2025-05-16 17:02:28,648 - WARNING - CropBox missing from /Page, defaulting to MediaBox
2025-05-16 17:02:28,648 - INFO - Processing lobbyist ID: 017343011782-42
2025-05-16 17:02:29,172 - WARNING - CropBox missing from /Page, defaulting to MediaBox
2025-05-16 17:02:29,190 - WARNING - CropBox missing from /Page, defaulting to MediaBox
2025-05-16 17:02:29,190 - INFO - Processing lobbyist ID: 017358150409-67
2025-05-16 17:02:29,712 - WARNING - CropBox missing from /Page, defaulting to MediaBox
2025-05-16 17:02:29,759 - WARNING - CropBox missing from /Page, defaulting to MediaBox
2025-05-16 17:02:29,759 - INFO - Processing lobbyist ID: 01740426310-03
2025-05-16 17:02:30,369 - WARNING - CropBox missing from /Page, defaulting to MediaBox
2025-05-16 17:02:30,370 - WARNING - CropBox missing from /Page, defaulting to MediaBox
2025-05-16 17:02:30,435 - WARNING - CropBox missing from /Page, defaulting to MediaBox
2025-05-16 17:02:30,436 - WARNING - CropBox missing from /Page, defaulting to MediaBox
2025-05-16 17:02:30,436 - INFO - Processing lobbyist ID: 017407241307-21
2025-05-16 17:02:30,936 - WARNING - CropBox missing from /Page, defaulting to MediaBox
2025-05-16 17:02:30,956 - WARNING - CropBox missing from /Page, defaulting to MediaBox
2025-05-16 17:02:30,957 - INFO - Processing lobbyist ID: 017514515406-70
2025-05-16 17:02:31,435 - WARNING - CropBox missing from /Page, defaulting to MediaBox
2025-05-16 17:02:31,462 - WARNING - CropBox missing from /Page, defaulting to MediaBox
2025-05-16 17:02:31,462 - INFO - Processing lobbyist ID: 017635698334-41
2025-05-16 17:02:32,032 - WARNING - CropBox missing from /Page, defaulting to MediaBox
2025-05-16 17:02:32,055 - WARNING - CropBox missing from /Page, defaulting to MediaBox
2025-05-16 17:02:32,055 - INFO - Processing lobbyist ID: 01765274994-03
2025-05-16 17:02:32,644 - WARNING - CropBox missing from /Page, defaulting to MediaBox
2025-05-16 17:02:32,697 - WARNING - CropBox missing from /Page, defaulting to MediaBox
2025-05-16 17:02:32,697 - INFO - Processing lobbyist ID: 017784530272-96
2025-05-16 17:02:33,429 - WARNING - CropBox missing from /Page, defaulting to MediaBox
2025-05-16 17:02:33,430 - WARNING - CropBox missing from /Page, defaulting to MediaBox
2025-05-16 17:02:33,529 - WARNING - CropBox missing from /Page, defaulting to MediaBox
2025-05-16 17:02:33,529 - WARNING - CropBox missing from /Page, defaulting to MediaBox
2025-05-16 17:02:33,529 - INFO - Processing lobbyist ID: 017834194914-18
2025-05-16 17:02:34,056 - WARNING - CropBox missing from /Page, defaulting to MediaBox
2025-05-16 17:02:34,081 - WARNING - CropBox missing from /Page, defaulting to MediaBox
2025-05-16 17:02:34,081 - INFO - Processing lobbyist ID: 01788508225-66
2025-05-16 17:02:34,509 - WARNING - CropBox missing from /Page, defaulting to MediaBox
2025-05-16 17:02:34,536 - WARNING - CropBox missing from /Page, defaulting to MediaBox
2025-05-16 17:02:34,536 - INFO - Processing lobbyist ID: 017977535270-34
2025-05-16 17:02:35,062 - WARNING - CropBox missing from /Page, defaulting to MediaBox
2025-05-16 17:02:35,083 - WARNING - CropBox missing from /Page, defaulting to MediaBox
2025-05-16 17:02:35,083 - INFO - Processing lobbyist ID: 017978992429-94
2025-05-16 17:02:35,592 - WARNING - CropBox missing from /Page, defaulting to MediaBox
2025-05-16 17:02:35,613 - WARNING - CropBox missing from /Page, defaulting to MediaBox
2025-05-16 17:02:35,613 - INFO - Processing lobbyist ID: 018028697282-54
2025-05-16 17:02:36,081 - WARNING - CropBox missing from /Page, defaulting to MediaBox
2025-05-16 17:02:36,098 - WARNING - CropBox missing from /Page, defaulting to MediaBox
2025-05-16 17:02:36,098 - INFO - Processing lobbyist ID: 018097547406-18
2025-05-16 17:02:36,623 - WARNING - CropBox missing from /Page, defaulting to MediaBox
2025-05-16 17:02:36,654 - WARNING - CropBox missing from /Page, defaulting to MediaBox
2025-05-16 17:02:36,654 - INFO - Processing lobbyist ID: 01816267633-71
2025-05-16 17:02:37,251 - WARNING - CropBox missing from /Page, defaulting to MediaBox
2025-05-16 17:02:37,316 - WARNING - CropBox missing from /Page, defaulting to MediaBox
2025-05-16 17:02:37,316 - INFO - Processing lobbyist ID: 018203919412-57
2025-05-16 17:02:37,820 - WARNING - CropBox missing from /Page, defaulting to MediaBox
2025-05-16 17:02:37,843 - WARNING - CropBox missing from /Page, defaulting to MediaBox
2025-05-16 17:02:37,843 - INFO - Processing lobbyist ID: 01826979097-76
2025-05-16 17:02:38,578 - WARNING - CropBox missing from /Page, defaulting to MediaBox
2025-05-16 17:02:38,612 - WARNING - CropBox missing from /Page, defaulting to MediaBox
2025-05-16 17:02:38,612 - INFO - Processing lobbyist ID: 018288224966-40
2025-05-16 17:02:39,061 - WARNING - CropBox missing from /Page, defaulting to MediaBox
2025-05-16 17:02:39,084 - WARNING - CropBox missing from /Page, defaulting to MediaBox
2025-05-16 17:02:39,085 - INFO - Processing lobbyist ID: 018299294623-76
2025-05-16 17:02:39,702 - WARNING - CropBox missing from /Page, defaulting to MediaBox
2025-05-16 17:02:39,724 - WARNING - CropBox missing from /Page, defaulting to MediaBox
2025-05-16 17:02:39,724 - INFO - Processing lobbyist ID: 018303948769-73
2025-05-16 17:02:40,302 - WARNING - CropBox missing from /Page, defaulting to MediaBox
2025-05-16 17:02:40,319 - WARNING - CropBox missing from /Page, defaulting to MediaBox
2025-05-16 17:02:40,319 - INFO - Processed 300 lobbyists out of 14400. Pausing for 3 seconds to avoid server overload...
2025-05-16 17:02:43,350 - INFO - Processing lobbyist ID: 018304414362-83
2025-05-16 17:02:43,831 - WARNING - CropBox missing from /Page, defaulting to MediaBox
2025-05-16 17:02:43,856 - WARNING - CropBox missing from /Page, defaulting to MediaBox
2025-05-16 17:02:43,857 - INFO - Processing lobbyist ID: 018333695463-19
2025-05-16 17:02:44,399 - WARNING - CropBox missing from /Page, defaulting to MediaBox
2025-05-16 17:02:44,471 - WARNING - CropBox missing from /Page, defaulting to MediaBox
2025-05-16 17:02:44,471 - INFO - Processing lobbyist ID: 018456746589-65
2025-05-16 17:02:45,009 - WARNING - CropBox missing from /Page, defaulting to MediaBox
2025-05-16 17:02:45,038 - WARNING - CropBox missing from /Page, defaulting to MediaBox
2025-05-16 17:02:45,038 - INFO - Processing lobbyist ID: 018493851897-86
2025-05-16 17:02:45,577 - WARNING - CropBox missing from /Page, defaulting to MediaBox
2025-05-16 17:02:45,594 - WARNING - CropBox missing from /Page, defaulting to MediaBox
2025-05-16 17:02:45,595 - INFO - Processing lobbyist ID: 018495998262-84
2025-05-16 17:02:46,064 - WARNING - CropBox missing from /Page, defaulting to MediaBox
2025-05-16 17:02:46,087 - WARNING - CropBox missing from /Page, defaulting to MediaBox
2025-05-16 17:02:46,087 - INFO - Processing lobbyist ID: 018594646481-69
2025-05-16 17:02:46,578 - WARNING - CropBox missing from /Page, defaulting to MediaBox
2025-05-16 17:02:46,596 - WARNING - CropBox missing from /Page, defaulting to MediaBox
2025-05-16 17:02:46,596 - INFO - Processing lobbyist ID: 018669250698-22
2025-05-16 17:02:47,050 - WARNING - CropBox missing from /Page, defaulting to MediaBox
2025-05-16 17:02:47,076 - WARNING - CropBox missing from /Page, defaulting to MediaBox
2025-05-16 17:02:47,076 - INFO - Processing lobbyist ID: 01873234294-62
2025-05-16 17:02:47,669 - WARNING - CropBox missing from /Page, defaulting to MediaBox
2025-05-16 17:02:47,698 - WARNING - CropBox missing from /Page, defaulting to MediaBox
2025-05-16 17:02:47,698 - INFO - Processing lobbyist ID: 018773539412-80
2025-05-16 17:02:48,266 - WARNING - CropBox missing from /Page, defaulting to MediaBox
2025-05-16 17:02:48,324 - WARNING - CropBox missing from /Page, defaulting to MediaBox
2025-05-16 17:02:48,324 - INFO - Processing lobbyist ID: 018778010447-60
2025-05-16 17:02:48,919 - WARNING - CropBox missing from /Page, defaulting to MediaBox
2025-05-16 17:02:48,963 - WARNING - CropBox missing from /Page, defaulting to MediaBox
2025-05-16 17:02:48,963 - INFO - Processing lobbyist ID: 018812630867-12
2025-05-16 17:02:49,624 - WARNING - CropBox missing from /Page, defaulting to MediaBox
2025-05-16 17:02:49,625 - WARNING - CropBox missing from /Page, defaulting to MediaBox
2025-05-16 17:02:49,683 - WARNING - CropBox missing from /Page, defaulting to MediaBox
2025-05-16 17:02:49,683 - WARNING - CropBox missing from /Page, defaulting to MediaBox
2025-05-16 17:02:49,683 - INFO - Processing lobbyist ID: 01890906437-84
2025-05-16 17:02:50,743 - WARNING - CropBox missing from /Page, defaulting to MediaBox
2025-05-16 17:02:50,745 - WARNING - CropBox missing from /Page, defaulting to MediaBox
2025-05-16 17:02:50,747 - WARNING - CropBox missing from /Page, defaulting to MediaBox
2025-05-16 17:02:50,910 - WARNING - CropBox missing from /Page, defaulting to MediaBox
2025-05-16 17:02:50,910 - WARNING - CropBox missing from /Page, defaulting to MediaBox
2025-05-16 17:02:50,910 - WARNING - CropBox missing from /Page, defaulting to MediaBox
2025-05-16 17:02:50,911 - INFO - Processing lobbyist ID: 019052196216-05
2025-05-16 17:02:51,378 - WARNING - CropBox missing from /Page, defaulting to MediaBox
2025-05-16 17:02:51,403 - WARNING - CropBox missing from /Page, defaulting to MediaBox
2025-05-16 17:02:51,403 - INFO - Processing lobbyist ID: 019196097281-21
2025-05-16 17:02:51,886 - WARNING - CropBox missing from /Page, defaulting to MediaBox
2025-05-16 17:02:51,904 - WARNING - CropBox missing from /Page, defaulting to MediaBox
2025-05-16 17:02:51,904 - INFO - Processing lobbyist ID: 019293949200-30
2025-05-16 17:02:52,411 - WARNING - CropBox missing from /Page, defaulting to MediaBox
2025-05-16 17:02:52,438 - WARNING - CropBox missing from /Page, defaulting to MediaBox
2025-05-16 17:02:52,438 - INFO - Processing lobbyist ID: 019313336504-42
2025-05-16 17:02:53,049 - WARNING - CropBox missing from /Page, defaulting to MediaBox
2025-05-16 17:02:53,077 - WARNING - CropBox missing from /Page, defaulting to MediaBox
2025-05-16 17:02:53,077 - INFO - Processing lobbyist ID: 01936914624-97
2025-05-16 17:02:54,241 - WARNING - CropBox missing from /Page, defaulting to MediaBox
2025-05-16 17:02:54,243 - WARNING - CropBox missing from /Page, defaulting to MediaBox
2025-05-16 17:02:54,244 - WARNING - CropBox missing from /Page, defaulting to MediaBox
2025-05-16 17:02:54,430 - WARNING - CropBox missing from /Page, defaulting to MediaBox
2025-05-16 17:02:54,430 - WARNING - CropBox missing from /Page, defaulting to MediaBox
2025-05-16 17:02:54,430 - WARNING - CropBox missing from /Page, defaulting to MediaBox
2025-05-16 17:02:54,430 - INFO - Processing lobbyist ID: 019395422771-87
2025-05-16 17:02:54,931 - WARNING - CropBox missing from /Page, defaulting to MediaBox
2025-05-16 17:02:54,955 - WARNING - CropBox missing from /Page, defaulting to MediaBox
2025-05-16 17:02:54,955 - INFO - Processing lobbyist ID: 019452351003-33
2025-05-16 17:02:55,463 - WARNING - CropBox missing from /Page, defaulting to MediaBox
2025-05-16 17:02:55,494 - WARNING - CropBox missing from /Page, defaulting to MediaBox
2025-05-16 17:02:55,495 - INFO - Processing lobbyist ID: 019482727960-60
2025-05-16 17:02:56,021 - WARNING - CropBox missing from /Page, defaulting to MediaBox
2025-05-16 17:02:56,049 - WARNING - CropBox missing from /Page, defaulting to MediaBox
2025-05-16 17:02:56,049 - INFO - Processing lobbyist ID: 019508897840-62
2025-05-16 17:02:56,522 - WARNING - CropBox missing from /Page, defaulting to MediaBox
2025-05-16 17:02:56,544 - WARNING - CropBox missing from /Page, defaulting to MediaBox
2025-05-16 17:02:56,544 - INFO - Processing lobbyist ID: 019519094351-45
2025-05-16 17:02:57,081 - WARNING - CropBox missing from /Page, defaulting to MediaBox
2025-05-16 17:02:57,104 - WARNING - CropBox missing from /Page, defaulting to MediaBox
2025-05-16 17:02:57,104 - INFO - Processing lobbyist ID: 019525852869-89
2025-05-16 17:02:57,567 - WARNING - CropBox missing from /Page, defaulting to MediaBox
2025-05-16 17:02:57,591 - WARNING - CropBox missing from /Page, defaulting to MediaBox
2025-05-16 17:02:57,591 - INFO - Processing lobbyist ID: 019532641538-92
2025-05-16 17:02:58,039 - WARNING - CropBox missing from /Page, defaulting to MediaBox
2025-05-16 17:02:58,089 - WARNING - CropBox missing from /Page, defaulting to MediaBox
2025-05-16 17:02:58,089 - INFO - Processing lobbyist ID: 01953872943-65
2025-05-16 17:02:58,932 - WARNING - CropBox missing from /Page, defaulting to MediaBox
2025-05-16 17:02:58,977 - WARNING - CropBox missing from /Page, defaulting to MediaBox
2025-05-16 17:02:58,977 - INFO - Processing lobbyist ID: 019565444059-20
2025-05-16 17:02:59,530 - WARNING - CropBox missing from /Page, defaulting to MediaBox
2025-05-16 17:02:59,550 - WARNING - CropBox missing from /Page, defaulting to MediaBox
2025-05-16 17:02:59,551 - INFO - Processing lobbyist ID: 019584652887-54
2025-05-16 17:03:00,049 - WARNING - CropBox missing from /Page, defaulting to MediaBox
2025-05-16 17:03:00,072 - WARNING - CropBox missing from /Page, defaulting to MediaBox
2025-05-16 17:03:00,072 - INFO - Processing lobbyist ID: 019623738105-69
2025-05-16 17:03:00,586 - WARNING - CropBox missing from /Page, defaulting to MediaBox
2025-05-16 17:03:00,609 - WARNING - CropBox missing from /Page, defaulting to MediaBox
2025-05-16 17:03:00,609 - INFO - Processing lobbyist ID: 019630991862-48
2025-05-16 17:03:01,117 - WARNING - CropBox missing from /Page, defaulting to MediaBox
2025-05-16 17:03:01,141 - WARNING - CropBox missing from /Page, defaulting to MediaBox
2025-05-16 17:03:01,142 - INFO - Processing lobbyist ID: 019720894760-48
2025-05-16 17:03:01,701 - WARNING - CropBox missing from /Page, defaulting to MediaBox
2025-05-16 17:03:01,727 - WARNING - CropBox missing from /Page, defaulting to MediaBox
2025-05-16 17:03:01,727 - INFO - Processing lobbyist ID: 019735243182-03
2025-05-16 17:03:02,274 - WARNING - CropBox missing from /Page, defaulting to MediaBox
2025-05-16 17:03:02,297 - WARNING - CropBox missing from /Page, defaulting to MediaBox
2025-05-16 17:03:02,297 - INFO - Processing lobbyist ID: 01995086879-32
2025-05-16 17:03:02,923 - WARNING - CropBox missing from /Page, defaulting to MediaBox
2025-05-16 17:03:02,965 - WARNING - CropBox missing from /Page, defaulting to MediaBox
2025-05-16 17:03:02,966 - INFO - Processing lobbyist ID: 020025124702-06
2025-05-16 17:03:03,572 - WARNING - CropBox missing from /Page, defaulting to MediaBox
2025-05-16 17:03:03,600 - WARNING - CropBox missing from /Page, defaulting to MediaBox
2025-05-16 17:03:03,601 - INFO - Processing lobbyist ID: 020026697012-15
2025-05-16 17:03:04,093 - WARNING - CropBox missing from /Page, defaulting to MediaBox
2025-05-16 17:03:04,122 - WARNING - CropBox missing from /Page, defaulting to MediaBox
2025-05-16 17:03:04,122 - INFO - Processing lobbyist ID: 020035427629-14
2025-05-16 17:03:04,642 - WARNING - CropBox missing from /Page, defaulting to MediaBox
2025-05-16 17:03:04,671 - WARNING - CropBox missing from /Page, defaulting to MediaBox
2025-05-16 17:03:04,671 - INFO - Processing lobbyist ID: 020121438624-71
2025-05-16 17:03:05,134 - WARNING - CropBox missing from /Page, defaulting to MediaBox
2025-05-16 17:03:05,164 - WARNING - CropBox missing from /Page, defaulting to MediaBox
2025-05-16 17:03:05,164 - INFO - Processing lobbyist ID: 020178297357-26
2025-05-16 17:03:05,660 - WARNING - CropBox missing from /Page, defaulting to MediaBox
2025-05-16 17:03:05,684 - WARNING - CropBox missing from /Page, defaulting to MediaBox
2025-05-16 17:03:05,684 - INFO - Processing lobbyist ID: 020181625459-80
2025-05-16 17:03:06,198 - WARNING - CropBox missing from /Page, defaulting to MediaBox
2025-05-16 17:03:06,220 - WARNING - CropBox missing from /Page, defaulting to MediaBox
2025-05-16 17:03:06,220 - INFO - Processing lobbyist ID: 02019258940-59
2025-05-16 17:03:07,063 - WARNING - CropBox missing from /Page, defaulting to MediaBox
2025-05-16 17:03:07,064 - WARNING - CropBox missing from /Page, defaulting to MediaBox
2025-05-16 17:03:07,065 - WARNING - CropBox missing from /Page, defaulting to MediaBox
2025-05-16 17:03:07,193 - WARNING - CropBox missing from /Page, defaulting to MediaBox
2025-05-16 17:03:07,193 - WARNING - CropBox missing from /Page, defaulting to MediaBox
2025-05-16 17:03:07,193 - WARNING - CropBox missing from /Page, defaulting to MediaBox
2025-05-16 17:03:07,193 - INFO - Processing lobbyist ID: 02021363105-42
2025-05-16 17:03:09,806 - WARNING - CropBox missing from /Page, defaulting to MediaBox
2025-05-16 17:03:09,806 - WARNING - CropBox missing from /Page, defaulting to MediaBox
2025-05-16 17:03:09,807 - WARNING - CropBox missing from /Page, defaulting to MediaBox
2025-05-16 17:03:09,807 - WARNING - CropBox missing from /Page, defaulting to MediaBox
2025-05-16 17:03:09,807 - WARNING - CropBox missing from /Page, defaulting to MediaBox
2025-05-16 17:03:09,808 - WARNING - CropBox missing from /Page, defaulting to MediaBox
2025-05-16 17:03:09,808 - WARNING - CropBox missing from /Page, defaulting to MediaBox
2025-05-16 17:03:09,808 - WARNING - CropBox missing from /Page, defaulting to MediaBox
2025-05-16 17:03:09,808 - WARNING - CropBox missing from /Page, defaulting to MediaBox
2025-05-16 17:03:09,808 - WARNING - CropBox missing from /Page, defaulting to MediaBox
2025-05-16 17:03:10,478 - WARNING - CropBox missing from /Page, defaulting to MediaBox
2025-05-16 17:03:10,478 - WARNING - CropBox missing from /Page, defaulting to MediaBox
2025-05-16 17:03:10,478 - WARNING - CropBox missing from /Page, defaulting to MediaBox
2025-05-16 17:03:10,479 - WARNING - CropBox missing from /Page, defaulting to MediaBox
2025-05-16 17:03:10,479 - WARNING - CropBox missing from /Page, defaulting to MediaBox
2025-05-16 17:03:10,479 - WARNING - CropBox missing from /Page, defaulting to MediaBox
2025-05-16 17:03:10,479 - WARNING - CropBox missing from /Page, defaulting to MediaBox
2025-05-16 17:03:10,479 - WARNING - CropBox missing from /Page, defaulting to MediaBox
2025-05-16 17:03:10,479 - WARNING - CropBox missing from /Page, defaulting to MediaBox
2025-05-16 17:03:10,479 - WARNING - CropBox missing from /Page, defaulting to MediaBox
2025-05-16 17:03:10,479 - INFO - Processing lobbyist ID: 020357094273-32
2025-05-16 17:03:10,964 - WARNING - CropBox missing from /Page, defaulting to MediaBox
2025-05-16 17:03:10,983 - WARNING - CropBox missing from /Page, defaulting to MediaBox
2025-05-16 17:03:10,983 - INFO - Processing lobbyist ID: 020407017288-38
2025-05-16 17:03:11,536 - WARNING - CropBox missing from /Page, defaulting to MediaBox
2025-05-16 17:03:11,606 - WARNING - CropBox missing from /Page, defaulting to MediaBox
2025-05-16 17:03:11,606 - INFO - Processing lobbyist ID: 020457430494-14
2025-05-16 17:03:12,085 - WARNING - CropBox missing from /Page, defaulting to MediaBox
2025-05-16 17:03:12,106 - WARNING - CropBox missing from /Page, defaulting to MediaBox
2025-05-16 17:03:12,106 - INFO - Processing lobbyist ID: 020464949374-38
2025-05-16 17:03:12,723 - WARNING - CropBox missing from /Page, defaulting to MediaBox
2025-05-16 17:03:12,764 - WARNING - CropBox missing from /Page, defaulting to MediaBox
2025-05-16 17:03:12,764 - INFO - Processing lobbyist ID: 02070938082-23
2025-05-16 17:03:13,240 - WARNING - CropBox missing from /Page, defaulting to MediaBox
2025-05-16 17:03:13,265 - WARNING - CropBox missing from /Page, defaulting to MediaBox
2025-05-16 17:03:13,266 - INFO - Processing lobbyist ID: 020714797704-23
2025-05-16 17:03:13,806 - WARNING - CropBox missing from /Page, defaulting to MediaBox
2025-05-16 17:03:13,829 - WARNING - CropBox missing from /Page, defaulting to MediaBox
2025-05-16 17:03:13,830 - INFO - Processing lobbyist ID: 020792544347-57
2025-05-16 17:03:14,432 - WARNING - CropBox missing from /Page, defaulting to MediaBox
2025-05-16 17:03:14,451 - WARNING - CropBox missing from /Page, defaulting to MediaBox
2025-05-16 17:03:14,451 - INFO - Processing lobbyist ID: 020811253036-04
2025-05-16 17:03:14,966 - WARNING - CropBox missing from /Page, defaulting to MediaBox
2025-05-16 17:03:14,991 - WARNING - CropBox missing from /Page, defaulting to MediaBox
2025-05-16 17:03:14,991 - INFO - Processing lobbyist ID: 02100645398-66
2025-05-16 17:03:15,523 - WARNING - CropBox missing from /Page, defaulting to MediaBox
2025-05-16 17:03:15,582 - WARNING - CropBox missing from /Page, defaulting to MediaBox
2025-05-16 17:03:15,582 - INFO - Processing lobbyist ID: 021098528481-42
2025-05-16 17:03:16,074 - WARNING - CropBox missing from /Page, defaulting to MediaBox
2025-05-16 17:03:16,097 - WARNING - CropBox missing from /Page, defaulting to MediaBox
2025-05-16 17:03:16,097 - INFO - Processing lobbyist ID: 021253717373-58
2025-05-16 17:03:17,123 - WARNING - CropBox missing from /Page, defaulting to MediaBox
2025-05-16 17:03:17,124 - WARNING - CropBox missing from /Page, defaulting to MediaBox
2025-05-16 17:03:17,124 - WARNING - CropBox missing from /Page, defaulting to MediaBox
2025-05-16 17:03:17,296 - WARNING - CropBox missing from /Page, defaulting to MediaBox
2025-05-16 17:03:17,296 - WARNING - CropBox missing from /Page, defaulting to MediaBox
2025-05-16 17:03:17,296 - WARNING - CropBox missing from /Page, defaulting to MediaBox
2025-05-16 17:03:17,296 - INFO - Processing lobbyist ID: 021265223203-02
2025-05-16 17:03:17,798 - WARNING - CropBox missing from /Page, defaulting to MediaBox
2025-05-16 17:03:17,819 - WARNING - CropBox missing from /Page, defaulting to MediaBox
2025-05-16 17:03:17,819 - INFO - Processing lobbyist ID: 021375141909-94
2025-05-16 17:03:18,293 - WARNING - CropBox missing from /Page, defaulting to MediaBox
2025-05-16 17:03:18,335 - WARNING - CropBox missing from /Page, defaulting to MediaBox
2025-05-16 17:03:18,335 - INFO - Processing lobbyist ID: 021635997984-95
2025-05-16 17:03:18,786 - WARNING - CropBox missing from /Page, defaulting to MediaBox
2025-05-16 17:03:18,809 - WARNING - CropBox missing from /Page, defaulting to MediaBox
2025-05-16 17:03:18,809 - INFO - Processing lobbyist ID: 021709749230-51
2025-05-16 17:03:19,270 - WARNING - CropBox missing from /Page, defaulting to MediaBox
2025-05-16 17:03:19,287 - WARNING - CropBox missing from /Page, defaulting to MediaBox
2025-05-16 17:03:19,287 - INFO - Processing lobbyist ID: 021720248767-58
2025-05-16 17:03:19,766 - WARNING - CropBox missing from /Page, defaulting to MediaBox
2025-05-16 17:03:19,788 - WARNING - CropBox missing from /Page, defaulting to MediaBox
2025-05-16 17:03:19,789 - INFO - Processing lobbyist ID: 021833522147-02
2025-05-16 17:03:20,372 - WARNING - CropBox missing from /Page, defaulting to MediaBox
2025-05-16 17:03:20,392 - WARNING - CropBox missing from /Page, defaulting to MediaBox
2025-05-16 17:03:20,393 - INFO - Processing lobbyist ID: 021880022200-45
2025-05-16 17:03:20,889 - WARNING - CropBox missing from /Page, defaulting to MediaBox
2025-05-16 17:03:20,919 - WARNING - CropBox missing from /Page, defaulting to MediaBox
2025-05-16 17:03:20,920 - INFO - Processing lobbyist ID: 021901530468-42
2025-05-16 17:03:21,530 - WARNING - CropBox missing from /Page, defaulting to MediaBox
2025-05-16 17:03:21,560 - WARNING - CropBox missing from /Page, defaulting to MediaBox
2025-05-16 17:03:21,560 - INFO - Processing lobbyist ID: 021961038791-19
2025-05-16 17:03:22,248 - WARNING - CropBox missing from /Page, defaulting to MediaBox
2025-05-16 17:03:22,249 - WARNING - CropBox missing from /Page, defaulting to MediaBox
2025-05-16 17:03:22,330 - WARNING - CropBox missing from /Page, defaulting to MediaBox
2025-05-16 17:03:22,330 - WARNING - CropBox missing from /Page, defaulting to MediaBox
2025-05-16 17:03:22,330 - INFO - Processing lobbyist ID: 022015093525-82
2025-05-16 17:03:22,807 - WARNING - CropBox missing from /Page, defaulting to MediaBox
2025-05-16 17:03:22,833 - WARNING - CropBox missing from /Page, defaulting to MediaBox
2025-05-16 17:03:22,833 - INFO - Processing lobbyist ID: 022027817030-67
2025-05-16 17:03:23,515 - WARNING - CropBox missing from /Page, defaulting to MediaBox
2025-05-16 17:03:23,562 - WARNING - CropBox missing from /Page, defaulting to MediaBox
2025-05-16 17:03:23,562 - INFO - Processing lobbyist ID: 02214595960-02
2025-05-16 17:03:24,152 - WARNING - CropBox missing from /Page, defaulting to MediaBox
2025-05-16 17:03:24,197 - WARNING - CropBox missing from /Page, defaulting to MediaBox
2025-05-16 17:03:24,197 - INFO - Processing lobbyist ID: 022201744710-44
2025-05-16 17:03:24,851 - WARNING - CropBox missing from /Page, defaulting to MediaBox
2025-05-16 17:03:24,852 - WARNING - CropBox missing from /Page, defaulting to MediaBox
2025-05-16 17:03:24,964 - WARNING - CropBox missing from /Page, defaulting to MediaBox
2025-05-16 17:03:24,965 - WARNING - CropBox missing from /Page, defaulting to MediaBox
2025-05-16 17:03:24,965 - INFO - Processing lobbyist ID: 022244744705-97
2025-05-16 17:03:25,433 - WARNING - CropBox missing from /Page, defaulting to MediaBox
2025-05-16 17:03:25,454 - WARNING - CropBox missing from /Page, defaulting to MediaBox
2025-05-16 17:03:25,454 - INFO - Processing lobbyist ID: 022255314501-32
2025-05-16 17:03:26,172 - WARNING - CropBox missing from /Page, defaulting to MediaBox
2025-05-16 17:03:26,174 - WARNING - CropBox missing from /Page, defaulting to MediaBox
2025-05-16 17:03:26,283 - WARNING - CropBox missing from /Page, defaulting to MediaBox
2025-05-16 17:03:26,283 - WARNING - CropBox missing from /Page, defaulting to MediaBox
2025-05-16 17:03:26,284 - INFO - Processing lobbyist ID: 022328713595-61
2025-05-16 17:03:26,872 - WARNING - CropBox missing from /Page, defaulting to MediaBox
2025-05-16 17:03:26,873 - WARNING - CropBox missing from /Page, defaulting to MediaBox
2025-05-16 17:03:26,949 - WARNING - CropBox missing from /Page, defaulting to MediaBox
2025-05-16 17:03:26,949 - WARNING - CropBox missing from /Page, defaulting to MediaBox
2025-05-16 17:03:26,949 - INFO - Processing lobbyist ID: 0223480577-59
2025-05-16 17:03:27,819 - WARNING - CropBox missing from /Page, defaulting to MediaBox
2025-05-16 17:03:27,820 - WARNING - CropBox missing from /Page, defaulting to MediaBox
2025-05-16 17:03:27,821 - WARNING - CropBox missing from /Page, defaulting to MediaBox
2025-05-16 17:03:28,006 - WARNING - CropBox missing from /Page, defaulting to MediaBox
2025-05-16 17:03:28,006 - WARNING - CropBox missing from /Page, defaulting to MediaBox
2025-05-16 17:03:28,006 - WARNING - CropBox missing from /Page, defaulting to MediaBox
2025-05-16 17:03:28,006 - INFO - Processing lobbyist ID: 022383552319-79
2025-05-16 17:03:28,510 - WARNING - CropBox missing from /Page, defaulting to MediaBox
2025-05-16 17:03:28,538 - WARNING - CropBox missing from /Page, defaulting to MediaBox
2025-05-16 17:03:28,538 - INFO - Processing lobbyist ID: 022388324819-47
2025-05-16 17:03:29,140 - WARNING - CropBox missing from /Page, defaulting to MediaBox
2025-05-16 17:03:29,195 - WARNING - CropBox missing from /Page, defaulting to MediaBox
2025-05-16 17:03:29,195 - INFO - Processing lobbyist ID: 022504216411-22
2025-05-16 17:03:29,869 - WARNING - CropBox missing from /Page, defaulting to MediaBox
2025-05-16 17:03:29,896 - WARNING - CropBox missing from /Page, defaulting to MediaBox
2025-05-16 17:03:29,896 - INFO - Processing lobbyist ID: 022611849407-06
2025-05-16 17:03:30,422 - WARNING - CropBox missing from /Page, defaulting to MediaBox
2025-05-16 17:03:30,446 - WARNING - CropBox missing from /Page, defaulting to MediaBox
2025-05-16 17:03:30,447 - INFO - Processing lobbyist ID: 022675395546-02
2025-05-16 17:03:30,956 - WARNING - CropBox missing from /Page, defaulting to MediaBox
2025-05-16 17:03:30,973 - WARNING - CropBox missing from /Page, defaulting to MediaBox
2025-05-16 17:03:30,974 - INFO - Processing lobbyist ID: 022735321330-86
2025-05-16 17:03:31,442 - WARNING - CropBox missing from /Page, defaulting to MediaBox
2025-05-16 17:03:31,472 - WARNING - CropBox missing from /Page, defaulting to MediaBox
2025-05-16 17:03:31,472 - INFO - Processing lobbyist ID: 022870797406-59
2025-05-16 17:03:31,998 - WARNING - CropBox missing from /Page, defaulting to MediaBox
2025-05-16 17:03:32,018 - WARNING - CropBox missing from /Page, defaulting to MediaBox
2025-05-16 17:03:32,018 - INFO - Processing lobbyist ID: 022874548279-90
2025-05-16 17:03:32,491 - WARNING - CropBox missing from /Page, defaulting to MediaBox
2025-05-16 17:03:32,520 - WARNING - CropBox missing from /Page, defaulting to MediaBox
2025-05-16 17:03:32,520 - INFO - Processing lobbyist ID: 023026317155-64
2025-05-16 17:03:33,074 - WARNING - CropBox missing from /Page, defaulting to MediaBox
2025-05-16 17:03:33,093 - WARNING - CropBox missing from /Page, defaulting to MediaBox
2025-05-16 17:03:33,093 - INFO - Processing lobbyist ID: 023108295332-04
2025-05-16 17:03:33,670 - WARNING - CropBox missing from /Page, defaulting to MediaBox
2025-05-16 17:03:33,690 - WARNING - CropBox missing from /Page, defaulting to MediaBox
2025-05-16 17:03:33,690 - INFO - Processing lobbyist ID: 023135843467-45
2025-05-16 17:03:34,205 - WARNING - CropBox missing from /Page, defaulting to MediaBox
2025-05-16 17:03:34,247 - WARNING - CropBox missing from /Page, defaulting to MediaBox
2025-05-16 17:03:34,247 - INFO - Processing lobbyist ID: 023173296931-58
2025-05-16 17:03:34,788 - WARNING - CropBox missing from /Page, defaulting to MediaBox
2025-05-16 17:03:34,816 - WARNING - CropBox missing from /Page, defaulting to MediaBox
2025-05-16 17:03:34,816 - INFO - Processing lobbyist ID: 023273214333-18
2025-05-16 17:03:35,479 - WARNING - CropBox missing from /Page, defaulting to MediaBox
2025-05-16 17:03:35,481 - WARNING - CropBox missing from /Page, defaulting to MediaBox
2025-05-16 17:03:35,564 - WARNING - CropBox missing from /Page, defaulting to MediaBox
2025-05-16 17:03:35,564 - WARNING - CropBox missing from /Page, defaulting to MediaBox
2025-05-16 17:03:35,564 - INFO - Processing lobbyist ID: 023289696505-56
2025-05-16 17:03:36,046 - WARNING - CropBox missing from /Page, defaulting to MediaBox
2025-05-16 17:03:36,063 - WARNING - CropBox missing from /Page, defaulting to MediaBox
2025-05-16 17:03:36,063 - INFO - Processing lobbyist ID: 023293231367-63
2025-05-16 17:03:36,567 - WARNING - CropBox missing from /Page, defaulting to MediaBox
2025-05-16 17:03:36,599 - WARNING - CropBox missing from /Page, defaulting to MediaBox
2025-05-16 17:03:36,599 - INFO - Processing lobbyist ID: 023310148136-38
2025-05-16 17:03:37,133 - WARNING - CropBox missing from /Page, defaulting to MediaBox
2025-05-16 17:03:37,160 - WARNING - CropBox missing from /Page, defaulting to MediaBox
2025-05-16 17:03:37,160 - INFO - Processing lobbyist ID: 023312592224-22
2025-05-16 17:03:37,682 - WARNING - CropBox missing from /Page, defaulting to MediaBox
2025-05-16 17:03:37,705 - WARNING - CropBox missing from /Page, defaulting to MediaBox
2025-05-16 17:03:37,706 - INFO - Processing lobbyist ID: 023332310378-35
2025-05-16 17:03:38,219 - WARNING - CropBox missing from /Page, defaulting to MediaBox
2025-05-16 17:03:38,244 - WARNING - CropBox missing from /Page, defaulting to MediaBox
2025-05-16 17:03:38,245 - INFO - Processing lobbyist ID: 023486652974-65
2025-05-16 17:03:38,738 - WARNING - CropBox missing from /Page, defaulting to MediaBox
2025-05-16 17:03:38,765 - WARNING - CropBox missing from /Page, defaulting to MediaBox
2025-05-16 17:03:38,765 - INFO - Processing lobbyist ID: 023491340945-93
2025-05-16 17:03:39,230 - WARNING - CropBox missing from /Page, defaulting to MediaBox
2025-05-16 17:03:39,250 - WARNING - CropBox missing from /Page, defaulting to MediaBox
2025-05-16 17:03:39,250 - INFO - Processing lobbyist ID: 023556594628-46
2025-05-16 17:03:39,734 - WARNING - CropBox missing from /Page, defaulting to MediaBox
2025-05-16 17:03:39,750 - WARNING - CropBox missing from /Page, defaulting to MediaBox
2025-05-16 17:03:39,750 - INFO - Processing lobbyist ID: 023582135731-90
2025-05-16 17:03:40,312 - WARNING - CropBox missing from /Page, defaulting to MediaBox
2025-05-16 17:03:40,331 - WARNING - CropBox missing from /Page, defaulting to MediaBox
2025-05-16 17:03:40,331 - INFO - Processing lobbyist ID: 023687097876-68
2025-05-16 17:03:40,762 - WARNING - CropBox missing from /Page, defaulting to MediaBox
2025-05-16 17:03:40,780 - WARNING - CropBox missing from /Page, defaulting to MediaBox
2025-05-16 17:03:40,780 - INFO - Processing lobbyist ID: 023793696401-52
2025-05-16 17:03:41,287 - WARNING - CropBox missing from /Page, defaulting to MediaBox
2025-05-16 17:03:41,305 - WARNING - CropBox missing from /Page, defaulting to MediaBox
2025-05-16 17:03:41,305 - INFO - Processing lobbyist ID: 02389833548-89
2025-05-16 17:03:41,814 - WARNING - CropBox missing from /Page, defaulting to MediaBox
2025-05-16 17:03:41,863 - WARNING - CropBox missing from /Page, defaulting to MediaBox
2025-05-16 17:03:41,863 - INFO - Processing lobbyist ID: 024000049346-23
2025-05-16 17:03:42,363 - WARNING - CropBox missing from /Page, defaulting to MediaBox
2025-05-16 17:03:42,380 - WARNING - CropBox missing from /Page, defaulting to MediaBox
2025-05-16 17:03:42,380 - INFO - Processing lobbyist ID: 024106028806-85
2025-05-16 17:03:42,831 - WARNING - CropBox missing from /Page, defaulting to MediaBox
2025-05-16 17:03:42,850 - WARNING - CropBox missing from /Page, defaulting to MediaBox
2025-05-16 17:03:42,850 - INFO - Processing lobbyist ID: 024124346040-90
2025-05-16 17:03:43,326 - WARNING - CropBox missing from /Page, defaulting to MediaBox
2025-05-16 17:03:43,347 - WARNING - CropBox missing from /Page, defaulting to MediaBox
2025-05-16 17:03:43,348 - INFO - Processing lobbyist ID: 024282227189-33
2025-05-16 17:03:43,848 - WARNING - CropBox missing from /Page, defaulting to MediaBox
2025-05-16 17:03:43,868 - WARNING - CropBox missing from /Page, defaulting to MediaBox
2025-05-16 17:03:43,868 - INFO - Processing lobbyist ID: 024316744459-13
2025-05-16 17:03:44,797 - WARNING - CropBox missing from /Page, defaulting to MediaBox
2025-05-16 17:03:44,840 - WARNING - CropBox missing from /Page, defaulting to MediaBox
2025-05-16 17:03:44,841 - INFO - Processing lobbyist ID: 024332447563-31
2025-05-16 17:03:45,309 - WARNING - CropBox missing from /Page, defaulting to MediaBox
2025-05-16 17:03:45,338 - WARNING - CropBox missing from /Page, defaulting to MediaBox
2025-05-16 17:03:45,338 - INFO - Processing lobbyist ID: 024357597343-10
2025-05-16 17:03:46,538 - WARNING - CropBox missing from /Page, defaulting to MediaBox
2025-05-16 17:03:46,576 - WARNING - CropBox missing from /Page, defaulting to MediaBox
2025-05-16 17:03:46,577 - INFO - Processed 400 lobbyists out of 14400. Pausing for 3 seconds to avoid server overload...
2025-05-16 17:03:49,605 - INFO - Processing lobbyist ID: 024432110419-97
2025-05-16 17:03:50,210 - WARNING - CropBox missing from /Page, defaulting to MediaBox
2025-05-16 17:03:50,256 - WARNING - CropBox missing from /Page, defaulting to MediaBox
2025-05-16 17:03:50,256 - INFO - Processing lobbyist ID: 024510296982-87
2025-05-16 17:03:50,756 - WARNING - CropBox missing from /Page, defaulting to MediaBox
2025-05-16 17:03:50,804 - WARNING - CropBox missing from /Page, defaulting to MediaBox
2025-05-16 17:03:50,805 - INFO - Processing lobbyist ID: 02452103934-97
2025-05-16 17:03:51,498 - WARNING - CropBox missing from /Page, defaulting to MediaBox
2025-05-16 17:03:51,605 - WARNING - CropBox missing from /Page, defaulting to MediaBox
2025-05-16 17:03:51,605 - INFO - Processing lobbyist ID: 024749722944-10
2025-05-16 17:03:52,183 - WARNING - CropBox missing from /Page, defaulting to MediaBox
2025-05-16 17:03:52,228 - WARNING - CropBox missing from /Page, defaulting to MediaBox
2025-05-16 17:03:52,228 - INFO - Processing lobbyist ID: 024774597046-56
2025-05-16 17:03:52,712 - WARNING - CropBox missing from /Page, defaulting to MediaBox
2025-05-16 17:03:52,739 - WARNING - CropBox missing from /Page, defaulting to MediaBox
2025-05-16 17:03:52,739 - INFO - Processing lobbyist ID: 024776016336-52
2025-05-16 17:03:53,476 - WARNING - CropBox missing from /Page, defaulting to MediaBox
2025-05-16 17:03:53,477 - WARNING - CropBox missing from /Page, defaulting to MediaBox
2025-05-16 17:03:53,570 - WARNING - CropBox missing from /Page, defaulting to MediaBox
2025-05-16 17:03:53,570 - WARNING - CropBox missing from /Page, defaulting to MediaBox
2025-05-16 17:03:53,571 - INFO - Processing lobbyist ID: 024782946888-95
2025-05-16 17:03:54,807 - WARNING - CropBox missing from /Page, defaulting to MediaBox
2025-05-16 17:03:54,807 - WARNING - CropBox missing from /Page, defaulting to MediaBox
2025-05-16 17:03:54,894 - WARNING - CropBox missing from /Page, defaulting to MediaBox
2025-05-16 17:03:54,894 - WARNING - CropBox missing from /Page, defaulting to MediaBox
2025-05-16 17:03:54,895 - INFO - Processing lobbyist ID: 02480451230-88
2025-05-16 17:03:55,545 - WARNING - CropBox missing from /Page, defaulting to MediaBox
2025-05-16 17:03:55,600 - WARNING - CropBox missing from /Page, defaulting to MediaBox
2025-05-16 17:03:55,600 - INFO - Processing lobbyist ID: 024869794605-72
2025-05-16 17:03:56,074 - WARNING - CropBox missing from /Page, defaulting to MediaBox
2025-05-16 17:03:56,098 - WARNING - CropBox missing from /Page, defaulting to MediaBox
2025-05-16 17:03:56,098 - INFO - Processing lobbyist ID: 024930697184-14
2025-05-16 17:03:56,549 - WARNING - CropBox missing from /Page, defaulting to MediaBox
2025-05-16 17:03:56,573 - WARNING - CropBox missing from /Page, defaulting to MediaBox
2025-05-16 17:03:56,573 - INFO - Processing lobbyist ID: 025144329261-57
2025-05-16 17:03:57,078 - WARNING - CropBox missing from /Page, defaulting to MediaBox
2025-05-16 17:03:57,097 - WARNING - CropBox missing from /Page, defaulting to MediaBox
2025-05-16 17:03:57,098 - INFO - Processing lobbyist ID: 025250318220-32
2025-05-16 17:03:57,706 - WARNING - CropBox missing from /Page, defaulting to MediaBox
2025-05-16 17:03:57,729 - WARNING - CropBox missing from /Page, defaulting to MediaBox
2025-05-16 17:03:57,729 - INFO - Processing lobbyist ID: 025290351799-03
2025-05-16 17:03:58,222 - WARNING - CropBox missing from /Page, defaulting to MediaBox
2025-05-16 17:03:58,246 - WARNING - CropBox missing from /Page, defaulting to MediaBox
2025-05-16 17:03:58,247 - INFO - Processing lobbyist ID: 025461722574-14
2025-05-16 17:03:58,827 - WARNING - CropBox missing from /Page, defaulting to MediaBox
2025-05-16 17:03:58,854 - WARNING - CropBox missing from /Page, defaulting to MediaBox
2025-05-16 17:03:58,854 - INFO - Processing lobbyist ID: 02550382403-01
2025-05-16 17:04:00,759 - WARNING - CropBox missing from /Page, defaulting to MediaBox
2025-05-16 17:04:00,760 - WARNING - CropBox missing from /Page, defaulting to MediaBox
2025-05-16 17:04:00,760 - WARNING - CropBox missing from /Page, defaulting to MediaBox
2025-05-16 17:04:00,761 - WARNING - CropBox missing from /Page, defaulting to MediaBox
2025-05-16 17:04:00,761 - WARNING - CropBox missing from /Page, defaulting to MediaBox
2025-05-16 17:04:00,761 - WARNING - CropBox missing from /Page, defaulting to MediaBox
2025-05-16 17:04:00,762 - WARNING - CropBox missing from /Page, defaulting to MediaBox
2025-05-16 17:04:01,196 - WARNING - CropBox missing from /Page, defaulting to MediaBox
2025-05-16 17:04:01,196 - WARNING - CropBox missing from /Page, defaulting to MediaBox
2025-05-16 17:04:01,196 - WARNING - CropBox missing from /Page, defaulting to MediaBox
2025-05-16 17:04:01,196 - WARNING - CropBox missing from /Page, defaulting to MediaBox
2025-05-16 17:04:01,196 - WARNING - CropBox missing from /Page, defaulting to MediaBox
2025-05-16 17:04:01,196 - WARNING - CropBox missing from /Page, defaulting to MediaBox
2025-05-16 17:04:01,196 - WARNING - CropBox missing from /Page, defaulting to MediaBox
2025-05-16 17:04:01,196 - INFO - Processing lobbyist ID: 025548450390-70
2025-05-16 17:04:01,741 - WARNING - CropBox missing from /Page, defaulting to MediaBox
2025-05-16 17:04:01,795 - WARNING - CropBox missing from /Page, defaulting to MediaBox
2025-05-16 17:04:01,795 - INFO - Processing lobbyist ID: 025560991706-94
2025-05-16 17:04:02,354 - WARNING - CropBox missing from /Page, defaulting to MediaBox
2025-05-16 17:04:02,375 - WARNING - CropBox missing from /Page, defaulting to MediaBox
2025-05-16 17:04:02,376 - INFO - Processing lobbyist ID: 025568638034-92
2025-05-16 17:04:02,930 - WARNING - CropBox missing from /Page, defaulting to MediaBox
2025-05-16 17:04:02,953 - WARNING - CropBox missing from /Page, defaulting to MediaBox
2025-05-16 17:04:02,953 - INFO - Processing lobbyist ID: 025612097836-65
2025-05-16 17:04:03,434 - WARNING - CropBox missing from /Page, defaulting to MediaBox
2025-05-16 17:04:03,454 - WARNING - CropBox missing from /Page, defaulting to MediaBox
2025-05-16 17:04:03,454 - INFO - Processing lobbyist ID: 025671492152-32
2025-05-16 17:04:03,972 - WARNING - CropBox missing from /Page, defaulting to MediaBox
2025-05-16 17:04:03,993 - WARNING - CropBox missing from /Page, defaulting to MediaBox
2025-05-16 17:04:03,993 - INFO - Processing lobbyist ID: 025880423895-19
2025-05-16 17:04:04,515 - WARNING - CropBox missing from /Page, defaulting to MediaBox
2025-05-16 17:04:04,537 - WARNING - CropBox missing from /Page, defaulting to MediaBox
2025-05-16 17:04:04,537 - INFO - Processing lobbyist ID: 025938212702-61
2025-05-16 17:04:05,036 - WARNING - CropBox missing from /Page, defaulting to MediaBox
2025-05-16 17:04:05,067 - WARNING - CropBox missing from /Page, defaulting to MediaBox
2025-05-16 17:04:05,068 - INFO - Processing lobbyist ID: 026007721768-32
2025-05-16 17:04:05,771 - WARNING - CropBox missing from /Page, defaulting to MediaBox
2025-05-16 17:04:05,833 - WARNING - CropBox missing from /Page, defaulting to MediaBox
2025-05-16 17:04:05,833 - INFO - Processing lobbyist ID: 026176034506-09
2025-05-16 17:04:06,279 - WARNING - CropBox missing from /Page, defaulting to MediaBox
2025-05-16 17:04:06,303 - WARNING - CropBox missing from /Page, defaulting to MediaBox
2025-05-16 17:04:06,303 - INFO - Processing lobbyist ID: 026192614550-66
2025-05-16 17:04:06,785 - WARNING - CropBox missing from /Page, defaulting to MediaBox
2025-05-16 17:04:06,806 - WARNING - CropBox missing from /Page, defaulting to MediaBox
2025-05-16 17:04:06,806 - INFO - Processing lobbyist ID: 026214147439-18
2025-05-16 17:04:07,259 - WARNING - CropBox missing from /Page, defaulting to MediaBox
2025-05-16 17:04:07,279 - WARNING - CropBox missing from /Page, defaulting to MediaBox
2025-05-16 17:04:07,280 - INFO - Processing lobbyist ID: 026252539326-25
2025-05-16 17:04:07,719 - WARNING - CropBox missing from /Page, defaulting to MediaBox
2025-05-16 17:04:07,741 - WARNING - CropBox missing from /Page, defaulting to MediaBox
2025-05-16 17:04:07,741 - INFO - Processing lobbyist ID: 026269897821-30
2025-05-16 17:04:08,412 - WARNING - CropBox missing from /Page, defaulting to MediaBox
2025-05-16 17:04:08,430 - WARNING - CropBox missing from /Page, defaulting to MediaBox
2025-05-16 17:04:08,430 - INFO - Processing lobbyist ID: 02639216548-11
2025-05-16 17:04:08,969 - WARNING - CropBox missing from /Page, defaulting to MediaBox
2025-05-16 17:04:09,009 - WARNING - CropBox missing from /Page, defaulting to MediaBox
2025-05-16 17:04:09,009 - INFO - Processing lobbyist ID: 026401697122-59
2025-05-16 17:04:09,443 - WARNING - CropBox missing from /Page, defaulting to MediaBox
2025-05-16 17:04:09,465 - WARNING - CropBox missing from /Page, defaulting to MediaBox
2025-05-16 17:04:09,465 - INFO - Processing lobbyist ID: 026513529943-78
2025-05-16 17:04:10,052 - WARNING - CropBox missing from /Page, defaulting to MediaBox
2025-05-16 17:04:10,110 - WARNING - CropBox missing from /Page, defaulting to MediaBox
2025-05-16 17:04:10,110 - INFO - Processing lobbyist ID: 026602848555-18
2025-05-16 17:04:10,585 - WARNING - CropBox missing from /Page, defaulting to MediaBox
2025-05-16 17:04:10,609 - WARNING - CropBox missing from /Page, defaulting to MediaBox
2025-05-16 17:04:10,609 - INFO - Processing lobbyist ID: 026702097581-23
2025-05-16 17:04:11,313 - WARNING - CropBox missing from /Page, defaulting to MediaBox
2025-05-16 17:04:11,335 - WARNING - CropBox missing from /Page, defaulting to MediaBox
2025-05-16 17:04:11,335 - INFO - Processing lobbyist ID: 026792697349-65
2025-05-16 17:04:11,784 - WARNING - CropBox missing from /Page, defaulting to MediaBox
2025-05-16 17:04:11,808 - WARNING - CropBox missing from /Page, defaulting to MediaBox
2025-05-16 17:04:11,809 - INFO - Processing lobbyist ID: 026849095782-30
2025-05-16 17:04:12,426 - WARNING - CropBox missing from /Page, defaulting to MediaBox
2025-05-16 17:04:12,448 - WARNING - CropBox missing from /Page, defaulting to MediaBox
2025-05-16 17:04:12,449 - INFO - Processing lobbyist ID: 02687198907-81
2025-05-16 17:04:13,059 - WARNING - CropBox missing from /Page, defaulting to MediaBox
2025-05-16 17:04:13,105 - WARNING - CropBox missing from /Page, defaulting to MediaBox
2025-05-16 17:04:13,105 - INFO - Processing lobbyist ID: 026882593079-40
2025-05-16 17:04:13,607 - WARNING - CropBox missing from /Page, defaulting to MediaBox
2025-05-16 17:04:13,636 - WARNING - CropBox missing from /Page, defaulting to MediaBox
2025-05-16 17:04:13,636 - INFO - Processing lobbyist ID: 026897317691-75
2025-05-16 17:04:14,349 - WARNING - CropBox missing from /Page, defaulting to MediaBox
2025-05-16 17:04:14,376 - WARNING - CropBox missing from /Page, defaulting to MediaBox
2025-05-16 17:04:14,376 - INFO - Processing lobbyist ID: 027027432669-16
2025-05-16 17:04:14,907 - WARNING - CropBox missing from /Page, defaulting to MediaBox
2025-05-16 17:04:14,928 - WARNING - CropBox missing from /Page, defaulting to MediaBox
2025-05-16 17:04:14,928 - INFO - Processing lobbyist ID: 027031550931-84
2025-05-16 17:04:15,442 - WARNING - CropBox missing from /Page, defaulting to MediaBox
2025-05-16 17:04:15,467 - WARNING - CropBox missing from /Page, defaulting to MediaBox
2025-05-16 17:04:15,467 - INFO - Processing lobbyist ID: 027101040841-39
2025-05-16 17:04:16,132 - WARNING - CropBox missing from /Page, defaulting to MediaBox
2025-05-16 17:04:16,160 - WARNING - CropBox missing from /Page, defaulting to MediaBox
2025-05-16 17:04:16,160 - INFO - Processing lobbyist ID: 027256843597-28
2025-05-16 17:04:16,735 - WARNING - CropBox missing from /Page, defaulting to MediaBox
2025-05-16 17:04:16,767 - WARNING - CropBox missing from /Page, defaulting to MediaBox
2025-05-16 17:04:16,767 - INFO - Processing lobbyist ID: 027365111884-27
2025-05-16 17:04:17,305 - WARNING - CropBox missing from /Page, defaulting to MediaBox
2025-05-16 17:04:17,334 - WARNING - CropBox missing from /Page, defaulting to MediaBox
2025-05-16 17:04:17,334 - INFO - Processing lobbyist ID: 027418748129-16
2025-05-16 17:04:17,879 - WARNING - CropBox missing from /Page, defaulting to MediaBox
2025-05-16 17:04:17,903 - WARNING - CropBox missing from /Page, defaulting to MediaBox
2025-05-16 17:04:17,903 - INFO - Processing lobbyist ID: 027420347605-10
2025-05-16 17:04:18,417 - WARNING - CropBox missing from /Page, defaulting to MediaBox
2025-05-16 17:04:18,458 - WARNING - CropBox missing from /Page, defaulting to MediaBox
2025-05-16 17:04:18,458 - INFO - Processing lobbyist ID: 027431725049-88
2025-05-16 17:04:19,002 - WARNING - CropBox missing from /Page, defaulting to MediaBox
2025-05-16 17:04:19,025 - WARNING - CropBox missing from /Page, defaulting to MediaBox
2025-05-16 17:04:19,025 - INFO - Processing lobbyist ID: 027537692311-57
2025-05-16 17:04:19,549 - WARNING - CropBox missing from /Page, defaulting to MediaBox
2025-05-16 17:04:19,580 - WARNING - CropBox missing from /Page, defaulting to MediaBox
2025-05-16 17:04:19,580 - INFO - Processing lobbyist ID: 027577048901-13
2025-05-16 17:04:20,097 - WARNING - CropBox missing from /Page, defaulting to MediaBox
2025-05-16 17:04:20,121 - WARNING - CropBox missing from /Page, defaulting to MediaBox
2025-05-16 17:04:20,121 - INFO - Processing lobbyist ID: 02762144321-07
2025-05-16 17:04:20,754 - WARNING - CropBox missing from /Page, defaulting to MediaBox
2025-05-16 17:04:20,756 - WARNING - CropBox missing from /Page, defaulting to MediaBox
2025-05-16 17:04:20,830 - WARNING - CropBox missing from /Page, defaulting to MediaBox
2025-05-16 17:04:20,830 - WARNING - CropBox missing from /Page, defaulting to MediaBox
2025-05-16 17:04:20,830 - INFO - Processing lobbyist ID: 027635847945-53
2025-05-16 17:04:21,350 - WARNING - CropBox missing from /Page, defaulting to MediaBox
2025-05-16 17:04:21,378 - WARNING - CropBox missing from /Page, defaulting to MediaBox
2025-05-16 17:04:21,378 - INFO - Processing lobbyist ID: 027711198106-24
2025-05-16 17:04:21,890 - WARNING - CropBox missing from /Page, defaulting to MediaBox
2025-05-16 17:04:21,908 - WARNING - CropBox missing from /Page, defaulting to MediaBox
2025-05-16 17:04:21,908 - INFO - Processing lobbyist ID: 02776221598-67
2025-05-16 17:04:23,147 - WARNING - CropBox missing from /Page, defaulting to MediaBox
2025-05-16 17:04:23,149 - WARNING - CropBox missing from /Page, defaulting to MediaBox
2025-05-16 17:04:23,150 - WARNING - CropBox missing from /Page, defaulting to MediaBox
2025-05-16 17:04:23,152 - WARNING - CropBox missing from /Page, defaulting to MediaBox
2025-05-16 17:04:23,154 - WARNING - CropBox missing from /Page, defaulting to MediaBox
2025-05-16 17:04:23,428 - WARNING - CropBox missing from /Page, defaulting to MediaBox
2025-05-16 17:04:23,428 - WARNING - CropBox missing from /Page, defaulting to MediaBox
2025-05-16 17:04:23,428 - WARNING - CropBox missing from /Page, defaulting to MediaBox
2025-05-16 17:04:23,428 - WARNING - CropBox missing from /Page, defaulting to MediaBox
2025-05-16 17:04:23,428 - WARNING - CropBox missing from /Page, defaulting to MediaBox
2025-05-16 17:04:23,429 - INFO - Processing lobbyist ID: 027764994167-32
2025-05-16 17:04:23,970 - WARNING - CropBox missing from /Page, defaulting to MediaBox
2025-05-16 17:04:23,990 - WARNING - CropBox missing from /Page, defaulting to MediaBox
2025-05-16 17:04:23,990 - INFO - Processing lobbyist ID: 027879125039-56
2025-05-16 17:04:24,550 - WARNING - CropBox missing from /Page, defaulting to MediaBox
2025-05-16 17:04:24,579 - WARNING - CropBox missing from /Page, defaulting to MediaBox
2025-05-16 17:04:24,580 - INFO - Processing lobbyist ID: 028005593847-63
2025-05-16 17:04:25,066 - WARNING - CropBox missing from /Page, defaulting to MediaBox
2025-05-16 17:04:25,083 - WARNING - CropBox missing from /Page, defaulting to MediaBox
2025-05-16 17:04:25,083 - INFO - Processing lobbyist ID: 028014833414-82
2025-05-16 17:04:25,649 - WARNING - CropBox missing from /Page, defaulting to MediaBox
2025-05-16 17:04:25,666 - WARNING - CropBox missing from /Page, defaulting to MediaBox
2025-05-16 17:04:25,667 - INFO - Processing lobbyist ID: 028056340544-88
2025-05-16 17:04:26,207 - WARNING - CropBox missing from /Page, defaulting to MediaBox
2025-05-16 17:04:26,241 - WARNING - CropBox missing from /Page, defaulting to MediaBox
2025-05-16 17:04:26,241 - INFO - Processing lobbyist ID: 028145011837-13
2025-05-16 17:04:27,031 - WARNING - CropBox missing from /Page, defaulting to MediaBox
2025-05-16 17:04:27,031 - WARNING - CropBox missing from /Page, defaulting to MediaBox
2025-05-16 17:04:27,108 - WARNING - CropBox missing from /Page, defaulting to MediaBox
2025-05-16 17:04:27,108 - WARNING - CropBox missing from /Page, defaulting to MediaBox
2025-05-16 17:04:27,108 - INFO - Processing lobbyist ID: 028165241610-60
2025-05-16 17:04:27,643 - WARNING - CropBox missing from /Page, defaulting to MediaBox
2025-05-16 17:04:27,662 - WARNING - CropBox missing from /Page, defaulting to MediaBox
2025-05-16 17:04:27,662 - INFO - Processing lobbyist ID: 028179432513-92
2025-05-16 17:04:28,373 - WARNING - CropBox missing from /Page, defaulting to MediaBox
2025-05-16 17:04:28,412 - WARNING - CropBox missing from /Page, defaulting to MediaBox
2025-05-16 17:04:28,412 - INFO - Processing lobbyist ID: 028246494181-15
2025-05-16 17:04:29,000 - WARNING - CropBox missing from /Page, defaulting to MediaBox
2025-05-16 17:04:29,023 - WARNING - CropBox missing from /Page, defaulting to MediaBox
2025-05-16 17:04:29,023 - INFO - Processing lobbyist ID: 028362550210-63
2025-05-16 17:04:29,611 - WARNING - CropBox missing from /Page, defaulting to MediaBox
2025-05-16 17:04:29,628 - WARNING - CropBox missing from /Page, defaulting to MediaBox
2025-05-16 17:04:29,629 - INFO - Processing lobbyist ID: 028417242258-15
2025-05-16 17:04:30,126 - WARNING - CropBox missing from /Page, defaulting to MediaBox
2025-05-16 17:04:30,143 - WARNING - CropBox missing from /Page, defaulting to MediaBox
2025-05-16 17:04:30,144 - INFO - Processing lobbyist ID: 028458297592-83
2025-05-16 17:04:30,618 - WARNING - CropBox missing from /Page, defaulting to MediaBox
2025-05-16 17:04:30,642 - WARNING - CropBox missing from /Page, defaulting to MediaBox
2025-05-16 17:04:30,643 - INFO - Processing lobbyist ID: 028514150995-92
2025-05-16 17:04:31,199 - WARNING - CropBox missing from /Page, defaulting to MediaBox
2025-05-16 17:04:31,221 - WARNING - CropBox missing from /Page, defaulting to MediaBox
2025-05-16 17:04:31,221 - INFO - Processing lobbyist ID: 028532821689-53
2025-05-16 17:04:31,705 - WARNING - CropBox missing from /Page, defaulting to MediaBox
2025-05-16 17:04:31,723 - WARNING - CropBox missing from /Page, defaulting to MediaBox
2025-05-16 17:04:31,724 - INFO - Processing lobbyist ID: 0285583802-96
2025-05-16 17:04:32,912 - WARNING - CropBox missing from /Page, defaulting to MediaBox
2025-05-16 17:04:32,913 - WARNING - CropBox missing from /Page, defaulting to MediaBox
2025-05-16 17:04:32,914 - WARNING - CropBox missing from /Page, defaulting to MediaBox
2025-05-16 17:04:33,092 - WARNING - CropBox missing from /Page, defaulting to MediaBox
2025-05-16 17:04:33,092 - WARNING - CropBox missing from /Page, defaulting to MediaBox
2025-05-16 17:04:33,092 - WARNING - CropBox missing from /Page, defaulting to MediaBox
2025-05-16 17:04:33,092 - INFO - Processing lobbyist ID: 028570718529-43
2025-05-16 17:04:33,996 - WARNING - CropBox missing from /Page, defaulting to MediaBox
2025-05-16 17:04:33,996 - WARNING - CropBox missing from /Page, defaulting to MediaBox
2025-05-16 17:04:33,997 - WARNING - CropBox missing from /Page, defaulting to MediaBox
2025-05-16 17:04:34,165 - WARNING - CropBox missing from /Page, defaulting to MediaBox
2025-05-16 17:04:34,165 - WARNING - CropBox missing from /Page, defaulting to MediaBox
2025-05-16 17:04:34,165 - WARNING - CropBox missing from /Page, defaulting to MediaBox
2025-05-16 17:04:34,165 - INFO - Processing lobbyist ID: 028663934565-76
2025-05-16 17:04:34,695 - WARNING - CropBox missing from /Page, defaulting to MediaBox
2025-05-16 17:04:34,720 - WARNING - CropBox missing from /Page, defaulting to MediaBox
2025-05-16 17:04:34,720 - INFO - Processing lobbyist ID: 028754940312-93
2025-05-16 17:04:35,192 - WARNING - CropBox missing from /Page, defaulting to MediaBox
2025-05-16 17:04:35,208 - WARNING - CropBox missing from /Page, defaulting to MediaBox
2025-05-16 17:04:35,209 - INFO - Processing lobbyist ID: 028795632476-59
2025-05-16 17:04:35,738 - WARNING - CropBox missing from /Page, defaulting to MediaBox
2025-05-16 17:04:35,763 - WARNING - CropBox missing from /Page, defaulting to MediaBox
2025-05-16 17:04:35,763 - INFO - Processing lobbyist ID: 028799047364-27
2025-05-16 17:04:36,379 - WARNING - CropBox missing from /Page, defaulting to MediaBox
2025-05-16 17:04:36,414 - WARNING - CropBox missing from /Page, defaulting to MediaBox
2025-05-16 17:04:36,414 - INFO - Processing lobbyist ID: 028819841686-75
2025-05-16 17:04:36,922 - WARNING - CropBox missing from /Page, defaulting to MediaBox
2025-05-16 17:04:36,945 - WARNING - CropBox missing from /Page, defaulting to MediaBox
2025-05-16 17:04:36,945 - INFO - Processing lobbyist ID: 028884443137-14
2025-05-16 17:04:37,421 - WARNING - CropBox missing from /Page, defaulting to MediaBox
2025-05-16 17:04:37,442 - WARNING - CropBox missing from /Page, defaulting to MediaBox
2025-05-16 17:04:37,442 - INFO - Processing lobbyist ID: 028913525587-04
2025-05-16 17:04:38,078 - WARNING - CropBox missing from /Page, defaulting to MediaBox
2025-05-16 17:04:38,120 - WARNING - CropBox missing from /Page, defaulting to MediaBox
2025-05-16 17:04:38,120 - INFO - Processing lobbyist ID: 0289344948-82
2025-05-16 17:04:38,755 - WARNING - CropBox missing from /Page, defaulting to MediaBox
2025-05-16 17:04:38,779 - WARNING - CropBox missing from /Page, defaulting to MediaBox
2025-05-16 17:04:38,779 - INFO - Processing lobbyist ID: 02902955023-04
2025-05-16 17:04:39,424 - WARNING - CropBox missing from /Page, defaulting to MediaBox
2025-05-16 17:04:39,472 - WARNING - CropBox missing from /Page, defaulting to MediaBox
2025-05-16 17:04:39,473 - INFO - Processing lobbyist ID: 029070342841-01
2025-05-16 17:04:40,355 - WARNING - CropBox missing from /Page, defaulting to MediaBox
2025-05-16 17:04:40,404 - WARNING - CropBox missing from /Page, defaulting to MediaBox
2025-05-16 17:04:40,404 - INFO - Processing lobbyist ID: 029078994801-59
2025-05-16 17:04:40,884 - WARNING - CropBox missing from /Page, defaulting to MediaBox
2025-05-16 17:04:40,902 - WARNING - CropBox missing from /Page, defaulting to MediaBox
2025-05-16 17:04:40,902 - INFO - Processing lobbyist ID: 029102734491-93
2025-05-16 17:04:41,398 - WARNING - CropBox missing from /Page, defaulting to MediaBox
2025-05-16 17:04:41,414 - WARNING - CropBox missing from /Page, defaulting to MediaBox
2025-05-16 17:04:41,414 - INFO - Processing lobbyist ID: 029150748870-24
2025-05-16 17:04:41,929 - WARNING - CropBox missing from /Page, defaulting to MediaBox
2025-05-16 17:04:41,956 - WARNING - CropBox missing from /Page, defaulting to MediaBox
2025-05-16 17:04:41,956 - INFO - Processing lobbyist ID: 029172425614-95
2025-05-16 17:04:42,464 - WARNING - CropBox missing from /Page, defaulting to MediaBox
2025-05-16 17:04:42,483 - WARNING - CropBox missing from /Page, defaulting to MediaBox
2025-05-16 17:04:42,484 - INFO - Processing lobbyist ID: 029223894492-96
2025-05-16 17:04:42,976 - WARNING - CropBox missing from /Page, defaulting to MediaBox
2025-05-16 17:04:42,994 - WARNING - CropBox missing from /Page, defaulting to MediaBox
2025-05-16 17:04:42,994 - INFO - Processing lobbyist ID: 029329936788-90
2025-05-16 17:04:43,595 - WARNING - CropBox missing from /Page, defaulting to MediaBox
2025-05-16 17:04:43,643 - WARNING - CropBox missing from /Page, defaulting to MediaBox
2025-05-16 17:04:43,644 - INFO - Processing lobbyist ID: 02956895166-25
2025-05-16 17:04:44,145 - WARNING - CropBox missing from /Page, defaulting to MediaBox
2025-05-16 17:04:44,187 - WARNING - CropBox missing from /Page, defaulting to MediaBox
2025-05-16 17:04:44,187 - INFO - Processing lobbyist ID: 02963738854-41
2025-05-16 17:04:45,587 - WARNING - CropBox missing from /Page, defaulting to MediaBox
2025-05-16 17:04:45,589 - WARNING - CropBox missing from /Page, defaulting to MediaBox
2025-05-16 17:04:45,590 - WARNING - CropBox missing from /Page, defaulting to MediaBox
2025-05-16 17:04:45,591 - WARNING - CropBox missing from /Page, defaulting to MediaBox
2025-05-16 17:04:45,593 - WARNING - CropBox missing from /Page, defaulting to MediaBox
2025-05-16 17:04:45,886 - WARNING - CropBox missing from /Page, defaulting to MediaBox
2025-05-16 17:04:45,886 - WARNING - CropBox missing from /Page, defaulting to MediaBox
2025-05-16 17:04:45,886 - WARNING - CropBox missing from /Page, defaulting to MediaBox
2025-05-16 17:04:45,886 - WARNING - CropBox missing from /Page, defaulting to MediaBox
2025-05-16 17:04:45,887 - WARNING - CropBox missing from /Page, defaulting to MediaBox
2025-05-16 17:04:45,887 - INFO - Processing lobbyist ID: 02978802379-31
2025-05-16 17:04:46,829 - WARNING - CropBox missing from /Page, defaulting to MediaBox
2025-05-16 17:04:46,830 - WARNING - CropBox missing from /Page, defaulting to MediaBox
2025-05-16 17:04:46,831 - WARNING - CropBox missing from /Page, defaulting to MediaBox
2025-05-16 17:04:46,987 - WARNING - CropBox missing from /Page, defaulting to MediaBox
2025-05-16 17:04:46,987 - WARNING - CropBox missing from /Page, defaulting to MediaBox
2025-05-16 17:04:46,987 - WARNING - CropBox missing from /Page, defaulting to MediaBox
2025-05-16 17:04:46,987 - INFO - Processing lobbyist ID: 029889994186-10
2025-05-16 17:04:47,501 - WARNING - CropBox missing from /Page, defaulting to MediaBox
2025-05-16 17:04:47,545 - WARNING - CropBox missing from /Page, defaulting to MediaBox
2025-05-16 17:04:47,545 - INFO - Processing lobbyist ID: 030017691884-31
2025-05-16 17:04:48,049 - WARNING - CropBox missing from /Page, defaulting to MediaBox
2025-05-16 17:04:48,083 - WARNING - CropBox missing from /Page, defaulting to MediaBox
2025-05-16 17:04:48,083 - INFO - Processing lobbyist ID: 030031840349-92
2025-05-16 17:04:48,662 - WARNING - CropBox missing from /Page, defaulting to MediaBox
2025-05-16 17:04:48,706 - WARNING - CropBox missing from /Page, defaulting to MediaBox
2025-05-16 17:04:48,706 - INFO - Processing lobbyist ID: 03004067068-71
2025-05-16 17:04:49,350 - WARNING - CropBox missing from /Page, defaulting to MediaBox
2025-05-16 17:04:49,444 - WARNING - CropBox missing from /Page, defaulting to MediaBox
2025-05-16 17:04:49,444 - INFO - Processing lobbyist ID: 030063449550-71
2025-05-16 17:04:49,946 - WARNING - CropBox missing from /Page, defaulting to MediaBox
2025-05-16 17:04:49,985 - WARNING - CropBox missing from /Page, defaulting to MediaBox
2025-05-16 17:04:49,986 - INFO - Processing lobbyist ID: 03008307807-49
2025-05-16 17:04:50,744 - WARNING - CropBox missing from /Page, defaulting to MediaBox
2025-05-16 17:04:50,780 - WARNING - CropBox missing from /Page, defaulting to MediaBox
2025-05-16 17:04:50,780 - INFO - Processing lobbyist ID: 030092221347-76
2025-05-16 17:04:51,561 - WARNING - CropBox missing from /Page, defaulting to MediaBox
2025-05-16 17:04:51,602 - WARNING - CropBox missing from /Page, defaulting to MediaBox
2025-05-16 17:04:51,603 - INFO - Processing lobbyist ID: 030103826093-82
2025-05-16 17:04:52,158 - WARNING - CropBox missing from /Page, defaulting to MediaBox
2025-05-16 17:04:52,208 - WARNING - CropBox missing from /Page, defaulting to MediaBox
2025-05-16 17:04:52,208 - INFO - Processing lobbyist ID: 030107317058-64
2025-05-16 17:04:53,003 - WARNING - CropBox missing from /Page, defaulting to MediaBox
2025-05-16 17:04:53,120 - WARNING - CropBox missing from /Page, defaulting to MediaBox
2025-05-16 17:04:53,120 - INFO - Processing lobbyist ID: 03013154889-05
2025-05-16 17:04:54,879 - WARNING - CropBox missing from /Page, defaulting to MediaBox
2025-05-16 17:04:54,880 - WARNING - CropBox missing from /Page, defaulting to MediaBox
2025-05-16 17:04:54,881 - WARNING - CropBox missing from /Page, defaulting to MediaBox
2025-05-16 17:04:54,882 - WARNING - CropBox missing from /Page, defaulting to MediaBox
2025-05-16 17:04:54,883 - WARNING - CropBox missing from /Page, defaulting to MediaBox
2025-05-16 17:04:55,366 - WARNING - CropBox missing from /Page, defaulting to MediaBox
2025-05-16 17:04:55,366 - WARNING - CropBox missing from /Page, defaulting to MediaBox
2025-05-16 17:04:55,366 - WARNING - CropBox missing from /Page, defaulting to MediaBox
2025-05-16 17:04:55,366 - WARNING - CropBox missing from /Page, defaulting to MediaBox
2025-05-16 17:04:55,366 - WARNING - CropBox missing from /Page, defaulting to MediaBox
2025-05-16 17:04:55,367 - INFO - Processing lobbyist ID: 03018678163-37
2025-05-16 17:04:55,882 - WARNING - CropBox missing from /Page, defaulting to MediaBox
2025-05-16 17:04:55,928 - WARNING - CropBox missing from /Page, defaulting to MediaBox
2025-05-16 17:04:55,930 - INFO - Processing lobbyist ID: 030240394681-01
2025-05-16 17:04:56,464 - WARNING - CropBox missing from /Page, defaulting to MediaBox
2025-05-16 17:04:56,503 - WARNING - CropBox missing from /Page, defaulting to MediaBox
2025-05-16 17:04:56,504 - INFO - Processing lobbyist ID: 030272137138-11
2025-05-16 17:04:57,095 - WARNING - CropBox missing from /Page, defaulting to MediaBox
2025-05-16 17:04:57,179 - WARNING - CropBox missing from /Page, defaulting to MediaBox
2025-05-16 17:04:57,179 - INFO - Processed 500 lobbyists out of 14400. Pausing for 3 seconds to avoid server overload...
2025-05-16 17:05:00,221 - INFO - Processing lobbyist ID: 030341246364-46
2025-05-16 17:05:01,335 - WARNING - CropBox missing from /Page, defaulting to MediaBox
2025-05-16 17:05:01,400 - WARNING - CropBox missing from /Page, defaulting to MediaBox
2025-05-16 17:05:01,400 - INFO - Processing lobbyist ID: 030348497364-86
2025-05-16 17:05:01,952 - WARNING - CropBox missing from /Page, defaulting to MediaBox
2025-05-16 17:05:01,998 - WARNING - CropBox missing from /Page, defaulting to MediaBox
2025-05-16 17:05:01,999 - INFO - Processing lobbyist ID: 030368639837-13
2025-05-16 17:05:02,632 - WARNING - CropBox missing from /Page, defaulting to MediaBox
2025-05-16 17:05:02,721 - WARNING - CropBox missing from /Page, defaulting to MediaBox
2025-05-16 17:05:02,721 - INFO - Processing lobbyist ID: 030381196156-50
2025-05-16 17:05:03,286 - WARNING - CropBox missing from /Page, defaulting to MediaBox
2025-05-16 17:05:03,342 - WARNING - CropBox missing from /Page, defaulting to MediaBox
2025-05-16 17:05:03,343 - INFO - Processing lobbyist ID: 030450091534-43
2025-05-16 17:05:03,896 - WARNING - CropBox missing from /Page, defaulting to MediaBox
2025-05-16 17:05:03,940 - WARNING - CropBox missing from /Page, defaulting to MediaBox
2025-05-16 17:05:03,941 - INFO - Processing lobbyist ID: 030522093501-14
2025-05-16 17:05:04,545 - WARNING - CropBox missing from /Page, defaulting to MediaBox
2025-05-16 17:05:04,591 - WARNING - CropBox missing from /Page, defaulting to MediaBox
2025-05-16 17:05:04,591 - INFO - Processing lobbyist ID: 030532250937-17
2025-05-16 17:05:05,181 - WARNING - CropBox missing from /Page, defaulting to MediaBox
2025-05-16 17:05:05,226 - WARNING - CropBox missing from /Page, defaulting to MediaBox
2025-05-16 17:05:05,226 - INFO - Processing lobbyist ID: 030724594391-04
2025-05-16 17:05:05,703 - WARNING - CropBox missing from /Page, defaulting to MediaBox
2025-05-16 17:05:05,726 - WARNING - CropBox missing from /Page, defaulting to MediaBox
2025-05-16 17:05:05,726 - INFO - Processing lobbyist ID: 030733292390-30
2025-05-16 17:05:06,218 - WARNING - CropBox missing from /Page, defaulting to MediaBox
2025-05-16 17:05:06,242 - WARNING - CropBox missing from /Page, defaulting to MediaBox
2025-05-16 17:05:06,242 - INFO - Processing lobbyist ID: 030750745920-45
2025-05-16 17:05:06,736 - WARNING - CropBox missing from /Page, defaulting to MediaBox
2025-05-16 17:05:06,763 - WARNING - CropBox missing from /Page, defaulting to MediaBox
2025-05-16 17:05:06,763 - INFO - Processing lobbyist ID: 030789693434-15
2025-05-16 17:05:07,253 - WARNING - CropBox missing from /Page, defaulting to MediaBox
2025-05-16 17:05:07,271 - WARNING - CropBox missing from /Page, defaulting to MediaBox
2025-05-16 17:05:07,271 - INFO - Processing lobbyist ID: 030804534968-91
2025-05-16 17:05:07,782 - WARNING - CropBox missing from /Page, defaulting to MediaBox
2025-05-16 17:05:07,811 - WARNING - CropBox missing from /Page, defaulting to MediaBox
2025-05-16 17:05:07,811 - INFO - Processing lobbyist ID: 030862195184-34
2025-05-16 17:05:08,344 - WARNING - CropBox missing from /Page, defaulting to MediaBox
2025-05-16 17:05:08,376 - WARNING - CropBox missing from /Page, defaulting to MediaBox
2025-05-16 17:05:08,377 - INFO - Processing lobbyist ID: 030910537575-52
2025-05-16 17:05:09,156 - WARNING - CropBox missing from /Page, defaulting to MediaBox
2025-05-16 17:05:09,157 - WARNING - CropBox missing from /Page, defaulting to MediaBox
2025-05-16 17:05:09,285 - WARNING - CropBox missing from /Page, defaulting to MediaBox
2025-05-16 17:05:09,286 - WARNING - CropBox missing from /Page, defaulting to MediaBox
2025-05-16 17:05:09,286 - INFO - Processing lobbyist ID: 03094871618-32
2025-05-16 17:05:10,780 - WARNING - CropBox missing from /Page, defaulting to MediaBox
2025-05-16 17:05:10,781 - WARNING - CropBox missing from /Page, defaulting to MediaBox
2025-05-16 17:05:10,782 - WARNING - CropBox missing from /Page, defaulting to MediaBox
2025-05-16 17:05:10,783 - WARNING - CropBox missing from /Page, defaulting to MediaBox
2025-05-16 17:05:10,784 - WARNING - CropBox missing from /Page, defaulting to MediaBox
2025-05-16 17:05:11,118 - WARNING - CropBox missing from /Page, defaulting to MediaBox
2025-05-16 17:05:11,118 - WARNING - CropBox missing from /Page, defaulting to MediaBox
2025-05-16 17:05:11,118 - WARNING - CropBox missing from /Page, defaulting to MediaBox
2025-05-16 17:05:11,118 - WARNING - CropBox missing from /Page, defaulting to MediaBox
2025-05-16 17:05:11,118 - WARNING - CropBox missing from /Page, defaulting to MediaBox
2025-05-16 17:05:11,119 - INFO - Processing lobbyist ID: 031012249250-84
2025-05-16 17:05:11,646 - WARNING - CropBox missing from /Page, defaulting to MediaBox
2025-05-16 17:05:11,665 - WARNING - CropBox missing from /Page, defaulting to MediaBox
2025-05-16 17:05:11,665 - INFO - Processing lobbyist ID: 031056597180-61
2025-05-16 17:05:12,603 - WARNING - CropBox missing from /Page, defaulting to MediaBox
2025-05-16 17:05:12,637 - WARNING - CropBox missing from /Page, defaulting to MediaBox
2025-05-16 17:05:12,637 - INFO - Processing lobbyist ID: 031254648885-55
2025-05-16 17:05:13,137 - WARNING - CropBox missing from /Page, defaulting to MediaBox
2025-05-16 17:05:13,157 - WARNING - CropBox missing from /Page, defaulting to MediaBox
2025-05-16 17:05:13,157 - INFO - Processing lobbyist ID: 031285324217-50
2025-05-16 17:05:13,668 - WARNING - CropBox missing from /Page, defaulting to MediaBox
2025-05-16 17:05:13,687 - WARNING - CropBox missing from /Page, defaulting to MediaBox
2025-05-16 17:05:13,688 - INFO - Processing lobbyist ID: 031438749160-44
2025-05-16 17:05:14,207 - WARNING - CropBox missing from /Page, defaulting to MediaBox
2025-05-16 17:05:14,223 - WARNING - CropBox missing from /Page, defaulting to MediaBox
2025-05-16 17:05:14,223 - INFO - Processing lobbyist ID: 031503449561-38
2025-05-16 17:05:14,740 - WARNING - CropBox missing from /Page, defaulting to MediaBox
2025-05-16 17:05:14,758 - WARNING - CropBox missing from /Page, defaulting to MediaBox
2025-05-16 17:05:14,758 - INFO - Processing lobbyist ID: 031571311716-04
2025-05-16 17:05:15,884 - WARNING - CropBox missing from /Page, defaulting to MediaBox
2025-05-16 17:05:15,886 - WARNING - CropBox missing from /Page, defaulting to MediaBox
2025-05-16 17:05:15,960 - WARNING - CropBox missing from /Page, defaulting to MediaBox
2025-05-16 17:05:15,960 - WARNING - CropBox missing from /Page, defaulting to MediaBox
2025-05-16 17:05:15,960 - INFO - Processing lobbyist ID: 031667394324-19
2025-05-16 17:05:16,468 - WARNING - CropBox missing from /Page, defaulting to MediaBox
2025-05-16 17:05:16,485 - WARNING - CropBox missing from /Page, defaulting to MediaBox
2025-05-16 17:05:16,485 - INFO - Processing lobbyist ID: 031736446699-31
2025-05-16 17:05:17,104 - WARNING - CropBox missing from /Page, defaulting to MediaBox
2025-05-16 17:05:17,135 - WARNING - CropBox missing from /Page, defaulting to MediaBox
2025-05-16 17:05:17,135 - INFO - Processing lobbyist ID: 03181945560-59
2025-05-16 17:05:24,475 - WARNING - CropBox missing from /Page, defaulting to MediaBox
2025-05-16 17:05:24,475 - WARNING - CropBox missing from /Page, defaulting to MediaBox
2025-05-16 17:05:24,476 - WARNING - CropBox missing from /Page, defaulting to MediaBox
2025-05-16 17:05:24,476 - WARNING - CropBox missing from /Page, defaulting to MediaBox
2025-05-16 17:05:24,476 - WARNING - CropBox missing from /Page, defaulting to MediaBox
2025-05-16 17:05:24,476 - WARNING - CropBox missing from /Page, defaulting to MediaBox
2025-05-16 17:05:24,477 - WARNING - CropBox missing from /Page, defaulting to MediaBox
2025-05-16 17:05:24,477 - WARNING - CropBox missing from /Page, defaulting to MediaBox
2025-05-16 17:05:24,477 - WARNING - CropBox missing from /Page, defaulting to MediaBox
2025-05-16 17:05:24,477 - WARNING - CropBox missing from /Page, defaulting to MediaBox
2025-05-16 17:05:24,478 - WARNING - CropBox missing from /Page, defaulting to MediaBox
2025-05-16 17:05:24,478 - WARNING - CropBox missing from /Page, defaulting to MediaBox
2025-05-16 17:05:24,478 - WARNING - CropBox missing from /Page, defaulting to MediaBox
2025-05-16 17:05:24,478 - WARNING - CropBox missing from /Page, defaulting to MediaBox
2025-05-16 17:05:24,479 - WARNING - CropBox missing from /Page, defaulting to MediaBox
2025-05-16 17:05:24,479 - WARNING - CropBox missing from /Page, defaulting to MediaBox
2025-05-16 17:05:24,479 - WARNING - CropBox missing from /Page, defaulting to MediaBox
2025-05-16 17:05:24,479 - WARNING - CropBox missing from /Page, defaulting to MediaBox
2025-05-16 17:05:24,480 - WARNING - CropBox missing from /Page, defaulting to MediaBox
2025-05-16 17:05:24,480 - WARNING - CropBox missing from /Page, defaulting to MediaBox
2025-05-16 17:05:24,480 - WARNING - CropBox missing from /Page, defaulting to MediaBox
2025-05-16 17:05:24,480 - WARNING - CropBox missing from /Page, defaulting to MediaBox
2025-05-16 17:05:24,480 - WARNING - CropBox missing from /Page, defaulting to MediaBox
2025-05-16 17:05:24,481 - WARNING - CropBox missing from /Page, defaulting to MediaBox
2025-05-16 17:05:24,481 - WARNING - CropBox missing from /Page, defaulting to MediaBox
2025-05-16 17:05:24,481 - WARNING - CropBox missing from /Page, defaulting to MediaBox
2025-05-16 17:05:24,482 - WARNING - CropBox missing from /Page, defaulting to MediaBox
2025-05-16 17:05:24,482 - WARNING - CropBox missing from /Page, defaulting to MediaBox
2025-05-16 17:05:24,482 - WARNING - CropBox missing from /Page, defaulting to MediaBox
2025-05-16 17:05:24,483 - WARNING - CropBox missing from /Page, defaulting to MediaBox
2025-05-16 17:05:24,483 - WARNING - CropBox missing from /Page, defaulting to MediaBox
2025-05-16 17:05:24,483 - WARNING - CropBox missing from /Page, defaulting to MediaBox
2025-05-16 17:05:24,484 - WARNING - CropBox missing from /Page, defaulting to MediaBox
2025-05-16 17:05:24,484 - WARNING - CropBox missing from /Page, defaulting to MediaBox
2025-05-16 17:05:24,484 - WARNING - CropBox missing from /Page, defaulting to MediaBox
2025-05-16 17:05:26,817 - WARNING - CropBox missing from /Page, defaulting to MediaBox
2025-05-16 17:05:26,817 - WARNING - CropBox missing from /Page, defaulting to MediaBox
2025-05-16 17:05:26,817 - WARNING - CropBox missing from /Page, defaulting to MediaBox
2025-05-16 17:05:26,818 - WARNING - CropBox missing from /Page, defaulting to MediaBox
2025-05-16 17:05:26,818 - WARNING - CropBox missing from /Page, defaulting to MediaBox
2025-05-16 17:05:26,818 - WARNING - CropBox missing from /Page, defaulting to MediaBox
2025-05-16 17:05:26,818 - WARNING - CropBox missing from /Page, defaulting to MediaBox
2025-05-16 17:05:26,818 - WARNING - CropBox missing from /Page, defaulting to MediaBox
2025-05-16 17:05:26,818 - WARNING - CropBox missing from /Page, defaulting to MediaBox
2025-05-16 17:05:26,819 - WARNING - CropBox missing from /Page, defaulting to MediaBox
2025-05-16 17:05:26,819 - WARNING - CropBox missing from /Page, defaulting to MediaBox
2025-05-16 17:05:26,819 - WARNING - CropBox missing from /Page, defaulting to MediaBox
2025-05-16 17:05:26,819 - WARNING - CropBox missing from /Page, defaulting to MediaBox
2025-05-16 17:05:26,819 - WARNING - CropBox missing from /Page, defaulting to MediaBox
2025-05-16 17:05:26,819 - WARNING - CropBox missing from /Page, defaulting to MediaBox
2025-05-16 17:05:26,819 - WARNING - CropBox missing from /Page, defaulting to MediaBox
2025-05-16 17:05:26,819 - WARNING - CropBox missing from /Page, defaulting to MediaBox
2025-05-16 17:05:26,819 - WARNING - CropBox missing from /Page, defaulting to MediaBox
2025-05-16 17:05:26,820 - WARNING - CropBox missing from /Page, defaulting to MediaBox
2025-05-16 17:05:26,820 - WARNING - CropBox missing from /Page, defaulting to MediaBox
2025-05-16 17:05:26,820 - WARNING - CropBox missing from /Page, defaulting to MediaBox
2025-05-16 17:05:26,820 - WARNING - CropBox missing from /Page, defaulting to MediaBox
2025-05-16 17:05:26,820 - WARNING - CropBox missing from /Page, defaulting to MediaBox
2025-05-16 17:05:26,820 - WARNING - CropBox missing from /Page, defaulting to MediaBox
2025-05-16 17:05:26,820 - WARNING - CropBox missing from /Page, defaulting to MediaBox
2025-05-16 17:05:26,821 - WARNING - CropBox missing from /Page, defaulting to MediaBox
2025-05-16 17:05:26,821 - WARNING - CropBox missing from /Page, defaulting to MediaBox
2025-05-16 17:05:26,821 - WARNING - CropBox missing from /Page, defaulting to MediaBox
2025-05-16 17:05:26,821 - WARNING - CropBox missing from /Page, defaulting to MediaBox
2025-05-16 17:05:26,821 - WARNING - CropBox missing from /Page, defaulting to MediaBox
2025-05-16 17:05:26,821 - WARNING - CropBox missing from /Page, defaulting to MediaBox
2025-05-16 17:05:26,821 - WARNING - CropBox missing from /Page, defaulting to MediaBox
2025-05-16 17:05:26,821 - WARNING - CropBox missing from /Page, defaulting to MediaBox
2025-05-16 17:05:26,821 - WARNING - CropBox missing from /Page, defaulting to MediaBox
2025-05-16 17:05:26,821 - WARNING - CropBox missing from /Page, defaulting to MediaBox
2025-05-16 17:05:26,821 - INFO - Processing lobbyist ID: 031957497988-62
2025-05-16 17:05:27,374 - WARNING - CropBox missing from /Page, defaulting to MediaBox
2025-05-16 17:05:27,403 - WARNING - CropBox missing from /Page, defaulting to MediaBox
2025-05-16 17:05:27,403 - INFO - Processing lobbyist ID: 032011894121-92
2025-05-16 17:05:27,904 - WARNING - CropBox missing from /Page, defaulting to MediaBox
2025-05-16 17:05:27,935 - WARNING - CropBox missing from /Page, defaulting to MediaBox
2025-05-16 17:05:27,935 - INFO - Processing lobbyist ID: 032095416055-85
2025-05-16 17:05:28,507 - WARNING - CropBox missing from /Page, defaulting to MediaBox
2025-05-16 17:05:28,534 - WARNING - CropBox missing from /Page, defaulting to MediaBox
2025-05-16 17:05:28,534 - INFO - Processing lobbyist ID: 032169118568-82
2025-05-16 17:05:29,087 - WARNING - CropBox missing from /Page, defaulting to MediaBox
2025-05-16 17:05:29,111 - WARNING - CropBox missing from /Page, defaulting to MediaBox
2025-05-16 17:05:29,111 - INFO - Processing lobbyist ID: 032324897582-91
2025-05-16 17:05:29,618 - WARNING - CropBox missing from /Page, defaulting to MediaBox
2025-05-16 17:05:29,640 - WARNING - CropBox missing from /Page, defaulting to MediaBox
2025-05-16 17:05:29,640 - INFO - Processing lobbyist ID: 032357232509-71
2025-05-16 17:05:30,200 - WARNING - CropBox missing from /Page, defaulting to MediaBox
2025-05-16 17:05:30,218 - WARNING - CropBox missing from /Page, defaulting to MediaBox
2025-05-16 17:05:30,218 - INFO - Processing lobbyist ID: 032380852553-56
2025-05-16 17:05:30,768 - WARNING - CropBox missing from /Page, defaulting to MediaBox
2025-05-16 17:05:30,883 - WARNING - CropBox missing from /Page, defaulting to MediaBox
2025-05-16 17:05:30,884 - INFO - Processing lobbyist ID: 032428596762-64
2025-05-16 17:05:31,351 - WARNING - CropBox missing from /Page, defaulting to MediaBox
2025-05-16 17:05:31,372 - WARNING - CropBox missing from /Page, defaulting to MediaBox
2025-05-16 17:05:31,372 - INFO - Processing lobbyist ID: 032484896742-24
2025-05-16 17:05:31,902 - WARNING - CropBox missing from /Page, defaulting to MediaBox
2025-05-16 17:05:31,928 - WARNING - CropBox missing from /Page, defaulting to MediaBox
2025-05-16 17:05:31,928 - INFO - Processing lobbyist ID: 032592932156-20
2025-05-16 17:05:32,643 - WARNING - CropBox missing from /Page, defaulting to MediaBox
2025-05-16 17:05:32,645 - WARNING - CropBox missing from /Page, defaulting to MediaBox
2025-05-16 17:05:32,742 - WARNING - CropBox missing from /Page, defaulting to MediaBox
2025-05-16 17:05:32,742 - WARNING - CropBox missing from /Page, defaulting to MediaBox
2025-05-16 17:05:32,742 - INFO - Processing lobbyist ID: 032615596261-43
2025-05-16 17:05:33,222 - WARNING - CropBox missing from /Page, defaulting to MediaBox
2025-05-16 17:05:33,241 - WARNING - CropBox missing from /Page, defaulting to MediaBox
2025-05-16 17:05:33,242 - INFO - Processing lobbyist ID: 032693316451-70
2025-05-16 17:05:33,935 - WARNING - CropBox missing from /Page, defaulting to MediaBox
2025-05-16 17:05:33,937 - WARNING - CropBox missing from /Page, defaulting to MediaBox
2025-05-16 17:05:34,052 - WARNING - CropBox missing from /Page, defaulting to MediaBox
2025-05-16 17:05:34,052 - WARNING - CropBox missing from /Page, defaulting to MediaBox
2025-05-16 17:05:34,052 - INFO - Processing lobbyist ID: 032997718553-70
2025-05-16 17:05:34,667 - WARNING - CropBox missing from /Page, defaulting to MediaBox
2025-05-16 17:05:34,701 - WARNING - CropBox missing from /Page, defaulting to MediaBox
2025-05-16 17:05:34,701 - INFO - Processing lobbyist ID: 033023132982-53
2025-05-16 17:05:35,273 - WARNING - CropBox missing from /Page, defaulting to MediaBox
2025-05-16 17:05:35,301 - WARNING - CropBox missing from /Page, defaulting to MediaBox
2025-05-16 17:05:35,301 - INFO - Processing lobbyist ID: 033067945147-97
2025-05-16 17:05:35,827 - WARNING - CropBox missing from /Page, defaulting to MediaBox
2025-05-16 17:05:35,845 - WARNING - CropBox missing from /Page, defaulting to MediaBox
2025-05-16 17:05:35,845 - INFO - Processing lobbyist ID: 0330934426-12
2025-05-16 17:05:37,205 - WARNING - CropBox missing from /Page, defaulting to MediaBox
2025-05-16 17:05:37,205 - WARNING - CropBox missing from /Page, defaulting to MediaBox
2025-05-16 17:05:37,205 - WARNING - CropBox missing from /Page, defaulting to MediaBox
2025-05-16 17:05:37,206 - WARNING - CropBox missing from /Page, defaulting to MediaBox
2025-05-16 17:05:37,483 - WARNING - CropBox missing from /Page, defaulting to MediaBox
2025-05-16 17:05:37,483 - WARNING - CropBox missing from /Page, defaulting to MediaBox
2025-05-16 17:05:37,484 - WARNING - CropBox missing from /Page, defaulting to MediaBox
2025-05-16 17:05:37,484 - WARNING - CropBox missing from /Page, defaulting to MediaBox
2025-05-16 17:05:37,484 - INFO - Processing lobbyist ID: 033467736481-77
2025-05-16 17:05:38,065 - WARNING - CropBox missing from /Page, defaulting to MediaBox
2025-05-16 17:05:38,082 - WARNING - CropBox missing from /Page, defaulting to MediaBox
2025-05-16 17:05:38,082 - INFO - Processing lobbyist ID: 033580694745-17
2025-05-16 17:05:38,558 - WARNING - CropBox missing from /Page, defaulting to MediaBox
2025-05-16 17:05:38,582 - WARNING - CropBox missing from /Page, defaulting to MediaBox
2025-05-16 17:05:38,582 - INFO - Processing lobbyist ID: 033653392407-09
2025-05-16 17:05:39,156 - WARNING - CropBox missing from /Page, defaulting to MediaBox
2025-05-16 17:05:39,179 - WARNING - CropBox missing from /Page, defaulting to MediaBox
2025-05-16 17:05:39,179 - INFO - Processing lobbyist ID: 033741696798-22
2025-05-16 17:05:39,751 - WARNING - CropBox missing from /Page, defaulting to MediaBox
2025-05-16 17:05:39,813 - WARNING - CropBox missing from /Page, defaulting to MediaBox
2025-05-16 17:05:39,813 - INFO - Processing lobbyist ID: 033768941210-92
2025-05-16 17:05:40,499 - WARNING - CropBox missing from /Page, defaulting to MediaBox
2025-05-16 17:05:40,534 - WARNING - CropBox missing from /Page, defaulting to MediaBox
2025-05-16 17:05:40,534 - INFO - Processing lobbyist ID: 033789852903-97
2025-05-16 17:05:41,117 - WARNING - CropBox missing from /Page, defaulting to MediaBox
2025-05-16 17:05:41,141 - WARNING - CropBox missing from /Page, defaulting to MediaBox
2025-05-16 17:05:41,142 - INFO - Processing lobbyist ID: 033807913798-84
2025-05-16 17:05:41,767 - WARNING - CropBox missing from /Page, defaulting to MediaBox
2025-05-16 17:05:41,822 - WARNING - CropBox missing from /Page, defaulting to MediaBox
2025-05-16 17:05:41,822 - INFO - Processing lobbyist ID: 03396347383-49
2025-05-16 17:05:42,366 - WARNING - CropBox missing from /Page, defaulting to MediaBox
2025-05-16 17:05:42,384 - WARNING - CropBox missing from /Page, defaulting to MediaBox
2025-05-16 17:05:42,384 - INFO - Processing lobbyist ID: 033976691788-31
2025-05-16 17:05:42,898 - WARNING - CropBox missing from /Page, defaulting to MediaBox
2025-05-16 17:05:42,923 - WARNING - CropBox missing from /Page, defaulting to MediaBox
2025-05-16 17:05:42,923 - INFO - Processing lobbyist ID: 034052398107-03
2025-05-16 17:05:43,443 - WARNING - CropBox missing from /Page, defaulting to MediaBox
2025-05-16 17:05:43,464 - WARNING - CropBox missing from /Page, defaulting to MediaBox
2025-05-16 17:05:43,465 - INFO - Processing lobbyist ID: 034195749874-20
2025-05-16 17:05:44,129 - WARNING - CropBox missing from /Page, defaulting to MediaBox
2025-05-16 17:05:44,158 - WARNING - CropBox missing from /Page, defaulting to MediaBox
2025-05-16 17:05:44,158 - INFO - Processing lobbyist ID: 034239613511-14
2025-05-16 17:05:44,779 - WARNING - CropBox missing from /Page, defaulting to MediaBox
2025-05-16 17:05:44,820 - WARNING - CropBox missing from /Page, defaulting to MediaBox
2025-05-16 17:05:44,820 - INFO - Processing lobbyist ID: 034266094271-91
2025-05-16 17:05:45,361 - WARNING - CropBox missing from /Page, defaulting to MediaBox
2025-05-16 17:05:45,379 - WARNING - CropBox missing from /Page, defaulting to MediaBox
2025-05-16 17:05:45,379 - INFO - Processing lobbyist ID: 034268796004-14
2025-05-16 17:05:45,954 - WARNING - CropBox missing from /Page, defaulting to MediaBox
2025-05-16 17:05:45,984 - WARNING - CropBox missing from /Page, defaulting to MediaBox
2025-05-16 17:05:45,984 - INFO - Processing lobbyist ID: 034277995948-18
2025-05-16 17:05:46,501 - WARNING - CropBox missing from /Page, defaulting to MediaBox
2025-05-16 17:05:46,523 - WARNING - CropBox missing from /Page, defaulting to MediaBox
2025-05-16 17:05:46,523 - INFO - Processing lobbyist ID: 034363235590-94
2025-05-16 17:05:47,187 - WARNING - CropBox missing from /Page, defaulting to MediaBox
2025-05-16 17:05:47,243 - WARNING - CropBox missing from /Page, defaulting to MediaBox
2025-05-16 17:05:47,243 - INFO - Processing lobbyist ID: 034456815951-40
2025-05-16 17:05:47,908 - WARNING - CropBox missing from /Page, defaulting to MediaBox
2025-05-16 17:05:47,956 - WARNING - CropBox missing from /Page, defaulting to MediaBox
2025-05-16 17:05:47,956 - INFO - Processing lobbyist ID: 034467693444-45
2025-05-16 17:05:48,457 - WARNING - CropBox missing from /Page, defaulting to MediaBox
2025-05-16 17:05:48,478 - WARNING - CropBox missing from /Page, defaulting to MediaBox
2025-05-16 17:05:48,478 - INFO - Processing lobbyist ID: 03451096957-77
2025-05-16 17:05:49,215 - WARNING - CropBox missing from /Page, defaulting to MediaBox
2025-05-16 17:05:49,242 - WARNING - CropBox missing from /Page, defaulting to MediaBox
2025-05-16 17:05:49,242 - INFO - Processing lobbyist ID: 034540350782-92
2025-05-16 17:05:49,739 - WARNING - CropBox missing from /Page, defaulting to MediaBox
2025-05-16 17:05:49,760 - WARNING - CropBox missing from /Page, defaulting to MediaBox
2025-05-16 17:05:49,760 - INFO - Processing lobbyist ID: 034546859-02
2025-05-16 17:05:50,819 - WARNING - CropBox missing from /Page, defaulting to MediaBox
2025-05-16 17:05:50,820 - WARNING - CropBox missing from /Page, defaulting to MediaBox
2025-05-16 17:05:50,822 - WARNING - CropBox missing from /Page, defaulting to MediaBox
2025-05-16 17:05:51,009 - WARNING - CropBox missing from /Page, defaulting to MediaBox
2025-05-16 17:05:51,009 - WARNING - CropBox missing from /Page, defaulting to MediaBox
2025-05-16 17:05:51,009 - WARNING - CropBox missing from /Page, defaulting to MediaBox
2025-05-16 17:05:51,009 - INFO - Processing lobbyist ID: 0346440357-87
2025-05-16 17:05:51,719 - WARNING - CropBox missing from /Page, defaulting to MediaBox
2025-05-16 17:05:51,748 - WARNING - CropBox missing from /Page, defaulting to MediaBox
2025-05-16 17:05:51,749 - INFO - Processing lobbyist ID: 034694393502-45
2025-05-16 17:05:52,256 - WARNING - CropBox missing from /Page, defaulting to MediaBox
2025-05-16 17:05:52,275 - WARNING - CropBox missing from /Page, defaulting to MediaBox
2025-05-16 17:05:52,275 - INFO - Processing lobbyist ID: 034724827057-41
2025-05-16 17:05:52,867 - WARNING - CropBox missing from /Page, defaulting to MediaBox
2025-05-16 17:05:52,887 - WARNING - CropBox missing from /Page, defaulting to MediaBox
2025-05-16 17:05:52,887 - INFO - Processing lobbyist ID: 034749340371-58
2025-05-16 17:05:53,488 - WARNING - CropBox missing from /Page, defaulting to MediaBox
2025-05-16 17:05:53,513 - WARNING - CropBox missing from /Page, defaulting to MediaBox
2025-05-16 17:05:53,513 - INFO - Processing lobbyist ID: 034909697197-64
2025-05-16 17:05:53,980 - WARNING - CropBox missing from /Page, defaulting to MediaBox
2025-05-16 17:05:53,997 - WARNING - CropBox missing from /Page, defaulting to MediaBox
2025-05-16 17:05:53,997 - INFO - Processing lobbyist ID: 03492856440-03
2025-05-16 17:05:54,679 - WARNING - CropBox missing from /Page, defaulting to MediaBox
2025-05-16 17:05:54,744 - WARNING - CropBox missing from /Page, defaulting to MediaBox
2025-05-16 17:05:54,744 - INFO - Processing lobbyist ID: 03501997362-71
2025-05-16 17:05:56,458 - WARNING - CropBox missing from /Page, defaulting to MediaBox
2025-05-16 17:05:56,459 - WARNING - CropBox missing from /Page, defaulting to MediaBox
2025-05-16 17:05:56,459 - WARNING - CropBox missing from /Page, defaulting to MediaBox
2025-05-16 17:05:56,459 - WARNING - CropBox missing from /Page, defaulting to MediaBox
2025-05-16 17:05:56,459 - WARNING - CropBox missing from /Page, defaulting to MediaBox
2025-05-16 17:05:56,460 - WARNING - CropBox missing from /Page, defaulting to MediaBox
2025-05-16 17:05:56,460 - WARNING - CropBox missing from /Page, defaulting to MediaBox
2025-05-16 17:05:56,889 - WARNING - CropBox missing from /Page, defaulting to MediaBox
2025-05-16 17:05:56,889 - WARNING - CropBox missing from /Page, defaulting to MediaBox
2025-05-16 17:05:56,890 - WARNING - CropBox missing from /Page, defaulting to MediaBox
2025-05-16 17:05:56,890 - WARNING - CropBox missing from /Page, defaulting to MediaBox
2025-05-16 17:05:56,890 - WARNING - CropBox missing from /Page, defaulting to MediaBox
2025-05-16 17:05:56,890 - WARNING - CropBox missing from /Page, defaulting to MediaBox
2025-05-16 17:05:56,890 - WARNING - CropBox missing from /Page, defaulting to MediaBox
2025-05-16 17:05:56,890 - INFO - Processing lobbyist ID: 035046148964-30
2025-05-16 17:05:57,520 - WARNING - CropBox missing from /Page, defaulting to MediaBox
2025-05-16 17:05:57,562 - WARNING - CropBox missing from /Page, defaulting to MediaBox
2025-05-16 17:05:57,562 - INFO - Processing lobbyist ID: 03506017714-81
2025-05-16 17:05:58,670 - WARNING - CropBox missing from /Page, defaulting to MediaBox
2025-05-16 17:05:58,670 - WARNING - CropBox missing from /Page, defaulting to MediaBox
2025-05-16 17:05:58,795 - WARNING - CropBox missing from /Page, defaulting to MediaBox
2025-05-16 17:05:58,795 - WARNING - CropBox missing from /Page, defaulting to MediaBox
2025-05-16 17:05:58,795 - INFO - Processing lobbyist ID: 035069692213-75
2025-05-16 17:05:59,288 - WARNING - CropBox missing from /Page, defaulting to MediaBox
2025-05-16 17:05:59,307 - WARNING - CropBox missing from /Page, defaulting to MediaBox
2025-05-16 17:05:59,307 - INFO - Processing lobbyist ID: 035163533684-92
2025-05-16 17:06:00,189 - WARNING - CropBox missing from /Page, defaulting to MediaBox
2025-05-16 17:06:00,189 - WARNING - CropBox missing from /Page, defaulting to MediaBox
2025-05-16 17:06:00,291 - WARNING - CropBox missing from /Page, defaulting to MediaBox
2025-05-16 17:06:00,292 - WARNING - CropBox missing from /Page, defaulting to MediaBox
2025-05-16 17:06:00,292 - INFO - Processing lobbyist ID: 03518238467-61
2025-05-16 17:06:01,717 - WARNING - CropBox missing from /Page, defaulting to MediaBox
2025-05-16 17:06:01,719 - WARNING - CropBox missing from /Page, defaulting to MediaBox
2025-05-16 17:06:01,720 - WARNING - CropBox missing from /Page, defaulting to MediaBox
2025-05-16 17:06:01,722 - WARNING - CropBox missing from /Page, defaulting to MediaBox
2025-05-16 17:06:02,021 - WARNING - CropBox missing from /Page, defaulting to MediaBox
2025-05-16 17:06:02,021 - WARNING - CropBox missing from /Page, defaulting to MediaBox
2025-05-16 17:06:02,021 - WARNING - CropBox missing from /Page, defaulting to MediaBox
2025-05-16 17:06:02,021 - WARNING - CropBox missing from /Page, defaulting to MediaBox
2025-05-16 17:06:02,021 - INFO - Processing lobbyist ID: 035251049170-22
2025-05-16 17:06:02,540 - WARNING - CropBox missing from /Page, defaulting to MediaBox
2025-05-16 17:06:02,633 - WARNING - CropBox missing from /Page, defaulting to MediaBox
2025-05-16 17:06:02,633 - INFO - Processing lobbyist ID: 035366013790-68
2025-05-16 17:06:04,138 - WARNING - CropBox missing from /Page, defaulting to MediaBox
2025-05-16 17:06:04,139 - WARNING - CropBox missing from /Page, defaulting to MediaBox
2025-05-16 17:06:04,140 - WARNING - CropBox missing from /Page, defaulting to MediaBox
2025-05-16 17:06:04,140 - WARNING - CropBox missing from /Page, defaulting to MediaBox
2025-05-16 17:06:04,141 - WARNING - CropBox missing from /Page, defaulting to MediaBox
2025-05-16 17:06:04,628 - WARNING - CropBox missing from /Page, defaulting to MediaBox
2025-05-16 17:06:04,628 - WARNING - CropBox missing from /Page, defaulting to MediaBox
2025-05-16 17:06:04,629 - WARNING - CropBox missing from /Page, defaulting to MediaBox
2025-05-16 17:06:04,629 - WARNING - CropBox missing from /Page, defaulting to MediaBox
2025-05-16 17:06:04,629 - WARNING - CropBox missing from /Page, defaulting to MediaBox
2025-05-16 17:06:04,629 - INFO - Processing lobbyist ID: 035399947913-93
2025-05-16 17:06:05,166 - WARNING - CropBox missing from /Page, defaulting to MediaBox
2025-05-16 17:06:05,187 - WARNING - CropBox missing from /Page, defaulting to MediaBox
2025-05-16 17:06:05,187 - INFO - Processing lobbyist ID: 035473310965-62
2025-05-16 17:06:05,786 - WARNING - CropBox missing from /Page, defaulting to MediaBox
2025-05-16 17:06:05,900 - WARNING - CropBox missing from /Page, defaulting to MediaBox
2025-05-16 17:06:05,900 - INFO - Processing lobbyist ID: 03556915643-37
2025-05-16 17:06:06,677 - WARNING - CropBox missing from /Page, defaulting to MediaBox
2025-05-16 17:06:06,762 - WARNING - CropBox missing from /Page, defaulting to MediaBox
2025-05-16 17:06:06,762 - INFO - Processing lobbyist ID: 035696894781-13
2025-05-16 17:06:07,266 - WARNING - CropBox missing from /Page, defaulting to MediaBox
2025-05-16 17:06:07,287 - WARNING - CropBox missing from /Page, defaulting to MediaBox
2025-05-16 17:06:07,288 - INFO - Processing lobbyist ID: 035732994487-33
2025-05-16 17:06:07,783 - WARNING - CropBox missing from /Page, defaulting to MediaBox
2025-05-16 17:06:07,825 - WARNING - CropBox missing from /Page, defaulting to MediaBox
2025-05-16 17:06:07,825 - INFO - Processing lobbyist ID: 035824221276-52
2025-05-16 17:06:08,371 - WARNING - CropBox missing from /Page, defaulting to MediaBox
2025-05-16 17:06:08,409 - WARNING - CropBox missing from /Page, defaulting to MediaBox
2025-05-16 17:06:08,410 - INFO - Processing lobbyist ID: 03589906592-68
2025-05-16 17:06:08,949 - WARNING - CropBox missing from /Page, defaulting to MediaBox
2025-05-16 17:06:09,009 - WARNING - CropBox missing from /Page, defaulting to MediaBox
2025-05-16 17:06:09,009 - INFO - Processing lobbyist ID: 035928846012-90
2025-05-16 17:06:09,567 - WARNING - CropBox missing from /Page, defaulting to MediaBox
2025-05-16 17:06:09,603 - WARNING - CropBox missing from /Page, defaulting to MediaBox
2025-05-16 17:06:09,603 - INFO - Processing lobbyist ID: 035947127270-10
2025-05-16 17:06:10,095 - WARNING - CropBox missing from /Page, defaulting to MediaBox
2025-05-16 17:06:10,176 - WARNING - CropBox missing from /Page, defaulting to MediaBox
2025-05-16 17:06:10,176 - INFO - Processing lobbyist ID: 036035319826-92
2025-05-16 17:06:10,681 - WARNING - CropBox missing from /Page, defaulting to MediaBox
2025-05-16 17:06:10,747 - WARNING - CropBox missing from /Page, defaulting to MediaBox
2025-05-16 17:06:10,747 - INFO - Processing lobbyist ID: 03607212990-30
2025-05-16 17:06:11,414 - WARNING - CropBox missing from /Page, defaulting to MediaBox
2025-05-16 17:06:11,461 - WARNING - CropBox missing from /Page, defaulting to MediaBox
2025-05-16 17:06:11,461 - INFO - Processing lobbyist ID: 036187795127-35
2025-05-16 17:06:12,084 - WARNING - CropBox missing from /Page, defaulting to MediaBox
2025-05-16 17:06:12,125 - WARNING - CropBox missing from /Page, defaulting to MediaBox
2025-05-16 17:06:12,125 - INFO - Processing lobbyist ID: 036202923764-02
2025-05-16 17:06:12,623 - WARNING - CropBox missing from /Page, defaulting to MediaBox
2025-05-16 17:06:12,669 - WARNING - CropBox missing from /Page, defaulting to MediaBox
2025-05-16 17:06:12,670 - INFO - Processing lobbyist ID: 03621475219-87
2025-05-16 17:06:13,231 - WARNING - CropBox missing from /Page, defaulting to MediaBox
2025-05-16 17:06:13,269 - WARNING - CropBox missing from /Page, defaulting to MediaBox
2025-05-16 17:06:13,269 - INFO - Processing lobbyist ID: 03624315145-61
2025-05-16 17:06:13,915 - WARNING - CropBox missing from /Page, defaulting to MediaBox
2025-05-16 17:06:13,955 - WARNING - CropBox missing from /Page, defaulting to MediaBox
2025-05-16 17:06:13,955 - INFO - Processing lobbyist ID: 036288945755-09
2025-05-16 17:06:14,656 - WARNING - CropBox missing from /Page, defaulting to MediaBox
2025-05-16 17:06:14,755 - WARNING - CropBox missing from /Page, defaulting to MediaBox
2025-05-16 17:06:14,755 - INFO - Processing lobbyist ID: 036352248759-66
2025-05-16 17:06:15,259 - WARNING - CropBox missing from /Page, defaulting to MediaBox
2025-05-16 17:06:15,301 - WARNING - CropBox missing from /Page, defaulting to MediaBox
2025-05-16 17:06:15,301 - INFO - Processing lobbyist ID: 036412124178-16
2025-05-16 17:06:15,875 - WARNING - CropBox missing from /Page, defaulting to MediaBox
2025-05-16 17:06:15,929 - WARNING - CropBox missing from /Page, defaulting to MediaBox
2025-05-16 17:06:15,929 - INFO - Processing lobbyist ID: 036471739742-10
2025-05-16 17:06:16,390 - WARNING - CropBox missing from /Page, defaulting to MediaBox
2025-05-16 17:06:16,430 - WARNING - CropBox missing from /Page, defaulting to MediaBox
2025-05-16 17:06:16,431 - INFO - Processing lobbyist ID: 03650336051-80
2025-05-16 17:06:17,001 - WARNING - CropBox missing from /Page, defaulting to MediaBox
2025-05-16 17:06:17,050 - WARNING - CropBox missing from /Page, defaulting to MediaBox
2025-05-16 17:06:17,050 - INFO - Processing lobbyist ID: 036535848972-52
2025-05-16 17:06:17,569 - WARNING - CropBox missing from /Page, defaulting to MediaBox
2025-05-16 17:06:17,590 - WARNING - CropBox missing from /Page, defaulting to MediaBox
2025-05-16 17:06:17,590 - INFO - Processing lobbyist ID: 036560843482-02
2025-05-16 17:06:18,090 - WARNING - CropBox missing from /Page, defaulting to MediaBox
2025-05-16 17:06:18,142 - WARNING - CropBox missing from /Page, defaulting to MediaBox
2025-05-16 17:06:18,143 - INFO - Processing lobbyist ID: 03667978021-69
2025-05-16 17:06:18,823 - WARNING - CropBox missing from /Page, defaulting to MediaBox
2025-05-16 17:06:18,863 - WARNING - CropBox missing from /Page, defaulting to MediaBox
2025-05-16 17:06:18,863 - INFO - Processing lobbyist ID: 036720949324-31
2025-05-16 17:06:19,439 - WARNING - CropBox missing from /Page, defaulting to MediaBox
2025-05-16 17:06:19,462 - WARNING - CropBox missing from /Page, defaulting to MediaBox
2025-05-16 17:06:19,463 - INFO - Processed 600 lobbyists out of 14400. Pausing for 3 seconds to avoid server overload...
2025-05-16 17:06:22,497 - INFO - Processing lobbyist ID: 036747095582-66
2025-05-16 17:06:23,154 - WARNING - CropBox missing from /Page, defaulting to MediaBox
2025-05-16 17:06:23,177 - WARNING - CropBox missing from /Page, defaulting to MediaBox
2025-05-16 17:06:23,177 - INFO - Processing lobbyist ID: 036764449246-72
2025-05-16 17:06:23,749 - WARNING - CropBox missing from /Page, defaulting to MediaBox
2025-05-16 17:06:23,770 - WARNING - CropBox missing from /Page, defaulting to MediaBox
2025-05-16 17:06:23,770 - INFO - Processing lobbyist ID: 036797028882-67
2025-05-16 17:06:24,324 - WARNING - CropBox missing from /Page, defaulting to MediaBox
2025-05-16 17:06:24,357 - WARNING - CropBox missing from /Page, defaulting to MediaBox
2025-05-16 17:06:24,357 - INFO - Processing lobbyist ID: 036866245389-48
2025-05-16 17:06:24,857 - WARNING - CropBox missing from /Page, defaulting to MediaBox
2025-05-16 17:06:24,884 - WARNING - CropBox missing from /Page, defaulting to MediaBox
2025-05-16 17:06:24,884 - INFO - Processing lobbyist ID: 036894947218-28
2025-05-16 17:06:25,415 - WARNING - CropBox missing from /Page, defaulting to MediaBox
2025-05-16 17:06:25,436 - WARNING - CropBox missing from /Page, defaulting to MediaBox
2025-05-16 17:06:25,436 - INFO - Processing lobbyist ID: 036915715533-64
2025-05-16 17:06:26,771 - WARNING - CropBox missing from /Page, defaulting to MediaBox
2025-05-16 17:06:26,771 - WARNING - CropBox missing from /Page, defaulting to MediaBox
2025-05-16 17:06:26,772 - WARNING - CropBox missing from /Page, defaulting to MediaBox
2025-05-16 17:06:26,964 - WARNING - CropBox missing from /Page, defaulting to MediaBox
2025-05-16 17:06:26,964 - WARNING - CropBox missing from /Page, defaulting to MediaBox
2025-05-16 17:06:26,965 - WARNING - CropBox missing from /Page, defaulting to MediaBox
2025-05-16 17:06:26,965 - INFO - Processing lobbyist ID: 036924995038-15
2025-05-16 17:06:27,558 - WARNING - CropBox missing from /Page, defaulting to MediaBox
2025-05-16 17:06:27,582 - WARNING - CropBox missing from /Page, defaulting to MediaBox
2025-05-16 17:06:27,582 - INFO - Processing lobbyist ID: 03717581957-02
2025-05-16 17:06:28,424 - WARNING - CropBox missing from /Page, defaulting to MediaBox
2025-05-16 17:06:28,475 - WARNING - CropBox missing from /Page, defaulting to MediaBox
2025-05-16 17:06:28,475 - INFO - Processing lobbyist ID: 037255493667-73
2025-05-16 17:06:28,977 - WARNING - CropBox missing from /Page, defaulting to MediaBox
2025-05-16 17:06:28,997 - WARNING - CropBox missing from /Page, defaulting to MediaBox
2025-05-16 17:06:28,998 - INFO - Processing lobbyist ID: 037401796003-96
2025-05-16 17:06:29,500 - WARNING - CropBox missing from /Page, defaulting to MediaBox
2025-05-16 17:06:29,522 - WARNING - CropBox missing from /Page, defaulting to MediaBox
2025-05-16 17:06:29,522 - INFO - Processing lobbyist ID: 037475594647-08
2025-05-16 17:06:30,108 - WARNING - CropBox missing from /Page, defaulting to MediaBox
2025-05-16 17:06:30,126 - WARNING - CropBox missing from /Page, defaulting to MediaBox
2025-05-16 17:06:30,126 - INFO - Processing lobbyist ID: 037623530780-36
2025-05-16 17:06:30,699 - WARNING - CropBox missing from /Page, defaulting to MediaBox
2025-05-16 17:06:30,737 - WARNING - CropBox missing from /Page, defaulting to MediaBox
2025-05-16 17:06:30,738 - INFO - Processing lobbyist ID: 037629197756-55
2025-05-16 17:06:31,329 - WARNING - CropBox missing from /Page, defaulting to MediaBox
2025-05-16 17:06:31,350 - WARNING - CropBox missing from /Page, defaulting to MediaBox
2025-05-16 17:06:31,350 - INFO - Processing lobbyist ID: 037833727533-45
2025-05-16 17:06:32,094 - WARNING - CropBox missing from /Page, defaulting to MediaBox
2025-05-16 17:06:32,096 - WARNING - CropBox missing from /Page, defaulting to MediaBox
2025-05-16 17:06:32,184 - WARNING - CropBox missing from /Page, defaulting to MediaBox
2025-05-16 17:06:32,184 - WARNING - CropBox missing from /Page, defaulting to MediaBox
2025-05-16 17:06:32,184 - INFO - Processing lobbyist ID: 037842850791-58
2025-05-16 17:06:32,711 - WARNING - CropBox missing from /Page, defaulting to MediaBox
2025-05-16 17:06:32,733 - WARNING - CropBox missing from /Page, defaulting to MediaBox
2025-05-16 17:06:32,733 - INFO - Processing lobbyist ID: 037866252521-79
2025-05-16 17:06:33,211 - WARNING - CropBox missing from /Page, defaulting to MediaBox
2025-05-16 17:06:33,232 - WARNING - CropBox missing from /Page, defaulting to MediaBox
2025-05-16 17:06:33,232 - INFO - Processing lobbyist ID: 038000452666-86
2025-05-16 17:06:33,778 - WARNING - CropBox missing from /Page, defaulting to MediaBox
2025-05-16 17:06:33,795 - WARNING - CropBox missing from /Page, defaulting to MediaBox
2025-05-16 17:06:33,795 - INFO - Processing lobbyist ID: 038014348035-13
2025-05-16 17:06:34,549 - WARNING - CropBox missing from /Page, defaulting to MediaBox
2025-05-16 17:06:34,588 - WARNING - CropBox missing from /Page, defaulting to MediaBox
2025-05-16 17:06:34,588 - INFO - Processing lobbyist ID: 038015438336-80
2025-05-16 17:06:35,112 - WARNING - CropBox missing from /Page, defaulting to MediaBox
2025-05-16 17:06:35,129 - WARNING - CropBox missing from /Page, defaulting to MediaBox
2025-05-16 17:06:35,129 - INFO - Processing lobbyist ID: 03804222429-10
2025-05-16 17:06:35,767 - WARNING - CropBox missing from /Page, defaulting to MediaBox
2025-05-16 17:06:35,808 - WARNING - CropBox missing from /Page, defaulting to MediaBox
2025-05-16 17:06:35,808 - INFO - Processing lobbyist ID: 038174195603-78
2025-05-16 17:06:36,309 - WARNING - CropBox missing from /Page, defaulting to MediaBox
2025-05-16 17:06:36,327 - WARNING - CropBox missing from /Page, defaulting to MediaBox
2025-05-16 17:06:36,327 - INFO - Processing lobbyist ID: 038414027932-81
2025-05-16 17:06:36,812 - WARNING - CropBox missing from /Page, defaulting to MediaBox
2025-05-16 17:06:36,830 - WARNING - CropBox missing from /Page, defaulting to MediaBox
2025-05-16 17:06:36,830 - INFO - Processing lobbyist ID: 038450740479-58
2025-05-16 17:06:37,364 - WARNING - CropBox missing from /Page, defaulting to MediaBox
2025-05-16 17:06:37,384 - WARNING - CropBox missing from /Page, defaulting to MediaBox
2025-05-16 17:06:37,385 - INFO - Processing lobbyist ID: 038463951392-47
2025-05-16 17:06:37,923 - WARNING - CropBox missing from /Page, defaulting to MediaBox
2025-05-16 17:06:37,949 - WARNING - CropBox missing from /Page, defaulting to MediaBox
2025-05-16 17:06:37,949 - INFO - Processing lobbyist ID: 038826514581-56
2025-05-16 17:06:38,613 - WARNING - CropBox missing from /Page, defaulting to MediaBox
2025-05-16 17:06:38,659 - WARNING - CropBox missing from /Page, defaulting to MediaBox
2025-05-16 17:06:38,659 - INFO - Processing lobbyist ID: 03883572935-58
2025-05-16 17:06:39,213 - WARNING - CropBox missing from /Page, defaulting to MediaBox
2025-05-16 17:06:39,238 - WARNING - CropBox missing from /Page, defaulting to MediaBox
2025-05-16 17:06:39,238 - INFO - Processing lobbyist ID: 038897122125-11
2025-05-16 17:06:39,751 - WARNING - CropBox missing from /Page, defaulting to MediaBox
2025-05-16 17:06:39,770 - WARNING - CropBox missing from /Page, defaulting to MediaBox
2025-05-16 17:06:39,770 - INFO - Processing lobbyist ID: 038973723722-13
2025-05-16 17:06:40,335 - WARNING - CropBox missing from /Page, defaulting to MediaBox
2025-05-16 17:06:40,354 - WARNING - CropBox missing from /Page, defaulting to MediaBox
2025-05-16 17:06:40,354 - INFO - Processing lobbyist ID: 039035634128-95
2025-05-16 17:06:40,906 - WARNING - CropBox missing from /Page, defaulting to MediaBox
2025-05-16 17:06:40,925 - WARNING - CropBox missing from /Page, defaulting to MediaBox
2025-05-16 17:06:40,925 - INFO - Processing lobbyist ID: 03904371831-43
2025-05-16 17:06:41,506 - WARNING - CropBox missing from /Page, defaulting to MediaBox
2025-05-16 17:06:41,524 - WARNING - CropBox missing from /Page, defaulting to MediaBox
2025-05-16 17:06:41,524 - INFO - Processing lobbyist ID: 039049138497-12
2025-05-16 17:06:42,032 - WARNING - CropBox missing from /Page, defaulting to MediaBox
2025-05-16 17:06:42,049 - WARNING - CropBox missing from /Page, defaulting to MediaBox
2025-05-16 17:06:42,049 - INFO - Processing lobbyist ID: 039082996333-56
2025-05-16 17:06:42,538 - WARNING - CropBox missing from /Page, defaulting to MediaBox
2025-05-16 17:06:42,556 - WARNING - CropBox missing from /Page, defaulting to MediaBox
2025-05-16 17:06:42,556 - INFO - Processing lobbyist ID: 039253919302-37
2025-05-16 17:06:43,150 - WARNING - CropBox missing from /Page, defaulting to MediaBox
2025-05-16 17:06:43,165 - WARNING - CropBox missing from /Page, defaulting to MediaBox
2025-05-16 17:06:43,166 - INFO - Processing lobbyist ID: 039359052352-68
2025-05-16 17:06:43,660 - WARNING - CropBox missing from /Page, defaulting to MediaBox
2025-05-16 17:06:43,682 - WARNING - CropBox missing from /Page, defaulting to MediaBox
2025-05-16 17:06:43,682 - INFO - Processing lobbyist ID: 039441147902-02
2025-05-16 17:06:44,264 - WARNING - CropBox missing from /Page, defaulting to MediaBox
2025-05-16 17:06:44,300 - WARNING - CropBox missing from /Page, defaulting to MediaBox
2025-05-16 17:06:44,300 - INFO - Processing lobbyist ID: 039471744565-83
2025-05-16 17:06:44,773 - WARNING - CropBox missing from /Page, defaulting to MediaBox
2025-05-16 17:06:44,790 - WARNING - CropBox missing from /Page, defaulting to MediaBox
2025-05-16 17:06:44,790 - INFO - Processing lobbyist ID: 039496128321-93
2025-05-16 17:06:45,311 - WARNING - CropBox missing from /Page, defaulting to MediaBox
2025-05-16 17:06:45,333 - WARNING - CropBox missing from /Page, defaulting to MediaBox
2025-05-16 17:06:45,334 - INFO - Processing lobbyist ID: 03960197927-62
2025-05-16 17:06:46,294 - WARNING - CropBox missing from /Page, defaulting to MediaBox
2025-05-16 17:06:46,295 - WARNING - CropBox missing from /Page, defaulting to MediaBox
2025-05-16 17:06:46,438 - WARNING - CropBox missing from /Page, defaulting to MediaBox
2025-05-16 17:06:46,439 - WARNING - CropBox missing from /Page, defaulting to MediaBox
2025-05-16 17:06:46,439 - INFO - Processing lobbyist ID: 039823197831-37
2025-05-16 17:06:46,919 - WARNING - CropBox missing from /Page, defaulting to MediaBox
2025-05-16 17:06:46,938 - WARNING - CropBox missing from /Page, defaulting to MediaBox
2025-05-16 17:06:46,939 - INFO - Processing lobbyist ID: 039914146801-70
2025-05-16 17:06:47,491 - WARNING - CropBox missing from /Page, defaulting to MediaBox
2025-05-16 17:06:47,513 - WARNING - CropBox missing from /Page, defaulting to MediaBox
2025-05-16 17:06:47,514 - INFO - Processing lobbyist ID: 039988150211-35
2025-05-16 17:06:48,016 - WARNING - CropBox missing from /Page, defaulting to MediaBox
2025-05-16 17:06:48,043 - WARNING - CropBox missing from /Page, defaulting to MediaBox
2025-05-16 17:06:48,043 - INFO - Processing lobbyist ID: 03999415319-19
2025-05-16 17:06:48,600 - WARNING - CropBox missing from /Page, defaulting to MediaBox
2025-05-16 17:06:48,627 - WARNING - CropBox missing from /Page, defaulting to MediaBox
2025-05-16 17:06:48,627 - INFO - Processing lobbyist ID: 040012095915-06
2025-05-16 17:06:49,148 - WARNING - CropBox missing from /Page, defaulting to MediaBox
2025-05-16 17:06:49,169 - WARNING - CropBox missing from /Page, defaulting to MediaBox
2025-05-16 17:06:49,169 - INFO - Processing lobbyist ID: 040059692433-66
2025-05-16 17:06:49,852 - WARNING - CropBox missing from /Page, defaulting to MediaBox
2025-05-16 17:06:49,873 - WARNING - CropBox missing from /Page, defaulting to MediaBox
2025-05-16 17:06:49,873 - INFO - Processing lobbyist ID: 040138850420-07
2025-05-16 17:06:50,359 - WARNING - CropBox missing from /Page, defaulting to MediaBox
2025-05-16 17:06:50,385 - WARNING - CropBox missing from /Page, defaulting to MediaBox
2025-05-16 17:06:50,385 - INFO - Processing lobbyist ID: 040236247699-68
2025-05-16 17:06:50,868 - WARNING - CropBox missing from /Page, defaulting to MediaBox
2025-05-16 17:06:50,897 - WARNING - CropBox missing from /Page, defaulting to MediaBox
2025-05-16 17:06:50,897 - INFO - Processing lobbyist ID: 040237630357-81
2025-05-16 17:06:51,396 - WARNING - CropBox missing from /Page, defaulting to MediaBox
2025-05-16 17:06:51,419 - WARNING - CropBox missing from /Page, defaulting to MediaBox
2025-05-16 17:06:51,420 - INFO - Processing lobbyist ID: 040258398397-92
2025-05-16 17:06:51,894 - WARNING - CropBox missing from /Page, defaulting to MediaBox
2025-05-16 17:06:51,916 - WARNING - CropBox missing from /Page, defaulting to MediaBox
2025-05-16 17:06:51,916 - INFO - Processing lobbyist ID: 040608651605-09
2025-05-16 17:06:52,550 - WARNING - CropBox missing from /Page, defaulting to MediaBox
2025-05-16 17:06:52,566 - WARNING - CropBox missing from /Page, defaulting to MediaBox
2025-05-16 17:06:52,567 - INFO - Processing lobbyist ID: 040694592988-79
2025-05-16 17:06:53,160 - WARNING - CropBox missing from /Page, defaulting to MediaBox
2025-05-16 17:06:53,178 - WARNING - CropBox missing from /Page, defaulting to MediaBox
2025-05-16 17:06:53,178 - INFO - Processing lobbyist ID: 040739718653-81
2025-05-16 17:06:53,682 - WARNING - CropBox missing from /Page, defaulting to MediaBox
2025-05-16 17:06:53,704 - WARNING - CropBox missing from /Page, defaulting to MediaBox
2025-05-16 17:06:53,704 - INFO - Processing lobbyist ID: 04077716126-17
2025-05-16 17:06:54,312 - WARNING - CropBox missing from /Page, defaulting to MediaBox
2025-05-16 17:06:54,373 - WARNING - CropBox missing from /Page, defaulting to MediaBox
2025-05-16 17:06:54,373 - INFO - Processing lobbyist ID: 040931850622-05
2025-05-16 17:06:54,994 - WARNING - CropBox missing from /Page, defaulting to MediaBox
2025-05-16 17:06:55,037 - WARNING - CropBox missing from /Page, defaulting to MediaBox
2025-05-16 17:06:55,037 - INFO - Processing lobbyist ID: 040986352875-47
2025-05-16 17:06:55,556 - WARNING - CropBox missing from /Page, defaulting to MediaBox
2025-05-16 17:06:55,576 - WARNING - CropBox missing from /Page, defaulting to MediaBox
2025-05-16 17:06:55,576 - INFO - Processing lobbyist ID: 041077193145-51
2025-05-16 17:06:56,083 - WARNING - CropBox missing from /Page, defaulting to MediaBox
2025-05-16 17:06:56,101 - WARNING - CropBox missing from /Page, defaulting to MediaBox
2025-05-16 17:06:56,101 - INFO - Processing lobbyist ID: 041104092664-44
2025-05-16 17:06:56,617 - WARNING - CropBox missing from /Page, defaulting to MediaBox
2025-05-16 17:06:56,636 - WARNING - CropBox missing from /Page, defaulting to MediaBox
2025-05-16 17:06:56,636 - INFO - Processing lobbyist ID: 041223051696-15
2025-05-16 17:06:57,108 - WARNING - CropBox missing from /Page, defaulting to MediaBox
2025-05-16 17:06:57,125 - WARNING - CropBox missing from /Page, defaulting to MediaBox
2025-05-16 17:06:57,125 - INFO - Processing lobbyist ID: 041275297157-02
2025-05-16 17:06:57,622 - WARNING - CropBox missing from /Page, defaulting to MediaBox
2025-05-16 17:06:57,648 - WARNING - CropBox missing from /Page, defaulting to MediaBox
2025-05-16 17:06:57,649 - INFO - Processing lobbyist ID: 041311320851-72
2025-05-16 17:06:58,171 - WARNING - CropBox missing from /Page, defaulting to MediaBox
2025-05-16 17:06:58,198 - WARNING - CropBox missing from /Page, defaulting to MediaBox
2025-05-16 17:06:58,198 - INFO - Processing lobbyist ID: 04134171823-87
2025-05-16 17:06:59,614 - WARNING - CropBox missing from /Page, defaulting to MediaBox
2025-05-16 17:06:59,615 - WARNING - CropBox missing from /Page, defaulting to MediaBox
2025-05-16 17:06:59,616 - WARNING - CropBox missing from /Page, defaulting to MediaBox
2025-05-16 17:06:59,808 - WARNING - CropBox missing from /Page, defaulting to MediaBox
2025-05-16 17:06:59,809 - WARNING - CropBox missing from /Page, defaulting to MediaBox
2025-05-16 17:06:59,809 - WARNING - CropBox missing from /Page, defaulting to MediaBox
2025-05-16 17:06:59,809 - INFO - Processing lobbyist ID: 041401945300-90
2025-05-16 17:07:00,399 - WARNING - CropBox missing from /Page, defaulting to MediaBox
2025-05-16 17:07:00,416 - WARNING - CropBox missing from /Page, defaulting to MediaBox
2025-05-16 17:07:00,417 - INFO - Processing lobbyist ID: 041415315167-65
2025-05-16 17:07:01,430 - WARNING - CropBox missing from /Page, defaulting to MediaBox
2025-05-16 17:07:01,431 - WARNING - CropBox missing from /Page, defaulting to MediaBox
2025-05-16 17:07:01,432 - WARNING - CropBox missing from /Page, defaulting to MediaBox
2025-05-16 17:07:01,661 - WARNING - CropBox missing from /Page, defaulting to MediaBox
2025-05-16 17:07:01,661 - WARNING - CropBox missing from /Page, defaulting to MediaBox
2025-05-16 17:07:01,662 - WARNING - CropBox missing from /Page, defaulting to MediaBox
2025-05-16 17:07:01,662 - INFO - Processing lobbyist ID: 041419818289-32
2025-05-16 17:07:02,456 - WARNING - CropBox missing from /Page, defaulting to MediaBox
2025-05-16 17:07:02,484 - WARNING - CropBox missing from /Page, defaulting to MediaBox
2025-05-16 17:07:02,484 - INFO - Processing lobbyist ID: 041495920038-44
2025-05-16 17:07:03,234 - WARNING - CropBox missing from /Page, defaulting to MediaBox
2025-05-16 17:07:03,293 - WARNING - CropBox missing from /Page, defaulting to MediaBox
2025-05-16 17:07:03,293 - INFO - Processing lobbyist ID: 041507892312-03
2025-05-16 17:07:03,779 - WARNING - CropBox missing from /Page, defaulting to MediaBox
2025-05-16 17:07:03,797 - WARNING - CropBox missing from /Page, defaulting to MediaBox
2025-05-16 17:07:03,798 - INFO - Processing lobbyist ID: 041768552446-05
2025-05-16 17:07:04,517 - WARNING - CropBox missing from /Page, defaulting to MediaBox
2025-05-16 17:07:04,549 - WARNING - CropBox missing from /Page, defaulting to MediaBox
2025-05-16 17:07:04,549 - INFO - Processing lobbyist ID: 041898210470-66
2025-05-16 17:07:05,251 - WARNING - CropBox missing from /Page, defaulting to MediaBox
2025-05-16 17:07:05,305 - WARNING - CropBox missing from /Page, defaulting to MediaBox
2025-05-16 17:07:05,306 - INFO - Processing lobbyist ID: 041997692082-60
2025-05-16 17:07:05,787 - WARNING - CropBox missing from /Page, defaulting to MediaBox
2025-05-16 17:07:05,804 - WARNING - CropBox missing from /Page, defaulting to MediaBox
2025-05-16 17:07:05,805 - INFO - Processing lobbyist ID: 04201463642-88
2025-05-16 17:07:07,074 - WARNING - CropBox missing from /Page, defaulting to MediaBox
2025-05-16 17:07:07,075 - WARNING - CropBox missing from /Page, defaulting to MediaBox
2025-05-16 17:07:07,075 - WARNING - CropBox missing from /Page, defaulting to MediaBox
2025-05-16 17:07:07,076 - WARNING - CropBox missing from /Page, defaulting to MediaBox
2025-05-16 17:07:07,319 - WARNING - CropBox missing from /Page, defaulting to MediaBox
2025-05-16 17:07:07,319 - WARNING - CropBox missing from /Page, defaulting to MediaBox
2025-05-16 17:07:07,319 - WARNING - CropBox missing from /Page, defaulting to MediaBox
2025-05-16 17:07:07,320 - WARNING - CropBox missing from /Page, defaulting to MediaBox
2025-05-16 17:07:07,320 - INFO - Processing lobbyist ID: 042032050306-35
2025-05-16 17:07:07,892 - WARNING - CropBox missing from /Page, defaulting to MediaBox
2025-05-16 17:07:07,940 - WARNING - CropBox missing from /Page, defaulting to MediaBox
2025-05-16 17:07:07,940 - INFO - Processing lobbyist ID: 042041395371-67
2025-05-16 17:07:08,435 - WARNING - CropBox missing from /Page, defaulting to MediaBox
2025-05-16 17:07:08,463 - WARNING - CropBox missing from /Page, defaulting to MediaBox
2025-05-16 17:07:08,463 - INFO - Processing lobbyist ID: 042053818845-45
2025-05-16 17:07:08,995 - WARNING - CropBox missing from /Page, defaulting to MediaBox
2025-05-16 17:07:09,040 - WARNING - CropBox missing from /Page, defaulting to MediaBox
2025-05-16 17:07:09,041 - INFO - Processing lobbyist ID: 042083647420-89
2025-05-16 17:07:09,517 - WARNING - CropBox missing from /Page, defaulting to MediaBox
2025-05-16 17:07:09,544 - WARNING - CropBox missing from /Page, defaulting to MediaBox
2025-05-16 17:07:09,545 - INFO - Processing lobbyist ID: 042320127973-55
2025-05-16 17:07:10,175 - WARNING - CropBox missing from /Page, defaulting to MediaBox
2025-05-16 17:07:10,193 - WARNING - CropBox missing from /Page, defaulting to MediaBox
2025-05-16 17:07:10,193 - INFO - Processing lobbyist ID: 042360093680-24
2025-05-16 17:07:10,727 - WARNING - CropBox missing from /Page, defaulting to MediaBox
2025-05-16 17:07:10,745 - WARNING - CropBox missing from /Page, defaulting to MediaBox
2025-05-16 17:07:10,746 - INFO - Processing lobbyist ID: 042383714852-64
2025-05-16 17:07:11,692 - WARNING - CropBox missing from /Page, defaulting to MediaBox
2025-05-16 17:07:11,693 - WARNING - CropBox missing from /Page, defaulting to MediaBox
2025-05-16 17:07:11,785 - WARNING - CropBox missing from /Page, defaulting to MediaBox
2025-05-16 17:07:11,785 - WARNING - CropBox missing from /Page, defaulting to MediaBox
2025-05-16 17:07:11,785 - INFO - Processing lobbyist ID: 042446620747-25
2025-05-16 17:07:12,383 - WARNING - CropBox missing from /Page, defaulting to MediaBox
2025-05-16 17:07:12,405 - WARNING - CropBox missing from /Page, defaulting to MediaBox
2025-05-16 17:07:12,405 - INFO - Processing lobbyist ID: 042482931898-44
2025-05-16 17:07:13,044 - WARNING - CropBox missing from /Page, defaulting to MediaBox
2025-05-16 17:07:13,061 - WARNING - CropBox missing from /Page, defaulting to MediaBox
2025-05-16 17:07:13,061 - INFO - Processing lobbyist ID: 042567451234-91
2025-05-16 17:07:13,555 - WARNING - CropBox missing from /Page, defaulting to MediaBox
2025-05-16 17:07:13,579 - WARNING - CropBox missing from /Page, defaulting to MediaBox
2025-05-16 17:07:13,579 - INFO - Processing lobbyist ID: 042669691510-71
2025-05-16 17:07:14,084 - WARNING - CropBox missing from /Page, defaulting to MediaBox
2025-05-16 17:07:14,101 - WARNING - CropBox missing from /Page, defaulting to MediaBox
2025-05-16 17:07:14,101 - INFO - Processing lobbyist ID: 04268127542-74
2025-05-16 17:07:14,860 - WARNING - CropBox missing from /Page, defaulting to MediaBox
2025-05-16 17:07:14,861 - WARNING - CropBox missing from /Page, defaulting to MediaBox
2025-05-16 17:07:14,928 - WARNING - CropBox missing from /Page, defaulting to MediaBox
2025-05-16 17:07:14,928 - WARNING - CropBox missing from /Page, defaulting to MediaBox
2025-05-16 17:07:14,929 - INFO - Processing lobbyist ID: 042792744337-62
2025-05-16 17:07:15,473 - WARNING - CropBox missing from /Page, defaulting to MediaBox
2025-05-16 17:07:15,495 - WARNING - CropBox missing from /Page, defaulting to MediaBox
2025-05-16 17:07:15,495 - INFO - Processing lobbyist ID: 042817647831-41
2025-05-16 17:07:15,990 - WARNING - CropBox missing from /Page, defaulting to MediaBox
2025-05-16 17:07:16,016 - WARNING - CropBox missing from /Page, defaulting to MediaBox
2025-05-16 17:07:16,016 - INFO - Processing lobbyist ID: 042823394389-80
2025-05-16 17:07:16,508 - WARNING - CropBox missing from /Page, defaulting to MediaBox
2025-05-16 17:07:16,532 - WARNING - CropBox missing from /Page, defaulting to MediaBox
2025-05-16 17:07:16,533 - INFO - Processing lobbyist ID: 042845051910-44
2025-05-16 17:07:17,047 - WARNING - CropBox missing from /Page, defaulting to MediaBox
2025-05-16 17:07:17,065 - WARNING - CropBox missing from /Page, defaulting to MediaBox
2025-05-16 17:07:17,065 - INFO - Processing lobbyist ID: 042849916153-53
2025-05-16 17:07:17,635 - WARNING - CropBox missing from /Page, defaulting to MediaBox
2025-05-16 17:07:17,671 - WARNING - CropBox missing from /Page, defaulting to MediaBox
2025-05-16 17:07:17,672 - INFO - Processing lobbyist ID: 04294287173-30
2025-05-16 17:07:18,223 - WARNING - CropBox missing from /Page, defaulting to MediaBox
2025-05-16 17:07:18,257 - WARNING - CropBox missing from /Page, defaulting to MediaBox
2025-05-16 17:07:18,258 - INFO - Processing lobbyist ID: 042947195204-65
2025-05-16 17:07:18,793 - WARNING - CropBox missing from /Page, defaulting to MediaBox
2025-05-16 17:07:18,809 - WARNING - CropBox missing from /Page, defaulting to MediaBox
2025-05-16 17:07:18,810 - INFO - Processing lobbyist ID: 042969910219-77
2025-05-16 17:07:19,475 - WARNING - CropBox missing from /Page, defaulting to MediaBox
2025-05-16 17:07:19,494 - WARNING - CropBox missing from /Page, defaulting to MediaBox
2025-05-16 17:07:19,494 - INFO - Processing lobbyist ID: 042995623695-38
2025-05-16 17:07:20,029 - WARNING - CropBox missing from /Page, defaulting to MediaBox
2025-05-16 17:07:20,047 - WARNING - CropBox missing from /Page, defaulting to MediaBox
2025-05-16 17:07:20,048 - INFO - Processing lobbyist ID: 043063314596-74
2025-05-16 17:07:20,598 - WARNING - CropBox missing from /Page, defaulting to MediaBox
2025-05-16 17:07:20,618 - WARNING - CropBox missing from /Page, defaulting to MediaBox
2025-05-16 17:07:20,618 - INFO - Processing lobbyist ID: 04308792739-83
2025-05-16 17:07:21,088 - WARNING - CropBox missing from /Page, defaulting to MediaBox
2025-05-16 17:07:21,112 - WARNING - CropBox missing from /Page, defaulting to MediaBox
2025-05-16 17:07:21,112 - INFO - Processing lobbyist ID: 043135141718-61
2025-05-16 17:07:21,640 - WARNING - CropBox missing from /Page, defaulting to MediaBox
2025-05-16 17:07:21,670 - WARNING - CropBox missing from /Page, defaulting to MediaBox
2025-05-16 17:07:21,670 - INFO - Processing lobbyist ID: 043312644954-10
2025-05-16 17:07:22,290 - WARNING - CropBox missing from /Page, defaulting to MediaBox
2025-05-16 17:07:22,350 - WARNING - CropBox missing from /Page, defaulting to MediaBox
2025-05-16 17:07:22,350 - INFO - Processing lobbyist ID: 043446618888-27
2025-05-16 17:07:22,915 - WARNING - CropBox missing from /Page, defaulting to MediaBox
2025-05-16 17:07:22,950 - WARNING - CropBox missing from /Page, defaulting to MediaBox
2025-05-16 17:07:22,950 - INFO - Processing lobbyist ID: 043477949075-66
2025-05-16 17:07:23,437 - WARNING - CropBox missing from /Page, defaulting to MediaBox
2025-05-16 17:07:23,454 - WARNING - CropBox missing from /Page, defaulting to MediaBox
2025-05-16 17:07:23,454 - INFO - Processing lobbyist ID: 043518118736-36
2025-05-16 17:07:24,116 - WARNING - CropBox missing from /Page, defaulting to MediaBox
2025-05-16 17:07:24,162 - WARNING - CropBox missing from /Page, defaulting to MediaBox
2025-05-16 17:07:24,162 - INFO - Processing lobbyist ID: 043746118747-53
2025-05-16 17:07:24,700 - WARNING - CropBox missing from /Page, defaulting to MediaBox
2025-05-16 17:07:24,725 - WARNING - CropBox missing from /Page, defaulting to MediaBox
2025-05-16 17:07:24,725 - INFO - Processing lobbyist ID: 043760293792-48
2025-05-16 17:07:25,277 - WARNING - CropBox missing from /Page, defaulting to MediaBox
2025-05-16 17:07:25,317 - WARNING - CropBox missing from /Page, defaulting to MediaBox
2025-05-16 17:07:25,317 - INFO - Processing lobbyist ID: 043942252093-45
2025-05-16 17:07:25,821 - WARNING - CropBox missing from /Page, defaulting to MediaBox
2025-05-16 17:07:25,851 - WARNING - CropBox missing from /Page, defaulting to MediaBox
2025-05-16 17:07:25,852 - INFO - Processed 700 lobbyists out of 14400. Pausing for 3 seconds to avoid server overload...
2025-05-16 17:07:28,879 - INFO - Processing lobbyist ID: 044009448280-04
2025-05-16 17:07:29,559 - WARNING - CropBox missing from /Page, defaulting to MediaBox
2025-05-16 17:07:29,608 - WARNING - CropBox missing from /Page, defaulting to MediaBox
2025-05-16 17:07:29,608 - INFO - Processing lobbyist ID: 044078950349-49
2025-05-16 17:07:30,267 - WARNING - CropBox missing from /Page, defaulting to MediaBox
2025-05-16 17:07:30,296 - WARNING - CropBox missing from /Page, defaulting to MediaBox
2025-05-16 17:07:30,296 - INFO - Processing lobbyist ID: 044091037516-81
2025-05-16 17:07:30,882 - WARNING - CropBox missing from /Page, defaulting to MediaBox
2025-05-16 17:07:30,969 - WARNING - CropBox missing from /Page, defaulting to MediaBox
2025-05-16 17:07:30,969 - INFO - Processing lobbyist ID: 044282842164-11
2025-05-16 17:07:31,532 - WARNING - CropBox missing from /Page, defaulting to MediaBox
2025-05-16 17:07:31,599 - WARNING - CropBox missing from /Page, defaulting to MediaBox
2025-05-16 17:07:31,599 - INFO - Processing lobbyist ID: 04437556781-76
2025-05-16 17:07:32,155 - WARNING - CropBox missing from /Page, defaulting to MediaBox
2025-05-16 17:07:32,222 - WARNING - CropBox missing from /Page, defaulting to MediaBox
2025-05-16 17:07:32,222 - INFO - Processing lobbyist ID: 04450539336-52
2025-05-16 17:07:32,762 - WARNING - CropBox missing from /Page, defaulting to MediaBox
2025-05-16 17:07:32,799 - WARNING - CropBox missing from /Page, defaulting to MediaBox
2025-05-16 17:07:32,799 - INFO - Processing lobbyist ID: 04458109373-91
2025-05-16 17:07:34,549 - WARNING - CropBox missing from /Page, defaulting to MediaBox
2025-05-16 17:07:34,550 - WARNING - CropBox missing from /Page, defaulting to MediaBox
2025-05-16 17:07:34,551 - WARNING - CropBox missing from /Page, defaulting to MediaBox
2025-05-16 17:07:34,552 - WARNING - CropBox missing from /Page, defaulting to MediaBox
2025-05-16 17:07:34,553 - WARNING - CropBox missing from /Page, defaulting to MediaBox
2025-05-16 17:07:34,553 - WARNING - CropBox missing from /Page, defaulting to MediaBox
2025-05-16 17:07:34,554 - WARNING - CropBox missing from /Page, defaulting to MediaBox
2025-05-16 17:07:35,289 - WARNING - CropBox missing from /Page, defaulting to MediaBox
2025-05-16 17:07:35,289 - WARNING - CropBox missing from /Page, defaulting to MediaBox
2025-05-16 17:07:35,289 - WARNING - CropBox missing from /Page, defaulting to MediaBox
2025-05-16 17:07:35,289 - WARNING - CropBox missing from /Page, defaulting to MediaBox
2025-05-16 17:07:35,289 - WARNING - CropBox missing from /Page, defaulting to MediaBox
2025-05-16 17:07:35,289 - WARNING - CropBox missing from /Page, defaulting to MediaBox
2025-05-16 17:07:35,290 - WARNING - CropBox missing from /Page, defaulting to MediaBox
2025-05-16 17:07:35,290 - INFO - Processing lobbyist ID: 044610593756-94
2025-05-16 17:07:35,809 - WARNING - CropBox missing from /Page, defaulting to MediaBox
2025-05-16 17:07:35,830 - WARNING - CropBox missing from /Page, defaulting to MediaBox
2025-05-16 17:07:35,830 - INFO - Processing lobbyist ID: 044629893282-49
2025-05-16 17:07:36,445 - WARNING - CropBox missing from /Page, defaulting to MediaBox
2025-05-16 17:07:36,500 - WARNING - CropBox missing from /Page, defaulting to MediaBox
2025-05-16 17:07:36,500 - INFO - Processing lobbyist ID: 044645932516-38
2025-05-16 17:07:36,997 - WARNING - CropBox missing from /Page, defaulting to MediaBox
2025-05-16 17:07:37,017 - WARNING - CropBox missing from /Page, defaulting to MediaBox
2025-05-16 17:07:37,017 - INFO - Processing lobbyist ID: 044763295827-08
2025-05-16 17:07:37,571 - WARNING - CropBox missing from /Page, defaulting to MediaBox
2025-05-16 17:07:37,589 - WARNING - CropBox missing from /Page, defaulting to MediaBox
2025-05-16 17:07:37,589 - INFO - Processing lobbyist ID: 044796891846-78
2025-05-16 17:07:38,149 - WARNING - CropBox missing from /Page, defaulting to MediaBox
2025-05-16 17:07:38,168 - WARNING - CropBox missing from /Page, defaulting to MediaBox
2025-05-16 17:07:38,168 - INFO - Processing lobbyist ID: 044816121222-46
2025-05-16 17:07:38,888 - WARNING - CropBox missing from /Page, defaulting to MediaBox
2025-05-16 17:07:38,889 - WARNING - CropBox missing from /Page, defaulting to MediaBox
2025-05-16 17:07:38,973 - WARNING - CropBox missing from /Page, defaulting to MediaBox
2025-05-16 17:07:38,973 - WARNING - CropBox missing from /Page, defaulting to MediaBox
2025-05-16 17:07:38,973 - INFO - Processing lobbyist ID: 044840152318-38
2025-05-16 17:07:39,894 - WARNING - CropBox missing from /Page, defaulting to MediaBox
2025-05-16 17:07:39,895 - WARNING - CropBox missing from /Page, defaulting to MediaBox
2025-05-16 17:07:39,979 - WARNING - CropBox missing from /Page, defaulting to MediaBox
2025-05-16 17:07:39,979 - WARNING - CropBox missing from /Page, defaulting to MediaBox
2025-05-16 17:07:39,979 - INFO - Processing lobbyist ID: 044920443327-85
2025-05-16 17:07:40,516 - WARNING - CropBox missing from /Page, defaulting to MediaBox
2025-05-16 17:07:40,536 - WARNING - CropBox missing from /Page, defaulting to MediaBox
2025-05-16 17:07:40,536 - INFO - Processing lobbyist ID: 044986331039-07
2025-05-16 17:07:41,148 - WARNING - CropBox missing from /Page, defaulting to MediaBox
2025-05-16 17:07:41,175 - WARNING - CropBox missing from /Page, defaulting to MediaBox
2025-05-16 17:07:41,175 - INFO - Processing lobbyist ID: 045083348995-19
2025-05-16 17:07:41,719 - WARNING - CropBox missing from /Page, defaulting to MediaBox
2025-05-16 17:07:41,741 - WARNING - CropBox missing from /Page, defaulting to MediaBox
2025-05-16 17:07:41,741 - INFO - Processing lobbyist ID: 045196843728-06
2025-05-16 17:07:42,287 - WARNING - CropBox missing from /Page, defaulting to MediaBox
2025-05-16 17:07:42,304 - WARNING - CropBox missing from /Page, defaulting to MediaBox
2025-05-16 17:07:42,304 - INFO - Processing lobbyist ID: 045230091761-04
2025-05-16 17:07:42,922 - WARNING - CropBox missing from /Page, defaulting to MediaBox
2025-05-16 17:07:42,942 - WARNING - CropBox missing from /Page, defaulting to MediaBox
2025-05-16 17:07:42,942 - INFO - Processing lobbyist ID: 045282629848-49
2025-05-16 17:07:43,454 - WARNING - CropBox missing from /Page, defaulting to MediaBox
2025-05-16 17:07:43,478 - WARNING - CropBox missing from /Page, defaulting to MediaBox
2025-05-16 17:07:43,479 - INFO - Processing lobbyist ID: 045379392202-03
2025-05-16 17:07:43,960 - WARNING - CropBox missing from /Page, defaulting to MediaBox
2025-05-16 17:07:43,982 - WARNING - CropBox missing from /Page, defaulting to MediaBox
2025-05-16 17:07:43,982 - INFO - Processing lobbyist ID: 045491251482-22
2025-05-16 17:07:44,454 - WARNING - CropBox missing from /Page, defaulting to MediaBox
2025-05-16 17:07:44,476 - WARNING - CropBox missing from /Page, defaulting to MediaBox
2025-05-16 17:07:44,476 - INFO - Processing lobbyist ID: 045767293922-02
2025-05-16 17:07:45,008 - WARNING - CropBox missing from /Page, defaulting to MediaBox
2025-05-16 17:07:45,032 - WARNING - CropBox missing from /Page, defaulting to MediaBox
2025-05-16 17:07:45,032 - INFO - Processing lobbyist ID: 045829828789-08
2025-05-16 17:07:45,564 - WARNING - CropBox missing from /Page, defaulting to MediaBox
2025-05-16 17:07:45,587 - WARNING - CropBox missing from /Page, defaulting to MediaBox
2025-05-16 17:07:45,587 - INFO - Processing lobbyist ID: 045920151896-84
2025-05-16 17:07:46,118 - WARNING - CropBox missing from /Page, defaulting to MediaBox
2025-05-16 17:07:46,161 - WARNING - CropBox missing from /Page, defaulting to MediaBox
2025-05-16 17:07:46,162 - INFO - Processing lobbyist ID: 045973949231-70
2025-05-16 17:07:46,705 - WARNING - CropBox missing from /Page, defaulting to MediaBox
2025-05-16 17:07:46,734 - WARNING - CropBox missing from /Page, defaulting to MediaBox
2025-05-16 17:07:46,734 - INFO - Processing lobbyist ID: 046036048265-94
2025-05-16 17:07:47,275 - WARNING - CropBox missing from /Page, defaulting to MediaBox
2025-05-16 17:07:47,296 - WARNING - CropBox missing from /Page, defaulting to MediaBox
2025-05-16 17:07:47,296 - INFO - Processing lobbyist ID: 046094048122-15
2025-05-16 17:07:47,817 - WARNING - CropBox missing from /Page, defaulting to MediaBox
2025-05-16 17:07:47,836 - WARNING - CropBox missing from /Page, defaulting to MediaBox
2025-05-16 17:07:47,836 - INFO - Processing lobbyist ID: 046160251962-13
2025-05-16 17:07:48,436 - WARNING - CropBox missing from /Page, defaulting to MediaBox
2025-05-16 17:07:48,462 - WARNING - CropBox missing from /Page, defaulting to MediaBox
2025-05-16 17:07:48,462 - INFO - Processing lobbyist ID: 046252746054-49
2025-05-16 17:07:49,003 - WARNING - CropBox missing from /Page, defaulting to MediaBox
2025-05-16 17:07:49,033 - WARNING - CropBox missing from /Page, defaulting to MediaBox
2025-05-16 17:07:49,033 - INFO - Processing lobbyist ID: 046264946723-50
2025-05-16 17:07:49,534 - WARNING - CropBox missing from /Page, defaulting to MediaBox
2025-05-16 17:07:49,564 - WARNING - CropBox missing from /Page, defaulting to MediaBox
2025-05-16 17:07:49,564 - INFO - Processing lobbyist ID: 04627551301-91
2025-05-16 17:07:50,082 - WARNING - CropBox missing from /Page, defaulting to MediaBox
2025-05-16 17:07:50,101 - WARNING - CropBox missing from /Page, defaulting to MediaBox
2025-05-16 17:07:50,101 - INFO - Processing lobbyist ID: 046364226533-09
2025-05-16 17:07:50,697 - WARNING - CropBox missing from /Page, defaulting to MediaBox
2025-05-16 17:07:50,744 - WARNING - CropBox missing from /Page, defaulting to MediaBox
2025-05-16 17:07:50,744 - INFO - Processing lobbyist ID: 046380891848-47
2025-05-16 17:07:51,346 - WARNING - CropBox missing from /Page, defaulting to MediaBox
2025-05-16 17:07:51,373 - WARNING - CropBox missing from /Page, defaulting to MediaBox
2025-05-16 17:07:51,374 - INFO - Processing lobbyist ID: 046431424154-95
2025-05-16 17:07:51,895 - WARNING - CropBox missing from /Page, defaulting to MediaBox
2025-05-16 17:07:51,915 - WARNING - CropBox missing from /Page, defaulting to MediaBox
2025-05-16 17:07:51,915 - INFO - Processing lobbyist ID: 046510618791-04
2025-05-16 17:07:52,776 - WARNING - CropBox missing from /Page, defaulting to MediaBox
2025-05-16 17:07:52,778 - WARNING - CropBox missing from /Page, defaulting to MediaBox
2025-05-16 17:07:52,838 - WARNING - CropBox missing from /Page, defaulting to MediaBox
2025-05-16 17:07:52,838 - WARNING - CropBox missing from /Page, defaulting to MediaBox
2025-05-16 17:07:52,838 - INFO - Processing lobbyist ID: 046522111711-44
2025-05-16 17:07:53,545 - WARNING - CropBox missing from /Page, defaulting to MediaBox
2025-05-16 17:07:53,546 - WARNING - CropBox missing from /Page, defaulting to MediaBox
2025-05-16 17:07:53,623 - WARNING - CropBox missing from /Page, defaulting to MediaBox
2025-05-16 17:07:53,623 - WARNING - CropBox missing from /Page, defaulting to MediaBox
2025-05-16 17:07:53,623 - INFO - Processing lobbyist ID: 04657143399-39
2025-05-16 17:07:54,729 - WARNING - CropBox missing from /Page, defaulting to MediaBox
2025-05-16 17:07:54,730 - WARNING - CropBox missing from /Page, defaulting to MediaBox
2025-05-16 17:07:54,731 - WARNING - CropBox missing from /Page, defaulting to MediaBox
2025-05-16 17:07:54,884 - WARNING - CropBox missing from /Page, defaulting to MediaBox
2025-05-16 17:07:54,884 - WARNING - CropBox missing from /Page, defaulting to MediaBox
2025-05-16 17:07:54,885 - WARNING - CropBox missing from /Page, defaulting to MediaBox
2025-05-16 17:07:54,885 - INFO - Processing lobbyist ID: 046819597249-73
2025-05-16 17:07:55,333 - WARNING - CropBox missing from /Page, defaulting to MediaBox
2025-05-16 17:07:55,358 - WARNING - CropBox missing from /Page, defaulting to MediaBox
2025-05-16 17:07:55,358 - INFO - Processing lobbyist ID: 046826494846-13
2025-05-16 17:07:55,851 - WARNING - CropBox missing from /Page, defaulting to MediaBox
2025-05-16 17:07:55,871 - WARNING - CropBox missing from /Page, defaulting to MediaBox
2025-05-16 17:07:55,871 - INFO - Processing lobbyist ID: 046903619118-23
2025-05-16 17:07:56,416 - WARNING - CropBox missing from /Page, defaulting to MediaBox
2025-05-16 17:07:56,443 - WARNING - CropBox missing from /Page, defaulting to MediaBox
2025-05-16 17:07:56,443 - INFO - Processing lobbyist ID: 047016133402-13
2025-05-16 17:07:56,953 - WARNING - CropBox missing from /Page, defaulting to MediaBox
2025-05-16 17:07:56,998 - WARNING - CropBox missing from /Page, defaulting to MediaBox
2025-05-16 17:07:56,998 - INFO - Processing lobbyist ID: 047152216031-96
2025-05-16 17:07:57,758 - WARNING - CropBox missing from /Page, defaulting to MediaBox
2025-05-16 17:07:57,760 - WARNING - CropBox missing from /Page, defaulting to MediaBox
2025-05-16 17:07:57,828 - WARNING - CropBox missing from /Page, defaulting to MediaBox
2025-05-16 17:07:57,828 - WARNING - CropBox missing from /Page, defaulting to MediaBox
2025-05-16 17:07:57,828 - INFO - Processing lobbyist ID: 047361234039-51
2025-05-16 17:07:58,327 - WARNING - CropBox missing from /Page, defaulting to MediaBox
2025-05-16 17:07:58,348 - WARNING - CropBox missing from /Page, defaulting to MediaBox
2025-05-16 17:07:58,348 - INFO - Processing lobbyist ID: 047428334069-39
2025-05-16 17:07:58,880 - WARNING - CropBox missing from /Page, defaulting to MediaBox
2025-05-16 17:07:58,908 - WARNING - CropBox missing from /Page, defaulting to MediaBox
2025-05-16 17:07:58,908 - INFO - Processing lobbyist ID: 047484943158-59
2025-05-16 17:07:59,417 - WARNING - CropBox missing from /Page, defaulting to MediaBox
2025-05-16 17:07:59,444 - WARNING - CropBox missing from /Page, defaulting to MediaBox
2025-05-16 17:07:59,445 - INFO - Processing lobbyist ID: 047566525357-87
2025-05-16 17:08:00,050 - WARNING - CropBox missing from /Page, defaulting to MediaBox
2025-05-16 17:08:00,078 - WARNING - CropBox missing from /Page, defaulting to MediaBox
2025-05-16 17:08:00,078 - INFO - Processing lobbyist ID: 047581317435-94
2025-05-16 17:08:00,639 - WARNING - CropBox missing from /Page, defaulting to MediaBox
2025-05-16 17:08:00,658 - WARNING - CropBox missing from /Page, defaulting to MediaBox
2025-05-16 17:08:00,658 - INFO - Processing lobbyist ID: 047603512537-13
2025-05-16 17:08:01,199 - WARNING - CropBox missing from /Page, defaulting to MediaBox
2025-05-16 17:08:01,221 - WARNING - CropBox missing from /Page, defaulting to MediaBox
2025-05-16 17:08:01,221 - INFO - Processing lobbyist ID: 047622796536-68
2025-05-16 17:08:01,697 - WARNING - CropBox missing from /Page, defaulting to MediaBox
2025-05-16 17:08:01,717 - WARNING - CropBox missing from /Page, defaulting to MediaBox
2025-05-16 17:08:01,717 - INFO - Processing lobbyist ID: 047638048359-82
2025-05-16 17:08:02,245 - WARNING - CropBox missing from /Page, defaulting to MediaBox
2025-05-16 17:08:02,269 - WARNING - CropBox missing from /Page, defaulting to MediaBox
2025-05-16 17:08:02,269 - INFO - Processing lobbyist ID: 047697728659-37
2025-05-16 17:08:02,784 - WARNING - CropBox missing from /Page, defaulting to MediaBox
2025-05-16 17:08:02,808 - WARNING - CropBox missing from /Page, defaulting to MediaBox
2025-05-16 17:08:02,808 - INFO - Processing lobbyist ID: 047721050470-59
2025-05-16 17:08:03,304 - WARNING - CropBox missing from /Page, defaulting to MediaBox
2025-05-16 17:08:03,321 - WARNING - CropBox missing from /Page, defaulting to MediaBox
2025-05-16 17:08:03,321 - INFO - Processing lobbyist ID: 047885236376-72
2025-05-16 17:08:03,826 - WARNING - CropBox missing from /Page, defaulting to MediaBox
2025-05-16 17:08:03,845 - WARNING - CropBox missing from /Page, defaulting to MediaBox
2025-05-16 17:08:03,845 - INFO - Processing lobbyist ID: 047962991734-22
2025-05-16 17:08:04,416 - WARNING - CropBox missing from /Page, defaulting to MediaBox
2025-05-16 17:08:04,436 - WARNING - CropBox missing from /Page, defaulting to MediaBox
2025-05-16 17:08:04,436 - INFO - Processing lobbyist ID: 047993097243-53
2025-05-16 17:08:04,948 - WARNING - CropBox missing from /Page, defaulting to MediaBox
2025-05-16 17:08:04,966 - WARNING - CropBox missing from /Page, defaulting to MediaBox
2025-05-16 17:08:04,966 - INFO - Processing lobbyist ID: 047999193530-24
2025-05-16 17:08:05,540 - WARNING - CropBox missing from /Page, defaulting to MediaBox
2025-05-16 17:08:05,564 - WARNING - CropBox missing from /Page, defaulting to MediaBox
2025-05-16 17:08:05,564 - INFO - Processing lobbyist ID: 048030953098-10
2025-05-16 17:08:06,122 - WARNING - CropBox missing from /Page, defaulting to MediaBox
2025-05-16 17:08:06,160 - WARNING - CropBox missing from /Page, defaulting to MediaBox
2025-05-16 17:08:06,161 - INFO - Processing lobbyist ID: 048071251915-07
2025-05-16 17:08:06,701 - WARNING - CropBox missing from /Page, defaulting to MediaBox
2025-05-16 17:08:06,722 - WARNING - CropBox missing from /Page, defaulting to MediaBox
2025-05-16 17:08:06,722 - INFO - Processing lobbyist ID: 048101394291-50
2025-05-16 17:08:07,271 - WARNING - CropBox missing from /Page, defaulting to MediaBox
2025-05-16 17:08:07,293 - WARNING - CropBox missing from /Page, defaulting to MediaBox
2025-05-16 17:08:07,293 - INFO - Processing lobbyist ID: 048197196175-77
2025-05-16 17:08:07,849 - WARNING - CropBox missing from /Page, defaulting to MediaBox
2025-05-16 17:08:07,877 - WARNING - CropBox missing from /Page, defaulting to MediaBox
2025-05-16 17:08:07,877 - INFO - Processing lobbyist ID: 048350822718-31
2025-05-16 17:08:08,460 - WARNING - CropBox missing from /Page, defaulting to MediaBox
2025-05-16 17:08:08,499 - WARNING - CropBox missing from /Page, defaulting to MediaBox
2025-05-16 17:08:08,499 - INFO - Processing lobbyist ID: 048387711728-21
2025-05-16 17:08:09,271 - WARNING - CropBox missing from /Page, defaulting to MediaBox
2025-05-16 17:08:09,271 - WARNING - CropBox missing from /Page, defaulting to MediaBox
2025-05-16 17:08:09,342 - WARNING - CropBox missing from /Page, defaulting to MediaBox
2025-05-16 17:08:09,342 - WARNING - CropBox missing from /Page, defaulting to MediaBox
2025-05-16 17:08:09,342 - INFO - Processing lobbyist ID: 048394994482-76
2025-05-16 17:08:09,895 - WARNING - CropBox missing from /Page, defaulting to MediaBox
2025-05-16 17:08:09,939 - WARNING - CropBox missing from /Page, defaulting to MediaBox
2025-05-16 17:08:09,940 - INFO - Processing lobbyist ID: 048395140135-05
2025-05-16 17:08:10,487 - WARNING - CropBox missing from /Page, defaulting to MediaBox
2025-05-16 17:08:10,509 - WARNING - CropBox missing from /Page, defaulting to MediaBox
2025-05-16 17:08:10,510 - INFO - Processing lobbyist ID: 048437652841-30
2025-05-16 17:08:11,098 - WARNING - CropBox missing from /Page, defaulting to MediaBox
2025-05-16 17:08:11,135 - WARNING - CropBox missing from /Page, defaulting to MediaBox
2025-05-16 17:08:11,135 - INFO - Processing lobbyist ID: 048458193592-72
2025-05-16 17:08:11,587 - WARNING - CropBox missing from /Page, defaulting to MediaBox
2025-05-16 17:08:11,609 - WARNING - CropBox missing from /Page, defaulting to MediaBox
2025-05-16 17:08:11,610 - INFO - Processing lobbyist ID: 048495393073-71
2025-05-16 17:08:12,098 - WARNING - CropBox missing from /Page, defaulting to MediaBox
2025-05-16 17:08:12,120 - WARNING - CropBox missing from /Page, defaulting to MediaBox
2025-05-16 17:08:12,121 - INFO - Processing lobbyist ID: 048578891753-87
2025-05-16 17:08:12,655 - WARNING - CropBox missing from /Page, defaulting to MediaBox
2025-05-16 17:08:12,687 - WARNING - CropBox missing from /Page, defaulting to MediaBox
2025-05-16 17:08:12,687 - INFO - Processing lobbyist ID: 048639339015-29
2025-05-16 17:08:13,258 - WARNING - CropBox missing from /Page, defaulting to MediaBox
2025-05-16 17:08:13,305 - WARNING - CropBox missing from /Page, defaulting to MediaBox
2025-05-16 17:08:13,305 - INFO - Processing lobbyist ID: 048699535930-91
2025-05-16 17:08:13,789 - WARNING - CropBox missing from /Page, defaulting to MediaBox
2025-05-16 17:08:13,835 - WARNING - CropBox missing from /Page, defaulting to MediaBox
2025-05-16 17:08:13,836 - INFO - Processing lobbyist ID: 04877777421-88
2025-05-16 17:08:14,688 - WARNING - CropBox missing from /Page, defaulting to MediaBox
2025-05-16 17:08:14,688 - WARNING - CropBox missing from /Page, defaulting to MediaBox
2025-05-16 17:08:14,827 - WARNING - CropBox missing from /Page, defaulting to MediaBox
2025-05-16 17:08:14,827 - WARNING - CropBox missing from /Page, defaulting to MediaBox
2025-05-16 17:08:14,827 - INFO - Processing lobbyist ID: 048803151194-22
2025-05-16 17:08:15,418 - WARNING - CropBox missing from /Page, defaulting to MediaBox
2025-05-16 17:08:15,473 - WARNING - CropBox missing from /Page, defaulting to MediaBox
2025-05-16 17:08:15,473 - INFO - Processing lobbyist ID: 048902197961-65
2025-05-16 17:08:15,968 - WARNING - CropBox missing from /Page, defaulting to MediaBox
2025-05-16 17:08:15,991 - WARNING - CropBox missing from /Page, defaulting to MediaBox
2025-05-16 17:08:15,991 - INFO - Processing lobbyist ID: 048999891861-63
2025-05-16 17:08:16,528 - WARNING - CropBox missing from /Page, defaulting to MediaBox
2025-05-16 17:08:16,553 - WARNING - CropBox missing from /Page, defaulting to MediaBox
2025-05-16 17:08:16,553 - INFO - Processing lobbyist ID: 049002853078-90
2025-05-16 17:08:17,056 - WARNING - CropBox missing from /Page, defaulting to MediaBox
2025-05-16 17:08:17,079 - WARNING - CropBox missing from /Page, defaulting to MediaBox
2025-05-16 17:08:17,079 - INFO - Processing lobbyist ID: 04902121531-04
2025-05-16 17:08:18,863 - WARNING - CropBox missing from /Page, defaulting to MediaBox
2025-05-16 17:08:18,864 - WARNING - CropBox missing from /Page, defaulting to MediaBox
2025-05-16 17:08:18,865 - WARNING - CropBox missing from /Page, defaulting to MediaBox
2025-05-16 17:08:18,867 - WARNING - CropBox missing from /Page, defaulting to MediaBox
2025-05-16 17:08:18,868 - WARNING - CropBox missing from /Page, defaulting to MediaBox
2025-05-16 17:08:18,869 - WARNING - CropBox missing from /Page, defaulting to MediaBox
2025-05-16 17:08:19,229 - WARNING - CropBox missing from /Page, defaulting to MediaBox
2025-05-16 17:08:19,229 - WARNING - CropBox missing from /Page, defaulting to MediaBox
2025-05-16 17:08:19,230 - WARNING - CropBox missing from /Page, defaulting to MediaBox
2025-05-16 17:08:19,230 - WARNING - CropBox missing from /Page, defaulting to MediaBox
2025-05-16 17:08:19,230 - WARNING - CropBox missing from /Page, defaulting to MediaBox
2025-05-16 17:08:19,230 - WARNING - CropBox missing from /Page, defaulting to MediaBox
2025-05-16 17:08:19,230 - INFO - Processing lobbyist ID: 04903991238-83
2025-05-16 17:08:19,853 - WARNING - CropBox missing from /Page, defaulting to MediaBox
2025-05-16 17:08:19,875 - WARNING - CropBox missing from /Page, defaulting to MediaBox
2025-05-16 17:08:19,875 - INFO - Processing lobbyist ID: 049133647645-21
2025-05-16 17:08:20,380 - WARNING - CropBox missing from /Page, defaulting to MediaBox
2025-05-16 17:08:20,402 - WARNING - CropBox missing from /Page, defaulting to MediaBox
2025-05-16 17:08:20,402 - INFO - Processing lobbyist ID: 049139043109-57
2025-05-16 17:08:20,898 - WARNING - CropBox missing from /Page, defaulting to MediaBox
2025-05-16 17:08:20,916 - WARNING - CropBox missing from /Page, defaulting to MediaBox
2025-05-16 17:08:20,916 - INFO - Processing lobbyist ID: 049213538438-04
2025-05-16 17:08:21,419 - WARNING - CropBox missing from /Page, defaulting to MediaBox
2025-05-16 17:08:21,440 - WARNING - CropBox missing from /Page, defaulting to MediaBox
2025-05-16 17:08:21,440 - INFO - Processing lobbyist ID: 049215512245-42
2025-05-16 17:08:22,311 - WARNING - CropBox missing from /Page, defaulting to MediaBox
2025-05-16 17:08:22,334 - WARNING - CropBox missing from /Page, defaulting to MediaBox
2025-05-16 17:08:22,334 - INFO - Processing lobbyist ID: 049459192300-94
2025-05-16 17:08:22,879 - WARNING - CropBox missing from /Page, defaulting to MediaBox
2025-05-16 17:08:22,909 - WARNING - CropBox missing from /Page, defaulting to MediaBox
2025-05-16 17:08:22,909 - INFO - Processing lobbyist ID: 049566047779-57
2025-05-16 17:08:23,796 - WARNING - CropBox missing from /Page, defaulting to MediaBox
2025-05-16 17:08:23,797 - WARNING - CropBox missing from /Page, defaulting to MediaBox
2025-05-16 17:08:23,798 - WARNING - CropBox missing from /Page, defaulting to MediaBox
2025-05-16 17:08:23,912 - WARNING - CropBox missing from /Page, defaulting to MediaBox
2025-05-16 17:08:23,912 - WARNING - CropBox missing from /Page, defaulting to MediaBox
2025-05-16 17:08:23,912 - WARNING - CropBox missing from /Page, defaulting to MediaBox
2025-05-16 17:08:23,912 - INFO - Processing lobbyist ID: 049611497863-35
2025-05-16 17:08:24,541 - WARNING - CropBox missing from /Page, defaulting to MediaBox
2025-05-16 17:08:24,565 - WARNING - CropBox missing from /Page, defaulting to MediaBox
2025-05-16 17:08:24,566 - INFO - Processing lobbyist ID: 049670852670-44
2025-05-16 17:08:25,119 - WARNING - CropBox missing from /Page, defaulting to MediaBox
2025-05-16 17:08:25,138 - WARNING - CropBox missing from /Page, defaulting to MediaBox
2025-05-16 17:08:25,138 - INFO - Processing lobbyist ID: 04974299180-63
2025-05-16 17:08:25,662 - WARNING - CropBox missing from /Page, defaulting to MediaBox
2025-05-16 17:08:25,683 - WARNING - CropBox missing from /Page, defaulting to MediaBox
2025-05-16 17:08:25,684 - INFO - Processing lobbyist ID: 049757097195-25
2025-05-16 17:08:26,215 - WARNING - CropBox missing from /Page, defaulting to MediaBox
2025-05-16 17:08:26,254 - WARNING - CropBox missing from /Page, defaulting to MediaBox
2025-05-16 17:08:26,254 - INFO - Processing lobbyist ID: 049767927777-58
2025-05-16 17:08:26,826 - WARNING - CropBox missing from /Page, defaulting to MediaBox
2025-05-16 17:08:26,850 - WARNING - CropBox missing from /Page, defaulting to MediaBox
2025-05-16 17:08:26,851 - INFO - Processing lobbyist ID: 04981716394-32
2025-05-16 17:08:27,443 - WARNING - CropBox missing from /Page, defaulting to MediaBox
2025-05-16 17:08:27,473 - WARNING - CropBox missing from /Page, defaulting to MediaBox
2025-05-16 17:08:27,473 - INFO - Processing lobbyist ID: 049954229126-63
2025-05-16 17:08:28,091 - WARNING - CropBox missing from /Page, defaulting to MediaBox
2025-05-16 17:08:28,115 - WARNING - CropBox missing from /Page, defaulting to MediaBox
2025-05-16 17:08:28,115 - INFO - Processing lobbyist ID: 049958148389-39
2025-05-16 17:08:28,665 - WARNING - CropBox missing from /Page, defaulting to MediaBox
2025-05-16 17:08:28,690 - WARNING - CropBox missing from /Page, defaulting to MediaBox
2025-05-16 17:08:28,690 - INFO - Processing lobbyist ID: 050003343478-04
2025-05-16 17:08:29,218 - WARNING - CropBox missing from /Page, defaulting to MediaBox
2025-05-16 17:08:29,240 - WARNING - CropBox missing from /Page, defaulting to MediaBox
2025-05-16 17:08:29,241 - INFO - Processing lobbyist ID: 050025597257-55
2025-05-16 17:08:29,849 - WARNING - CropBox missing from /Page, defaulting to MediaBox
2025-05-16 17:08:29,869 - WARNING - CropBox missing from /Page, defaulting to MediaBox
2025-05-16 17:08:29,870 - INFO - Processing lobbyist ID: 050028191694-13
2025-05-16 17:08:30,386 - WARNING - CropBox missing from /Page, defaulting to MediaBox
2025-05-16 17:08:30,411 - WARNING - CropBox missing from /Page, defaulting to MediaBox
2025-05-16 17:08:30,411 - INFO - Processing lobbyist ID: 05003684165-09
2025-05-16 17:08:30,982 - WARNING - CropBox missing from /Page, defaulting to MediaBox
2025-05-16 17:08:31,037 - WARNING - CropBox missing from /Page, defaulting to MediaBox
2025-05-16 17:08:31,037 - INFO - Processing lobbyist ID: 050269010212-72
2025-05-16 17:08:31,947 - WARNING - CropBox missing from /Page, defaulting to MediaBox
2025-05-16 17:08:31,949 - WARNING - CropBox missing from /Page, defaulting to MediaBox
2025-05-16 17:08:32,034 - WARNING - CropBox missing from /Page, defaulting to MediaBox
2025-05-16 17:08:32,035 - WARNING - CropBox missing from /Page, defaulting to MediaBox
2025-05-16 17:08:32,035 - INFO - Processing lobbyist ID: 050313823462-21
2025-05-16 17:08:32,600 - WARNING - CropBox missing from /Page, defaulting to MediaBox
2025-05-16 17:08:32,624 - WARNING - CropBox missing from /Page, defaulting to MediaBox
2025-05-16 17:08:32,624 - INFO - Processing lobbyist ID: 0503193237-77
2025-05-16 17:08:33,202 - WARNING - CropBox missing from /Page, defaulting to MediaBox
2025-05-16 17:08:33,230 - WARNING - CropBox missing from /Page, defaulting to MediaBox
2025-05-16 17:08:33,230 - INFO - Processing lobbyist ID: 05032108616-26
2025-05-16 17:08:36,801 - WARNING - CropBox missing from /Page, defaulting to MediaBox
2025-05-16 17:08:36,801 - WARNING - CropBox missing from /Page, defaulting to MediaBox
2025-05-16 17:08:36,801 - WARNING - CropBox missing from /Page, defaulting to MediaBox
2025-05-16 17:08:36,802 - WARNING - CropBox missing from /Page, defaulting to MediaBox
2025-05-16 17:08:36,802 - WARNING - CropBox missing from /Page, defaulting to MediaBox
2025-05-16 17:08:36,803 - WARNING - CropBox missing from /Page, defaulting to MediaBox
2025-05-16 17:08:36,803 - WARNING - CropBox missing from /Page, defaulting to MediaBox
2025-05-16 17:08:36,803 - WARNING - CropBox missing from /Page, defaulting to MediaBox
2025-05-16 17:08:36,804 - WARNING - CropBox missing from /Page, defaulting to MediaBox
2025-05-16 17:08:36,804 - WARNING - CropBox missing from /Page, defaulting to MediaBox
2025-05-16 17:08:36,804 - WARNING - CropBox missing from /Page, defaulting to MediaBox
2025-05-16 17:08:36,805 - WARNING - CropBox missing from /Page, defaulting to MediaBox
2025-05-16 17:08:36,805 - WARNING - CropBox missing from /Page, defaulting to MediaBox
2025-05-16 17:08:37,656 - WARNING - CropBox missing from /Page, defaulting to MediaBox
2025-05-16 17:08:37,656 - WARNING - CropBox missing from /Page, defaulting to MediaBox
2025-05-16 17:08:37,656 - WARNING - CropBox missing from /Page, defaulting to MediaBox
2025-05-16 17:08:37,657 - WARNING - CropBox missing from /Page, defaulting to MediaBox
2025-05-16 17:08:37,657 - WARNING - CropBox missing from /Page, defaulting to MediaBox
2025-05-16 17:08:37,657 - WARNING - CropBox missing from /Page, defaulting to MediaBox
2025-05-16 17:08:37,657 - WARNING - CropBox missing from /Page, defaulting to MediaBox
2025-05-16 17:08:37,657 - WARNING - CropBox missing from /Page, defaulting to MediaBox
2025-05-16 17:08:37,657 - WARNING - CropBox missing from /Page, defaulting to MediaBox
2025-05-16 17:08:37,657 - WARNING - CropBox missing from /Page, defaulting to MediaBox
2025-05-16 17:08:37,657 - WARNING - CropBox missing from /Page, defaulting to MediaBox
2025-05-16 17:08:37,657 - WARNING - CropBox missing from /Page, defaulting to MediaBox
2025-05-16 17:08:37,657 - WARNING - CropBox missing from /Page, defaulting to MediaBox
2025-05-16 17:08:37,657 - INFO - Processed 800 lobbyists out of 14400. Pausing for 3 seconds to avoid server overload...
2025-05-16 17:08:40,698 - INFO - Processing lobbyist ID: 050415314994-69
2025-05-16 17:08:41,203 - WARNING - CropBox missing from /Page, defaulting to MediaBox
2025-05-16 17:08:41,229 - WARNING - CropBox missing from /Page, defaulting to MediaBox
2025-05-16 17:08:41,230 - INFO - Processing lobbyist ID: 05046148043-73
2025-05-16 17:08:41,788 - WARNING - CropBox missing from /Page, defaulting to MediaBox
2025-05-16 17:08:41,826 - WARNING - CropBox missing from /Page, defaulting to MediaBox
2025-05-16 17:08:41,826 - INFO - Processing lobbyist ID: 0505121548-50
2025-05-16 17:08:42,420 - WARNING - CropBox missing from /Page, defaulting to MediaBox
2025-05-16 17:08:42,451 - WARNING - CropBox missing from /Page, defaulting to MediaBox
2025-05-16 17:08:42,452 - INFO - Processing lobbyist ID: 05052317999-60
2025-05-16 17:08:43,296 - WARNING - CropBox missing from /Page, defaulting to MediaBox
2025-05-16 17:08:43,297 - WARNING - CropBox missing from /Page, defaulting to MediaBox
2025-05-16 17:08:43,437 - WARNING - CropBox missing from /Page, defaulting to MediaBox
2025-05-16 17:08:43,437 - WARNING - CropBox missing from /Page, defaulting to MediaBox
2025-05-16 17:08:43,438 - INFO - Processing lobbyist ID: 050546037072-29
2025-05-16 17:08:43,903 - WARNING - CropBox missing from /Page, defaulting to MediaBox
2025-05-16 17:08:43,929 - WARNING - CropBox missing from /Page, defaulting to MediaBox
2025-05-16 17:08:43,929 - INFO - Processing lobbyist ID: 050809252244-88
2025-05-16 17:08:44,434 - WARNING - CropBox missing from /Page, defaulting to MediaBox
2025-05-16 17:08:44,454 - WARNING - CropBox missing from /Page, defaulting to MediaBox
2025-05-16 17:08:44,454 - INFO - Processing lobbyist ID: 050841318640-60
2025-05-16 17:08:45,066 - WARNING - CropBox missing from /Page, defaulting to MediaBox
2025-05-16 17:08:45,097 - WARNING - CropBox missing from /Page, defaulting to MediaBox
2025-05-16 17:08:45,097 - INFO - Processing lobbyist ID: 05097472836-90
2025-05-16 17:08:45,924 - WARNING - CropBox missing from /Page, defaulting to MediaBox
2025-05-16 17:08:45,926 - WARNING - CropBox missing from /Page, defaulting to MediaBox
2025-05-16 17:08:46,025 - WARNING - CropBox missing from /Page, defaulting to MediaBox
2025-05-16 17:08:46,025 - WARNING - CropBox missing from /Page, defaulting to MediaBox
2025-05-16 17:08:46,026 - INFO - Processing lobbyist ID: 050975719796-70
2025-05-16 17:08:46,525 - WARNING - CropBox missing from /Page, defaulting to MediaBox
2025-05-16 17:08:46,550 - WARNING - CropBox missing from /Page, defaulting to MediaBox
2025-05-16 17:08:46,551 - INFO - Processing lobbyist ID: 05098847384-21
2025-05-16 17:08:47,389 - WARNING - CropBox missing from /Page, defaulting to MediaBox
2025-05-16 17:08:47,390 - WARNING - CropBox missing from /Page, defaulting to MediaBox
2025-05-16 17:08:47,484 - WARNING - CropBox missing from /Page, defaulting to MediaBox
2025-05-16 17:08:47,484 - WARNING - CropBox missing from /Page, defaulting to MediaBox
2025-05-16 17:08:47,485 - INFO - Processing lobbyist ID: 051284593720-60
2025-05-16 17:08:47,955 - WARNING - CropBox missing from /Page, defaulting to MediaBox
2025-05-16 17:08:47,981 - WARNING - CropBox missing from /Page, defaulting to MediaBox
2025-05-16 17:08:47,981 - INFO - Processing lobbyist ID: 051435091601-73
2025-05-16 17:08:48,665 - WARNING - CropBox missing from /Page, defaulting to MediaBox
2025-05-16 17:08:48,687 - WARNING - CropBox missing from /Page, defaulting to MediaBox
2025-05-16 17:08:48,687 - INFO - Processing lobbyist ID: 051479091677-17
2025-05-16 17:08:49,232 - WARNING - CropBox missing from /Page, defaulting to MediaBox
2025-05-16 17:08:49,284 - WARNING - CropBox missing from /Page, defaulting to MediaBox
2025-05-16 17:08:49,284 - INFO - Processing lobbyist ID: 051535245114-08
2025-05-16 17:08:49,833 - WARNING - CropBox missing from /Page, defaulting to MediaBox
2025-05-16 17:08:49,856 - WARNING - CropBox missing from /Page, defaulting to MediaBox
2025-05-16 17:08:49,856 - INFO - Processing lobbyist ID: 051550296930-72
2025-05-16 17:08:50,288 - WARNING - CropBox missing from /Page, defaulting to MediaBox
2025-05-16 17:08:50,305 - WARNING - CropBox missing from /Page, defaulting to MediaBox
2025-05-16 17:08:50,305 - INFO - Processing lobbyist ID: 051585416549-65
2025-05-16 17:08:50,898 - WARNING - CropBox missing from /Page, defaulting to MediaBox
2025-05-16 17:08:50,939 - WARNING - CropBox missing from /Page, defaulting to MediaBox
2025-05-16 17:08:50,940 - INFO - Processing lobbyist ID: 051704717148-12
2025-05-16 17:08:51,391 - WARNING - CropBox missing from /Page, defaulting to MediaBox
2025-05-16 17:08:51,415 - WARNING - CropBox missing from /Page, defaulting to MediaBox
2025-05-16 17:08:51,415 - INFO - Processing lobbyist ID: 051805995325-41
2025-05-16 17:08:51,945 - WARNING - CropBox missing from /Page, defaulting to MediaBox
2025-05-16 17:08:51,976 - WARNING - CropBox missing from /Page, defaulting to MediaBox
2025-05-16 17:08:51,976 - INFO - Processing lobbyist ID: 051844129600-85
2025-05-16 17:08:52,765 - WARNING - CropBox missing from /Page, defaulting to MediaBox
2025-05-16 17:08:52,813 - WARNING - CropBox missing from /Page, defaulting to MediaBox
2025-05-16 17:08:52,813 - INFO - Processing lobbyist ID: 051882426608-69
2025-05-16 17:08:53,314 - WARNING - CropBox missing from /Page, defaulting to MediaBox
2025-05-16 17:08:53,335 - WARNING - CropBox missing from /Page, defaulting to MediaBox
2025-05-16 17:08:53,335 - INFO - Processing lobbyist ID: 051887526745-23
2025-05-16 17:08:53,798 - WARNING - CropBox missing from /Page, defaulting to MediaBox
2025-05-16 17:08:53,822 - WARNING - CropBox missing from /Page, defaulting to MediaBox
2025-05-16 17:08:53,822 - INFO - Processing lobbyist ID: 051968750582-03
2025-05-16 17:08:54,278 - WARNING - CropBox missing from /Page, defaulting to MediaBox
2025-05-16 17:08:54,295 - WARNING - CropBox missing from /Page, defaulting to MediaBox
2025-05-16 17:08:54,295 - INFO - Processing lobbyist ID: 052002725608-03
2025-05-16 17:08:54,786 - WARNING - CropBox missing from /Page, defaulting to MediaBox
2025-05-16 17:08:54,816 - WARNING - CropBox missing from /Page, defaulting to MediaBox
2025-05-16 17:08:54,816 - INFO - Processing lobbyist ID: 05221658419-01
2025-05-16 17:08:55,332 - WARNING - CropBox missing from /Page, defaulting to MediaBox
2025-05-16 17:08:55,363 - WARNING - CropBox missing from /Page, defaulting to MediaBox
2025-05-16 17:08:55,364 - INFO - Processing lobbyist ID: 052269393423-46
2025-05-16 17:08:56,170 - WARNING - CropBox missing from /Page, defaulting to MediaBox
2025-05-16 17:08:56,171 - WARNING - CropBox missing from /Page, defaulting to MediaBox
2025-05-16 17:08:56,254 - WARNING - CropBox missing from /Page, defaulting to MediaBox
2025-05-16 17:08:56,254 - WARNING - CropBox missing from /Page, defaulting to MediaBox
2025-05-16 17:08:56,254 - INFO - Processing lobbyist ID: 052368449007-28
2025-05-16 17:08:56,742 - WARNING - CropBox missing from /Page, defaulting to MediaBox
2025-05-16 17:08:56,787 - WARNING - CropBox missing from /Page, defaulting to MediaBox
2025-05-16 17:08:56,787 - INFO - Processing lobbyist ID: 052415726522-61
2025-05-16 17:08:57,261 - WARNING - CropBox missing from /Page, defaulting to MediaBox
2025-05-16 17:08:57,283 - WARNING - CropBox missing from /Page, defaulting to MediaBox
2025-05-16 17:08:57,283 - INFO - Processing lobbyist ID: 052474397094-20
2025-05-16 17:08:57,736 - WARNING - CropBox missing from /Page, defaulting to MediaBox
2025-05-16 17:08:57,762 - WARNING - CropBox missing from /Page, defaulting to MediaBox
2025-05-16 17:08:57,763 - INFO - Processing lobbyist ID: 052509445440-87
2025-05-16 17:08:58,252 - WARNING - CropBox missing from /Page, defaulting to MediaBox
2025-05-16 17:08:58,278 - WARNING - CropBox missing from /Page, defaulting to MediaBox
2025-05-16 17:08:58,278 - INFO - Processing lobbyist ID: 052513138393-62
2025-05-16 17:08:58,930 - WARNING - CropBox missing from /Page, defaulting to MediaBox
2025-05-16 17:08:58,984 - WARNING - CropBox missing from /Page, defaulting to MediaBox
2025-05-16 17:08:58,985 - INFO - Processing lobbyist ID: 052588323201-74
2025-05-16 17:08:59,510 - WARNING - CropBox missing from /Page, defaulting to MediaBox
2025-05-16 17:08:59,541 - WARNING - CropBox missing from /Page, defaulting to MediaBox
2025-05-16 17:08:59,541 - INFO - Processing lobbyist ID: 052754998395-40
2025-05-16 17:09:00,013 - WARNING - CropBox missing from /Page, defaulting to MediaBox
2025-05-16 17:09:00,032 - WARNING - CropBox missing from /Page, defaulting to MediaBox
2025-05-16 17:09:00,032 - INFO - Processing lobbyist ID: 052791544930-78
2025-05-16 17:09:00,708 - WARNING - CropBox missing from /Page, defaulting to MediaBox
2025-05-16 17:09:00,765 - WARNING - CropBox missing from /Page, defaulting to MediaBox
2025-05-16 17:09:00,765 - INFO - Processing lobbyist ID: 052814338340-63
2025-05-16 17:09:01,323 - WARNING - CropBox missing from /Page, defaulting to MediaBox
2025-05-16 17:09:01,346 - WARNING - CropBox missing from /Page, defaulting to MediaBox
2025-05-16 17:09:01,346 - INFO - Processing lobbyist ID: 052846838339-58
2025-05-16 17:09:01,838 - WARNING - CropBox missing from /Page, defaulting to MediaBox
2025-05-16 17:09:01,855 - WARNING - CropBox missing from /Page, defaulting to MediaBox
2025-05-16 17:09:01,855 - INFO - Processing lobbyist ID: 05289925824-73
2025-05-16 17:09:02,509 - WARNING - CropBox missing from /Page, defaulting to MediaBox
2025-05-16 17:09:02,536 - WARNING - CropBox missing from /Page, defaulting to MediaBox
2025-05-16 17:09:02,536 - INFO - Processing lobbyist ID: 052941751496-92
2025-05-16 17:09:03,032 - WARNING - CropBox missing from /Page, defaulting to MediaBox
2025-05-16 17:09:03,062 - WARNING - CropBox missing from /Page, defaulting to MediaBox
2025-05-16 17:09:03,062 - INFO - Processing lobbyist ID: 053048344479-46
2025-05-16 17:09:03,569 - WARNING - CropBox missing from /Page, defaulting to MediaBox
2025-05-16 17:09:03,591 - WARNING - CropBox missing from /Page, defaulting to MediaBox
2025-05-16 17:09:03,591 - INFO - Processing lobbyist ID: 053057393431-89
2025-05-16 17:09:04,106 - WARNING - CropBox missing from /Page, defaulting to MediaBox
2025-05-16 17:09:04,128 - WARNING - CropBox missing from /Page, defaulting to MediaBox
2025-05-16 17:09:04,128 - INFO - Processing lobbyist ID: 05308295838-47
2025-05-16 17:09:04,645 - WARNING - CropBox missing from /Page, defaulting to MediaBox
2025-05-16 17:09:04,667 - WARNING - CropBox missing from /Page, defaulting to MediaBox
2025-05-16 17:09:04,668 - INFO - Processing lobbyist ID: 053086529748-09
2025-05-16 17:09:05,135 - WARNING - CropBox missing from /Page, defaulting to MediaBox
2025-05-16 17:09:05,164 - WARNING - CropBox missing from /Page, defaulting to MediaBox
2025-05-16 17:09:05,164 - INFO - Processing lobbyist ID: 053117613298-41
2025-05-16 17:09:05,721 - WARNING - CropBox missing from /Page, defaulting to MediaBox
2025-05-16 17:09:05,742 - WARNING - CropBox missing from /Page, defaulting to MediaBox
2025-05-16 17:09:05,742 - INFO - Processing lobbyist ID: 053125133094-59
2025-05-16 17:09:06,230 - WARNING - CropBox missing from /Page, defaulting to MediaBox
2025-05-16 17:09:06,250 - WARNING - CropBox missing from /Page, defaulting to MediaBox
2025-05-16 17:09:06,251 - INFO - Processing lobbyist ID: 053277891671-57
2025-05-16 17:09:06,718 - WARNING - CropBox missing from /Page, defaulting to MediaBox
2025-05-16 17:09:06,740 - WARNING - CropBox missing from /Page, defaulting to MediaBox
2025-05-16 17:09:06,741 - INFO - Processing lobbyist ID: 053400292421-08
2025-05-16 17:09:07,218 - WARNING - CropBox missing from /Page, defaulting to MediaBox
2025-05-16 17:09:07,240 - WARNING - CropBox missing from /Page, defaulting to MediaBox
2025-05-16 17:09:07,241 - INFO - Processing lobbyist ID: 053452050026-66
2025-05-16 17:09:07,718 - WARNING - CropBox missing from /Page, defaulting to MediaBox
2025-05-16 17:09:07,746 - WARNING - CropBox missing from /Page, defaulting to MediaBox
2025-05-16 17:09:07,746 - INFO - Processing lobbyist ID: 053502847631-73
2025-05-16 17:09:08,331 - WARNING - CropBox missing from /Page, defaulting to MediaBox
2025-05-16 17:09:08,353 - WARNING - CropBox missing from /Page, defaulting to MediaBox
2025-05-16 17:09:08,353 - INFO - Processing lobbyist ID: 053633352874-07
2025-05-16 17:09:08,811 - WARNING - CropBox missing from /Page, defaulting to MediaBox
2025-05-16 17:09:08,834 - WARNING - CropBox missing from /Page, defaulting to MediaBox
2025-05-16 17:09:08,835 - INFO - Processing lobbyist ID: 05366537746-69
2025-05-16 17:09:10,492 - WARNING - CropBox missing from /Page, defaulting to MediaBox
2025-05-16 17:09:10,493 - WARNING - CropBox missing from /Page, defaulting to MediaBox
2025-05-16 17:09:10,493 - WARNING - CropBox missing from /Page, defaulting to MediaBox
2025-05-16 17:09:10,493 - WARNING - CropBox missing from /Page, defaulting to MediaBox
2025-05-16 17:09:10,493 - WARNING - CropBox missing from /Page, defaulting to MediaBox
2025-05-16 17:09:10,761 - WARNING - CropBox missing from /Page, defaulting to MediaBox
2025-05-16 17:09:10,761 - WARNING - CropBox missing from /Page, defaulting to MediaBox
2025-05-16 17:09:10,761 - WARNING - CropBox missing from /Page, defaulting to MediaBox
2025-05-16 17:09:10,761 - WARNING - CropBox missing from /Page, defaulting to MediaBox
2025-05-16 17:09:10,761 - WARNING - CropBox missing from /Page, defaulting to MediaBox
2025-05-16 17:09:10,761 - INFO - Processing lobbyist ID: 053862894021-42
2025-05-16 17:09:11,274 - WARNING - CropBox missing from /Page, defaulting to MediaBox
2025-05-16 17:09:11,301 - WARNING - CropBox missing from /Page, defaulting to MediaBox
2025-05-16 17:09:11,301 - INFO - Processing lobbyist ID: 053883544244-66
2025-05-16 17:09:11,790 - WARNING - CropBox missing from /Page, defaulting to MediaBox
2025-05-16 17:09:11,837 - WARNING - CropBox missing from /Page, defaulting to MediaBox
2025-05-16 17:09:11,837 - INFO - Processing lobbyist ID: 053976497143-89
2025-05-16 17:09:12,306 - WARNING - CropBox missing from /Page, defaulting to MediaBox
2025-05-16 17:09:12,328 - WARNING - CropBox missing from /Page, defaulting to MediaBox
2025-05-16 17:09:12,328 - INFO - Processing lobbyist ID: 054096140175-62
2025-05-16 17:09:12,888 - WARNING - CropBox missing from /Page, defaulting to MediaBox
2025-05-16 17:09:12,911 - WARNING - CropBox missing from /Page, defaulting to MediaBox
2025-05-16 17:09:12,911 - INFO - Processing lobbyist ID: 054136242580-82
2025-05-16 17:09:13,448 - WARNING - CropBox missing from /Page, defaulting to MediaBox
2025-05-16 17:09:13,481 - WARNING - CropBox missing from /Page, defaulting to MediaBox
2025-05-16 17:09:13,482 - INFO - Processing lobbyist ID: 054204453214-11
2025-05-16 17:09:13,968 - WARNING - CropBox missing from /Page, defaulting to MediaBox
2025-05-16 17:09:13,997 - WARNING - CropBox missing from /Page, defaulting to MediaBox
2025-05-16 17:09:13,997 - INFO - Processing lobbyist ID: 054358293131-13
2025-05-16 17:09:14,459 - WARNING - CropBox missing from /Page, defaulting to MediaBox
2025-05-16 17:09:14,483 - WARNING - CropBox missing from /Page, defaulting to MediaBox
2025-05-16 17:09:14,483 - INFO - Processing lobbyist ID: 054662633848-40
2025-05-16 17:09:15,212 - WARNING - CropBox missing from /Page, defaulting to MediaBox
2025-05-16 17:09:15,213 - WARNING - CropBox missing from /Page, defaulting to MediaBox
2025-05-16 17:09:15,357 - WARNING - CropBox missing from /Page, defaulting to MediaBox
2025-05-16 17:09:15,357 - WARNING - CropBox missing from /Page, defaulting to MediaBox
2025-05-16 17:09:15,358 - INFO - Processing lobbyist ID: 054680935509-93
2025-05-16 17:09:15,931 - WARNING - CropBox missing from /Page, defaulting to MediaBox
2025-05-16 17:09:15,954 - WARNING - CropBox missing from /Page, defaulting to MediaBox
2025-05-16 17:09:15,955 - INFO - Processing lobbyist ID: 054728751431-03
2025-05-16 17:09:16,429 - WARNING - CropBox missing from /Page, defaulting to MediaBox
2025-05-16 17:09:16,455 - WARNING - CropBox missing from /Page, defaulting to MediaBox
2025-05-16 17:09:16,455 - INFO - Processing lobbyist ID: 054812397925-32
2025-05-16 17:09:16,956 - WARNING - CropBox missing from /Page, defaulting to MediaBox
2025-05-16 17:09:16,974 - WARNING - CropBox missing from /Page, defaulting to MediaBox
2025-05-16 17:09:16,974 - INFO - Processing lobbyist ID: 054831851240-96
2025-05-16 17:09:17,448 - WARNING - CropBox missing from /Page, defaulting to MediaBox
2025-05-16 17:09:17,474 - WARNING - CropBox missing from /Page, defaulting to MediaBox
2025-05-16 17:09:17,474 - INFO - Processing lobbyist ID: 054923732976-14
2025-05-16 17:09:17,938 - WARNING - CropBox missing from /Page, defaulting to MediaBox
2025-05-16 17:09:17,959 - WARNING - CropBox missing from /Page, defaulting to MediaBox
2025-05-16 17:09:17,960 - INFO - Processing lobbyist ID: 054976595746-22
2025-05-16 17:09:18,427 - WARNING - CropBox missing from /Page, defaulting to MediaBox
2025-05-16 17:09:18,456 - WARNING - CropBox missing from /Page, defaulting to MediaBox
2025-05-16 17:09:18,456 - INFO - Processing lobbyist ID: 055017716307-39
2025-05-16 17:09:19,477 - WARNING - CropBox missing from /Page, defaulting to MediaBox
2025-05-16 17:09:19,478 - WARNING - CropBox missing from /Page, defaulting to MediaBox
2025-05-16 17:09:19,605 - WARNING - CropBox missing from /Page, defaulting to MediaBox
2025-05-16 17:09:19,605 - WARNING - CropBox missing from /Page, defaulting to MediaBox
2025-05-16 17:09:19,605 - INFO - Processing lobbyist ID: 05503341949-54
2025-05-16 17:09:22,011 - WARNING - CropBox missing from /Page, defaulting to MediaBox
2025-05-16 17:09:22,013 - WARNING - CropBox missing from /Page, defaulting to MediaBox
2025-05-16 17:09:22,014 - WARNING - CropBox missing from /Page, defaulting to MediaBox
2025-05-16 17:09:22,015 - WARNING - CropBox missing from /Page, defaulting to MediaBox
2025-05-16 17:09:22,016 - WARNING - CropBox missing from /Page, defaulting to MediaBox
2025-05-16 17:09:22,329 - WARNING - CropBox missing from /Page, defaulting to MediaBox
2025-05-16 17:09:22,329 - WARNING - CropBox missing from /Page, defaulting to MediaBox
2025-05-16 17:09:22,329 - WARNING - CropBox missing from /Page, defaulting to MediaBox
2025-05-16 17:09:22,329 - WARNING - CropBox missing from /Page, defaulting to MediaBox
2025-05-16 17:09:22,330 - WARNING - CropBox missing from /Page, defaulting to MediaBox
2025-05-16 17:09:22,330 - INFO - Processing lobbyist ID: 055074529373-79
2025-05-16 17:09:22,808 - WARNING - CropBox missing from /Page, defaulting to MediaBox
2025-05-16 17:09:22,828 - WARNING - CropBox missing from /Page, defaulting to MediaBox
2025-05-16 17:09:22,829 - INFO - Processing lobbyist ID: 055088121896-37
2025-05-16 17:09:23,303 - WARNING - CropBox missing from /Page, defaulting to MediaBox
2025-05-16 17:09:23,328 - WARNING - CropBox missing from /Page, defaulting to MediaBox
2025-05-16 17:09:23,328 - INFO - Processing lobbyist ID: 05513338917-92
2025-05-16 17:09:23,964 - WARNING - CropBox missing from /Page, defaulting to MediaBox
2025-05-16 17:09:23,994 - WARNING - CropBox missing from /Page, defaulting to MediaBox
2025-05-16 17:09:23,995 - INFO - Processing lobbyist ID: 055280695661-05
2025-05-16 17:09:24,437 - WARNING - CropBox missing from /Page, defaulting to MediaBox
2025-05-16 17:09:24,463 - WARNING - CropBox missing from /Page, defaulting to MediaBox
2025-05-16 17:09:24,463 - INFO - Processing lobbyist ID: 055289796926-84
2025-05-16 17:09:24,934 - WARNING - CropBox missing from /Page, defaulting to MediaBox
2025-05-16 17:09:24,962 - WARNING - CropBox missing from /Page, defaulting to MediaBox
2025-05-16 17:09:24,962 - INFO - Processing lobbyist ID: 055298346584-89
2025-05-16 17:09:25,418 - WARNING - CropBox missing from /Page, defaulting to MediaBox
2025-05-16 17:09:25,469 - WARNING - CropBox missing from /Page, defaulting to MediaBox
2025-05-16 17:09:25,469 - INFO - Processing lobbyist ID: 05546466757-61
2025-05-16 17:09:26,256 - WARNING - CropBox missing from /Page, defaulting to MediaBox
2025-05-16 17:09:26,257 - WARNING - CropBox missing from /Page, defaulting to MediaBox
2025-05-16 17:09:26,377 - WARNING - CropBox missing from /Page, defaulting to MediaBox
2025-05-16 17:09:26,377 - WARNING - CropBox missing from /Page, defaulting to MediaBox
2025-05-16 17:09:26,377 - INFO - Processing lobbyist ID: 055505446104-20
2025-05-16 17:09:26,903 - WARNING - CropBox missing from /Page, defaulting to MediaBox
2025-05-16 17:09:26,927 - WARNING - CropBox missing from /Page, defaulting to MediaBox
2025-05-16 17:09:26,927 - INFO - Processing lobbyist ID: 055599331897-93
2025-05-16 17:09:27,625 - WARNING - CropBox missing from /Page, defaulting to MediaBox
2025-05-16 17:09:27,626 - WARNING - CropBox missing from /Page, defaulting to MediaBox
2025-05-16 17:09:27,752 - WARNING - CropBox missing from /Page, defaulting to MediaBox
2025-05-16 17:09:27,752 - WARNING - CropBox missing from /Page, defaulting to MediaBox
2025-05-16 17:09:27,752 - INFO - Processing lobbyist ID: 055616612425-69
2025-05-16 17:09:28,301 - WARNING - CropBox missing from /Page, defaulting to MediaBox
2025-05-16 17:09:28,331 - WARNING - CropBox missing from /Page, defaulting to MediaBox
2025-05-16 17:09:28,331 - INFO - Processing lobbyist ID: 055982497027-95
2025-05-16 17:09:28,814 - WARNING - CropBox missing from /Page, defaulting to MediaBox
2025-05-16 17:09:28,846 - WARNING - CropBox missing from /Page, defaulting to MediaBox
2025-05-16 17:09:28,846 - INFO - Processing lobbyist ID: 056048443448-39
2025-05-16 17:09:29,702 - WARNING - CropBox missing from /Page, defaulting to MediaBox
2025-05-16 17:09:29,745 - WARNING - CropBox missing from /Page, defaulting to MediaBox
2025-05-16 17:09:29,746 - INFO - Processing lobbyist ID: 056070639177-60
2025-05-16 17:09:30,317 - WARNING - CropBox missing from /Page, defaulting to MediaBox
2025-05-16 17:09:30,351 - WARNING - CropBox missing from /Page, defaulting to MediaBox
2025-05-16 17:09:30,351 - INFO - Processing lobbyist ID: 056093547125-86
2025-05-16 17:09:30,822 - WARNING - CropBox missing from /Page, defaulting to MediaBox
2025-05-16 17:09:30,843 - WARNING - CropBox missing from /Page, defaulting to MediaBox
2025-05-16 17:09:30,844 - INFO - Processing lobbyist ID: 056165697021-63
2025-05-16 17:09:31,386 - WARNING - CropBox missing from /Page, defaulting to MediaBox
2025-05-16 17:09:31,407 - WARNING - CropBox missing from /Page, defaulting to MediaBox
2025-05-16 17:09:31,407 - INFO - Processing lobbyist ID: 056183221914-36
2025-05-16 17:09:31,909 - WARNING - CropBox missing from /Page, defaulting to MediaBox
2025-05-16 17:09:31,925 - WARNING - CropBox missing from /Page, defaulting to MediaBox
2025-05-16 17:09:31,926 - INFO - Processing lobbyist ID: 056206692313-93
2025-05-16 17:09:32,391 - WARNING - CropBox missing from /Page, defaulting to MediaBox
2025-05-16 17:09:32,408 - WARNING - CropBox missing from /Page, defaulting to MediaBox
2025-05-16 17:09:32,409 - INFO - Processing lobbyist ID: 056209952434-40
2025-05-16 17:09:32,868 - WARNING - CropBox missing from /Page, defaulting to MediaBox
2025-05-16 17:09:32,893 - WARNING - CropBox missing from /Page, defaulting to MediaBox
2025-05-16 17:09:32,894 - INFO - Processing lobbyist ID: 056319643095-46
2025-05-16 17:09:33,434 - WARNING - CropBox missing from /Page, defaulting to MediaBox
2025-05-16 17:09:33,465 - WARNING - CropBox missing from /Page, defaulting to MediaBox
2025-05-16 17:09:33,465 - INFO - Processing lobbyist ID: 056349148033-85
2025-05-16 17:09:34,015 - WARNING - CropBox missing from /Page, defaulting to MediaBox
2025-05-16 17:09:34,044 - WARNING - CropBox missing from /Page, defaulting to MediaBox
2025-05-16 17:09:34,044 - INFO - Processing lobbyist ID: 056423341690-21
2025-05-16 17:09:34,575 - WARNING - CropBox missing from /Page, defaulting to MediaBox
2025-05-16 17:09:34,598 - WARNING - CropBox missing from /Page, defaulting to MediaBox
2025-05-16 17:09:34,599 - INFO - Processing lobbyist ID: 056480048288-76
2025-05-16 17:09:35,169 - WARNING - CropBox missing from /Page, defaulting to MediaBox
2025-05-16 17:09:35,203 - WARNING - CropBox missing from /Page, defaulting to MediaBox
2025-05-16 17:09:35,203 - INFO - Processing lobbyist ID: 056481142929-54
2025-05-16 17:09:35,667 - WARNING - CropBox missing from /Page, defaulting to MediaBox
2025-05-16 17:09:35,690 - WARNING - CropBox missing from /Page, defaulting to MediaBox
2025-05-16 17:09:35,690 - INFO - Processing lobbyist ID: 056554114772-76
2025-05-16 17:09:36,236 - WARNING - CropBox missing from /Page, defaulting to MediaBox
2025-05-16 17:09:36,260 - WARNING - CropBox missing from /Page, defaulting to MediaBox
2025-05-16 17:09:36,260 - INFO - Processing lobbyist ID: 056714940530-06
2025-05-16 17:09:36,786 - WARNING - CropBox missing from /Page, defaulting to MediaBox
2025-05-16 17:09:36,810 - WARNING - CropBox missing from /Page, defaulting to MediaBox
2025-05-16 17:09:36,810 - INFO - Processing lobbyist ID: 056719952435-72
2025-05-16 17:09:37,380 - WARNING - CropBox missing from /Page, defaulting to MediaBox
2025-05-16 17:09:37,406 - WARNING - CropBox missing from /Page, defaulting to MediaBox
2025-05-16 17:09:37,407 - INFO - Processing lobbyist ID: 056727396327-40
2025-05-16 17:09:38,038 - WARNING - CropBox missing from /Page, defaulting to MediaBox
2025-05-16 17:09:38,055 - WARNING - CropBox missing from /Page, defaulting to MediaBox
2025-05-16 17:09:38,055 - INFO - Processing lobbyist ID: 05673984520-73
2025-05-16 17:09:38,749 - WARNING - CropBox missing from /Page, defaulting to MediaBox
2025-05-16 17:09:38,750 - WARNING - CropBox missing from /Page, defaulting to MediaBox
2025-05-16 17:09:38,831 - WARNING - CropBox missing from /Page, defaulting to MediaBox
2025-05-16 17:09:38,831 - WARNING - CropBox missing from /Page, defaulting to MediaBox
2025-05-16 17:09:38,831 - INFO - Processing lobbyist ID: 056855333958-16
2025-05-16 17:09:39,315 - WARNING - CropBox missing from /Page, defaulting to MediaBox
2025-05-16 17:09:39,339 - WARNING - CropBox missing from /Page, defaulting to MediaBox
2025-05-16 17:09:39,339 - INFO - Processing lobbyist ID: 05693918534-87
2025-05-16 17:09:40,203 - WARNING - CropBox missing from /Page, defaulting to MediaBox
2025-05-16 17:09:40,285 - WARNING - CropBox missing from /Page, defaulting to MediaBox
2025-05-16 17:09:40,285 - INFO - Processing lobbyist ID: 057001398410-54
2025-05-16 17:09:40,790 - WARNING - CropBox missing from /Page, defaulting to MediaBox
2025-05-16 17:09:40,817 - WARNING - CropBox missing from /Page, defaulting to MediaBox
2025-05-16 17:09:40,817 - INFO - Processing lobbyist ID: 057050117687-88
2025-05-16 17:09:41,353 - WARNING - CropBox missing from /Page, defaulting to MediaBox
2025-05-16 17:09:41,398 - WARNING - CropBox missing from /Page, defaulting to MediaBox
2025-05-16 17:09:41,399 - INFO - Processing lobbyist ID: 057227237522-63
2025-05-16 17:09:41,944 - WARNING - CropBox missing from /Page, defaulting to MediaBox
2025-05-16 17:09:41,967 - WARNING - CropBox missing from /Page, defaulting to MediaBox
2025-05-16 17:09:41,967 - INFO - Processing lobbyist ID: 057324697940-43
2025-05-16 17:09:42,453 - WARNING - CropBox missing from /Page, defaulting to MediaBox
2025-05-16 17:09:42,475 - WARNING - CropBox missing from /Page, defaulting to MediaBox
2025-05-16 17:09:42,475 - INFO - Processing lobbyist ID: 057432750402-79
2025-05-16 17:09:43,080 - WARNING - CropBox missing from /Page, defaulting to MediaBox
2025-05-16 17:09:43,104 - WARNING - CropBox missing from /Page, defaulting to MediaBox
2025-05-16 17:09:43,105 - INFO - Processed 900 lobbyists out of 14400. Pausing for 3 seconds to avoid server overload...
2025-05-16 17:09:46,138 - INFO - Processing lobbyist ID: 057482041045-57
2025-05-16 17:09:46,672 - WARNING - CropBox missing from /Page, defaulting to MediaBox
2025-05-16 17:09:46,693 - WARNING - CropBox missing from /Page, defaulting to MediaBox
2025-05-16 17:09:46,693 - INFO - Processing lobbyist ID: 057551445871-75
2025-05-16 17:09:47,165 - WARNING - CropBox missing from /Page, defaulting to MediaBox
2025-05-16 17:09:47,192 - WARNING - CropBox missing from /Page, defaulting to MediaBox
2025-05-16 17:09:47,192 - INFO - Processing lobbyist ID: 057783748990-59
2025-05-16 17:09:47,709 - WARNING - CropBox missing from /Page, defaulting to MediaBox
2025-05-16 17:09:47,732 - WARNING - CropBox missing from /Page, defaulting to MediaBox
2025-05-16 17:09:47,733 - INFO - Processing lobbyist ID: 057826241328-95
2025-05-16 17:09:48,270 - WARNING - CropBox missing from /Page, defaulting to MediaBox
2025-05-16 17:09:48,294 - WARNING - CropBox missing from /Page, defaulting to MediaBox
2025-05-16 17:09:48,294 - INFO - Processing lobbyist ID: 057971591535-59
2025-05-16 17:09:48,765 - WARNING - CropBox missing from /Page, defaulting to MediaBox
2025-05-16 17:09:48,785 - WARNING - CropBox missing from /Page, defaulting to MediaBox
2025-05-16 17:09:48,785 - INFO - Processing lobbyist ID: 057978797810-36
2025-05-16 17:09:49,303 - WARNING - CropBox missing from /Page, defaulting to MediaBox
2025-05-16 17:09:49,326 - WARNING - CropBox missing from /Page, defaulting to MediaBox
2025-05-16 17:09:49,327 - INFO - Processing lobbyist ID: 058062897661-91
2025-05-16 17:09:49,813 - WARNING - CropBox missing from /Page, defaulting to MediaBox
2025-05-16 17:09:49,834 - WARNING - CropBox missing from /Page, defaulting to MediaBox
2025-05-16 17:09:49,834 - INFO - Processing lobbyist ID: 058244348554-71
2025-05-16 17:09:50,312 - WARNING - CropBox missing from /Page, defaulting to MediaBox
2025-05-16 17:09:50,334 - WARNING - CropBox missing from /Page, defaulting to MediaBox
2025-05-16 17:09:50,334 - INFO - Processing lobbyist ID: 058264951625-58
2025-05-16 17:09:50,848 - WARNING - CropBox missing from /Page, defaulting to MediaBox
2025-05-16 17:09:50,871 - WARNING - CropBox missing from /Page, defaulting to MediaBox
2025-05-16 17:09:50,871 - INFO - Processing lobbyist ID: 05829149535-55
2025-05-16 17:09:51,329 - WARNING - CropBox missing from /Page, defaulting to MediaBox
2025-05-16 17:09:51,358 - WARNING - CropBox missing from /Page, defaulting to MediaBox
2025-05-16 17:09:51,358 - INFO - Processing lobbyist ID: 058315817054-35
2025-05-16 17:09:51,921 - WARNING - CropBox missing from /Page, defaulting to MediaBox
2025-05-16 17:09:51,947 - WARNING - CropBox missing from /Page, defaulting to MediaBox
2025-05-16 17:09:51,947 - INFO - Processing lobbyist ID: 058327696531-77
2025-05-16 17:09:52,538 - WARNING - CropBox missing from /Page, defaulting to MediaBox
2025-05-16 17:09:52,569 - WARNING - CropBox missing from /Page, defaulting to MediaBox
2025-05-16 17:09:52,569 - INFO - Processing lobbyist ID: 058359527245-73
2025-05-16 17:09:53,186 - WARNING - CropBox missing from /Page, defaulting to MediaBox
2025-05-16 17:09:53,245 - WARNING - CropBox missing from /Page, defaulting to MediaBox
2025-05-16 17:09:53,245 - INFO - Processing lobbyist ID: 058361797186-42
2025-05-16 17:09:53,794 - WARNING - CropBox missing from /Page, defaulting to MediaBox
2025-05-16 17:09:53,818 - WARNING - CropBox missing from /Page, defaulting to MediaBox
2025-05-16 17:09:53,818 - INFO - Processing lobbyist ID: 058386922152-70
2025-05-16 17:09:54,414 - WARNING - CropBox missing from /Page, defaulting to MediaBox
2025-05-16 17:09:54,438 - WARNING - CropBox missing from /Page, defaulting to MediaBox
2025-05-16 17:09:54,438 - INFO - Processing lobbyist ID: 058394093750-74
2025-05-16 17:09:54,940 - WARNING - CropBox missing from /Page, defaulting to MediaBox
2025-05-16 17:09:54,960 - WARNING - CropBox missing from /Page, defaulting to MediaBox
2025-05-16 17:09:54,960 - INFO - Processing lobbyist ID: 058425237463-83
2025-05-16 17:09:55,557 - WARNING - CropBox missing from /Page, defaulting to MediaBox
2025-05-16 17:09:55,597 - WARNING - CropBox missing from /Page, defaulting to MediaBox
2025-05-16 17:09:55,597 - INFO - Processing lobbyist ID: 05847066277-30
2025-05-16 17:09:56,046 - WARNING - CropBox missing from /Page, defaulting to MediaBox
2025-05-16 17:09:56,087 - WARNING - CropBox missing from /Page, defaulting to MediaBox
2025-05-16 17:09:56,087 - INFO - Processing lobbyist ID: 058489048284-67
2025-05-16 17:09:56,569 - WARNING - CropBox missing from /Page, defaulting to MediaBox
2025-05-16 17:09:56,594 - WARNING - CropBox missing from /Page, defaulting to MediaBox
2025-05-16 17:09:56,594 - INFO - Processing lobbyist ID: 058512095859-77
2025-05-16 17:09:57,126 - WARNING - CropBox missing from /Page, defaulting to MediaBox
2025-05-16 17:09:57,160 - WARNING - CropBox missing from /Page, defaulting to MediaBox
2025-05-16 17:09:57,160 - INFO - Processing lobbyist ID: 058565221863-63
2025-05-16 17:09:57,697 - WARNING - CropBox missing from /Page, defaulting to MediaBox
2025-05-16 17:09:57,724 - WARNING - CropBox missing from /Page, defaulting to MediaBox
2025-05-16 17:09:57,725 - INFO - Processing lobbyist ID: 058635793611-39
2025-05-16 17:09:58,195 - WARNING - CropBox missing from /Page, defaulting to MediaBox
2025-05-16 17:09:58,213 - WARNING - CropBox missing from /Page, defaulting to MediaBox
2025-05-16 17:09:58,214 - INFO - Processing lobbyist ID: 058741397750-72
2025-05-16 17:09:58,741 - WARNING - CropBox missing from /Page, defaulting to MediaBox
2025-05-16 17:09:58,765 - WARNING - CropBox missing from /Page, defaulting to MediaBox
2025-05-16 17:09:58,765 - INFO - Processing lobbyist ID: 05875751179-80
2025-05-16 17:09:59,306 - WARNING - CropBox missing from /Page, defaulting to MediaBox
2025-05-16 17:09:59,330 - WARNING - CropBox missing from /Page, defaulting to MediaBox
2025-05-16 17:09:59,330 - INFO - Processing lobbyist ID: 058844929898-09
2025-05-16 17:09:59,856 - WARNING - CropBox missing from /Page, defaulting to MediaBox
2025-05-16 17:09:59,882 - WARNING - CropBox missing from /Page, defaulting to MediaBox
2025-05-16 17:09:59,882 - INFO - Processing lobbyist ID: 058885450478-73
2025-05-16 17:10:00,355 - WARNING - CropBox missing from /Page, defaulting to MediaBox
2025-05-16 17:10:00,394 - WARNING - CropBox missing from /Page, defaulting to MediaBox
2025-05-16 17:10:00,394 - INFO - Processing lobbyist ID: 058910411877-30
2025-05-16 17:10:00,945 - WARNING - CropBox missing from /Page, defaulting to MediaBox
2025-05-16 17:10:00,965 - WARNING - CropBox missing from /Page, defaulting to MediaBox
2025-05-16 17:10:00,965 - INFO - Processing lobbyist ID: 058914937720-75
2025-05-16 17:10:01,512 - WARNING - CropBox missing from /Page, defaulting to MediaBox
2025-05-16 17:10:01,541 - WARNING - CropBox missing from /Page, defaulting to MediaBox
2025-05-16 17:10:01,541 - INFO - Processing lobbyist ID: 059012942439-85
2025-05-16 17:10:02,100 - WARNING - CropBox missing from /Page, defaulting to MediaBox
2025-05-16 17:10:02,124 - WARNING - CropBox missing from /Page, defaulting to MediaBox
2025-05-16 17:10:02,124 - INFO - Processing lobbyist ID: 059134051904-87
2025-05-16 17:10:02,768 - WARNING - CropBox missing from /Page, defaulting to MediaBox
2025-05-16 17:10:02,796 - WARNING - CropBox missing from /Page, defaulting to MediaBox
2025-05-16 17:10:02,796 - INFO - Processing lobbyist ID: 059325051424-57
2025-05-16 17:10:03,325 - WARNING - CropBox missing from /Page, defaulting to MediaBox
2025-05-16 17:10:03,348 - WARNING - CropBox missing from /Page, defaulting to MediaBox
2025-05-16 17:10:03,348 - INFO - Processing lobbyist ID: 059329031794-65
2025-05-16 17:10:03,871 - WARNING - CropBox missing from /Page, defaulting to MediaBox
2025-05-16 17:10:03,895 - WARNING - CropBox missing from /Page, defaulting to MediaBox
2025-05-16 17:10:03,895 - INFO - Processing lobbyist ID: 059352020164-92
2025-05-16 17:10:04,470 - WARNING - CropBox missing from /Page, defaulting to MediaBox
2025-05-16 17:10:04,488 - WARNING - CropBox missing from /Page, defaulting to MediaBox
2025-05-16 17:10:04,488 - INFO - Processing lobbyist ID: 059443622722-41
2025-05-16 17:10:05,144 - WARNING - CropBox missing from /Page, defaulting to MediaBox
2025-05-16 17:10:05,170 - WARNING - CropBox missing from /Page, defaulting to MediaBox
2025-05-16 17:10:05,170 - INFO - Processing lobbyist ID: 059523148868-86
2025-05-16 17:10:05,665 - WARNING - CropBox missing from /Page, defaulting to MediaBox
2025-05-16 17:10:05,694 - WARNING - CropBox missing from /Page, defaulting to MediaBox
2025-05-16 17:10:05,694 - INFO - Processing lobbyist ID: 059548052529-62
2025-05-16 17:10:06,169 - WARNING - CropBox missing from /Page, defaulting to MediaBox
2025-05-16 17:10:06,193 - WARNING - CropBox missing from /Page, defaulting to MediaBox
2025-05-16 17:10:06,193 - INFO - Processing lobbyist ID: 059821818085-87
2025-05-16 17:10:06,715 - WARNING - CropBox missing from /Page, defaulting to MediaBox
2025-05-16 17:10:06,739 - WARNING - CropBox missing from /Page, defaulting to MediaBox
2025-05-16 17:10:06,739 - INFO - Processing lobbyist ID: 059933140314-53
2025-05-16 17:10:07,268 - WARNING - CropBox missing from /Page, defaulting to MediaBox
2025-05-16 17:10:07,293 - WARNING - CropBox missing from /Page, defaulting to MediaBox
2025-05-16 17:10:07,293 - INFO - Processing lobbyist ID: 060039997387-42
2025-05-16 17:10:07,787 - WARNING - CropBox missing from /Page, defaulting to MediaBox
2025-05-16 17:10:07,806 - WARNING - CropBox missing from /Page, defaulting to MediaBox
2025-05-16 17:10:07,806 - INFO - Processing lobbyist ID: 060318238252-62
2025-05-16 17:10:08,429 - WARNING - CropBox missing from /Page, defaulting to MediaBox
2025-05-16 17:10:08,455 - WARNING - CropBox missing from /Page, defaulting to MediaBox
2025-05-16 17:10:08,455 - INFO - Processing lobbyist ID: 060355422799-28
2025-05-16 17:10:09,030 - WARNING - CropBox missing from /Page, defaulting to MediaBox
2025-05-16 17:10:09,046 - WARNING - CropBox missing from /Page, defaulting to MediaBox
2025-05-16 17:10:09,047 - INFO - Processing lobbyist ID: 060506649648-03
2025-05-16 17:10:09,500 - WARNING - CropBox missing from /Page, defaulting to MediaBox
2025-05-16 17:10:09,550 - WARNING - CropBox missing from /Page, defaulting to MediaBox
2025-05-16 17:10:09,550 - INFO - Processing lobbyist ID: 060515394884-12
2025-05-16 17:10:10,090 - WARNING - CropBox missing from /Page, defaulting to MediaBox
2025-05-16 17:10:10,113 - WARNING - CropBox missing from /Page, defaulting to MediaBox
2025-05-16 17:10:10,113 - INFO - Processing lobbyist ID: 060538392123-27
2025-05-16 17:10:10,613 - WARNING - CropBox missing from /Page, defaulting to MediaBox
2025-05-16 17:10:10,642 - WARNING - CropBox missing from /Page, defaulting to MediaBox
2025-05-16 17:10:10,643 - INFO - Processing lobbyist ID: 060579941127-92
2025-05-16 17:10:11,319 - WARNING - CropBox missing from /Page, defaulting to MediaBox
2025-05-16 17:10:11,353 - WARNING - CropBox missing from /Page, defaulting to MediaBox
2025-05-16 17:10:11,353 - INFO - Processing lobbyist ID: 060604997081-63
2025-05-16 17:10:11,811 - WARNING - CropBox missing from /Page, defaulting to MediaBox
2025-05-16 17:10:11,832 - WARNING - CropBox missing from /Page, defaulting to MediaBox
2025-05-16 17:10:11,832 - INFO - Processing lobbyist ID: 060605222884-13
2025-05-16 17:10:12,598 - WARNING - CropBox missing from /Page, defaulting to MediaBox
2025-05-16 17:10:12,658 - WARNING - CropBox missing from /Page, defaulting to MediaBox
2025-05-16 17:10:12,659 - INFO - Processing lobbyist ID: 060671196801-29
2025-05-16 17:10:13,158 - WARNING - CropBox missing from /Page, defaulting to MediaBox
2025-05-16 17:10:13,191 - WARNING - CropBox missing from /Page, defaulting to MediaBox
2025-05-16 17:10:13,191 - INFO - Processing lobbyist ID: 060740049238-39
2025-05-16 17:10:13,934 - WARNING - CropBox missing from /Page, defaulting to MediaBox
2025-05-16 17:10:13,935 - WARNING - CropBox missing from /Page, defaulting to MediaBox
2025-05-16 17:10:14,033 - WARNING - CropBox missing from /Page, defaulting to MediaBox
2025-05-16 17:10:14,033 - WARNING - CropBox missing from /Page, defaulting to MediaBox
2025-05-16 17:10:14,033 - INFO - Processing lobbyist ID: 06081633546-76
2025-05-16 17:10:15,236 - WARNING - CropBox missing from /Page, defaulting to MediaBox
2025-05-16 17:10:15,236 - WARNING - CropBox missing from /Page, defaulting to MediaBox
2025-05-16 17:10:15,289 - WARNING - CropBox missing from /Page, defaulting to MediaBox
2025-05-16 17:10:15,289 - WARNING - CropBox missing from /Page, defaulting to MediaBox
2025-05-16 17:10:15,289 - INFO - Processing lobbyist ID: 060904811513-73
2025-05-16 17:10:15,835 - WARNING - CropBox missing from /Page, defaulting to MediaBox
2025-05-16 17:10:15,863 - WARNING - CropBox missing from /Page, defaulting to MediaBox
2025-05-16 17:10:15,863 - INFO - Processing lobbyist ID: 060933793069-24
2025-05-16 17:10:16,370 - WARNING - CropBox missing from /Page, defaulting to MediaBox
2025-05-16 17:10:16,389 - WARNING - CropBox missing from /Page, defaulting to MediaBox
2025-05-16 17:10:16,389 - INFO - Processing lobbyist ID: 06093891220-52
2025-05-16 17:10:17,448 - WARNING - CropBox missing from /Page, defaulting to MediaBox
2025-05-16 17:10:17,450 - WARNING - CropBox missing from /Page, defaulting to MediaBox
2025-05-16 17:10:17,451 - WARNING - CropBox missing from /Page, defaulting to MediaBox
2025-05-16 17:10:17,614 - WARNING - CropBox missing from /Page, defaulting to MediaBox
2025-05-16 17:10:17,614 - WARNING - CropBox missing from /Page, defaulting to MediaBox
2025-05-16 17:10:17,614 - WARNING - CropBox missing from /Page, defaulting to MediaBox
2025-05-16 17:10:17,614 - INFO - Processing lobbyist ID: 060963817274-71
2025-05-16 17:10:18,333 - WARNING - CropBox missing from /Page, defaulting to MediaBox
2025-05-16 17:10:18,335 - WARNING - CropBox missing from /Page, defaulting to MediaBox
2025-05-16 17:10:18,413 - WARNING - CropBox missing from /Page, defaulting to MediaBox
2025-05-16 17:10:18,413 - WARNING - CropBox missing from /Page, defaulting to MediaBox
2025-05-16 17:10:18,413 - INFO - Processing lobbyist ID: 061018639296-87
2025-05-16 17:10:18,884 - WARNING - CropBox missing from /Page, defaulting to MediaBox
2025-05-16 17:10:18,918 - WARNING - CropBox missing from /Page, defaulting to MediaBox
2025-05-16 17:10:18,918 - INFO - Processing lobbyist ID: 061046228279-17
2025-05-16 17:10:19,468 - WARNING - CropBox missing from /Page, defaulting to MediaBox
2025-05-16 17:10:19,492 - WARNING - CropBox missing from /Page, defaulting to MediaBox
2025-05-16 17:10:19,492 - INFO - Processing lobbyist ID: 061072950735-95
2025-05-16 17:10:20,005 - WARNING - CropBox missing from /Page, defaulting to MediaBox
2025-05-16 17:10:20,023 - WARNING - CropBox missing from /Page, defaulting to MediaBox
2025-05-16 17:10:20,024 - INFO - Processing lobbyist ID: 061081450244-39
2025-05-16 17:10:20,585 - WARNING - CropBox missing from /Page, defaulting to MediaBox
2025-05-16 17:10:20,650 - WARNING - CropBox missing from /Page, defaulting to MediaBox
2025-05-16 17:10:20,650 - INFO - Processing lobbyist ID: 061140041726-81
2025-05-16 17:10:21,245 - WARNING - CropBox missing from /Page, defaulting to MediaBox
2025-05-16 17:10:21,275 - WARNING - CropBox missing from /Page, defaulting to MediaBox
2025-05-16 17:10:21,275 - INFO - Processing lobbyist ID: 061156295421-53
2025-05-16 17:10:21,826 - WARNING - CropBox missing from /Page, defaulting to MediaBox
2025-05-16 17:10:21,875 - WARNING - CropBox missing from /Page, defaulting to MediaBox
2025-05-16 17:10:21,875 - INFO - Processing lobbyist ID: 061395248698-24
2025-05-16 17:10:22,343 - WARNING - CropBox missing from /Page, defaulting to MediaBox
2025-05-16 17:10:22,365 - WARNING - CropBox missing from /Page, defaulting to MediaBox
2025-05-16 17:10:22,365 - INFO - Processing lobbyist ID: 0614379494-67
2025-05-16 17:10:22,909 - WARNING - CropBox missing from /Page, defaulting to MediaBox
2025-05-16 17:10:22,952 - WARNING - CropBox missing from /Page, defaulting to MediaBox
2025-05-16 17:10:22,953 - INFO - Processing lobbyist ID: 061601915428-87
2025-05-16 17:10:24,425 - WARNING - CropBox missing from /Page, defaulting to MediaBox
2025-05-16 17:10:24,425 - WARNING - CropBox missing from /Page, defaulting to MediaBox
2025-05-16 17:10:24,426 - WARNING - CropBox missing from /Page, defaulting to MediaBox
2025-05-16 17:10:24,426 - WARNING - CropBox missing from /Page, defaulting to MediaBox
2025-05-16 17:10:24,427 - WARNING - CropBox missing from /Page, defaulting to MediaBox
2025-05-16 17:10:24,427 - WARNING - CropBox missing from /Page, defaulting to MediaBox
2025-05-16 17:10:24,428 - WARNING - CropBox missing from /Page, defaulting to MediaBox
2025-05-16 17:10:24,843 - WARNING - CropBox missing from /Page, defaulting to MediaBox
2025-05-16 17:10:24,843 - WARNING - CropBox missing from /Page, defaulting to MediaBox
2025-05-16 17:10:24,843 - WARNING - CropBox missing from /Page, defaulting to MediaBox
2025-05-16 17:10:24,843 - WARNING - CropBox missing from /Page, defaulting to MediaBox
2025-05-16 17:10:24,843 - WARNING - CropBox missing from /Page, defaulting to MediaBox
2025-05-16 17:10:24,844 - WARNING - CropBox missing from /Page, defaulting to MediaBox
2025-05-16 17:10:24,844 - WARNING - CropBox missing from /Page, defaulting to MediaBox
2025-05-16 17:10:24,844 - INFO - Processing lobbyist ID: 061605697101-02
2025-05-16 17:10:25,573 - WARNING - CropBox missing from /Page, defaulting to MediaBox
2025-05-16 17:10:25,598 - WARNING - CropBox missing from /Page, defaulting to MediaBox
2025-05-16 17:10:25,599 - INFO - Processing lobbyist ID: 061766531381-62
2025-05-16 17:10:26,059 - WARNING - CropBox missing from /Page, defaulting to MediaBox
2025-05-16 17:10:26,082 - WARNING - CropBox missing from /Page, defaulting to MediaBox
2025-05-16 17:10:26,082 - INFO - Processing lobbyist ID: 061911948415-37
2025-05-16 17:10:26,574 - WARNING - CropBox missing from /Page, defaulting to MediaBox
2025-05-16 17:10:26,607 - WARNING - CropBox missing from /Page, defaulting to MediaBox
2025-05-16 17:10:26,607 - INFO - Processing lobbyist ID: 062118097838-93
2025-05-16 17:10:27,080 - WARNING - CropBox missing from /Page, defaulting to MediaBox
2025-05-16 17:10:27,100 - WARNING - CropBox missing from /Page, defaulting to MediaBox
2025-05-16 17:10:27,100 - INFO - Processing lobbyist ID: 062176892163-78
2025-05-16 17:10:27,569 - WARNING - CropBox missing from /Page, defaulting to MediaBox
2025-05-16 17:10:27,597 - WARNING - CropBox missing from /Page, defaulting to MediaBox
2025-05-16 17:10:27,597 - INFO - Processing lobbyist ID: 062334253126-35
2025-05-16 17:10:28,062 - WARNING - CropBox missing from /Page, defaulting to MediaBox
2025-05-16 17:10:28,089 - WARNING - CropBox missing from /Page, defaulting to MediaBox
2025-05-16 17:10:28,089 - INFO - Processing lobbyist ID: 062342593080-11
2025-05-16 17:10:28,617 - WARNING - CropBox missing from /Page, defaulting to MediaBox
2025-05-16 17:10:28,633 - WARNING - CropBox missing from /Page, defaulting to MediaBox
2025-05-16 17:10:28,633 - INFO - Processing lobbyist ID: 062347351575-41
2025-05-16 17:10:29,255 - WARNING - CropBox missing from /Page, defaulting to MediaBox
2025-05-16 17:10:29,281 - WARNING - CropBox missing from /Page, defaulting to MediaBox
2025-05-16 17:10:29,281 - INFO - Processing lobbyist ID: 06248449380-53
2025-05-16 17:10:30,177 - WARNING - CropBox missing from /Page, defaulting to MediaBox
2025-05-16 17:10:30,179 - WARNING - CropBox missing from /Page, defaulting to MediaBox
2025-05-16 17:10:30,267 - WARNING - CropBox missing from /Page, defaulting to MediaBox
2025-05-16 17:10:30,267 - WARNING - CropBox missing from /Page, defaulting to MediaBox
2025-05-16 17:10:30,267 - INFO - Processing lobbyist ID: 062486024942-77
2025-05-16 17:10:30,870 - WARNING - CropBox missing from /Page, defaulting to MediaBox
2025-05-16 17:10:30,906 - WARNING - CropBox missing from /Page, defaulting to MediaBox
2025-05-16 17:10:30,906 - INFO - Processing lobbyist ID: 06250094777-73
2025-05-16 17:10:31,664 - WARNING - CropBox missing from /Page, defaulting to MediaBox
2025-05-16 17:10:31,665 - WARNING - CropBox missing from /Page, defaulting to MediaBox
2025-05-16 17:10:31,798 - WARNING - CropBox missing from /Page, defaulting to MediaBox
2025-05-16 17:10:31,798 - WARNING - CropBox missing from /Page, defaulting to MediaBox
2025-05-16 17:10:31,798 - INFO - Processing lobbyist ID: 062557939516-27
2025-05-16 17:10:32,264 - WARNING - CropBox missing from /Page, defaulting to MediaBox
2025-05-16 17:10:32,287 - WARNING - CropBox missing from /Page, defaulting to MediaBox
2025-05-16 17:10:32,287 - INFO - Processing lobbyist ID: 062568129866-61
2025-05-16 17:10:32,827 - WARNING - CropBox missing from /Page, defaulting to MediaBox
2025-05-16 17:10:32,851 - WARNING - CropBox missing from /Page, defaulting to MediaBox
2025-05-16 17:10:32,852 - INFO - Processing lobbyist ID: 062604893923-59
2025-05-16 17:10:33,308 - WARNING - CropBox missing from /Page, defaulting to MediaBox
2025-05-16 17:10:33,333 - WARNING - CropBox missing from /Page, defaulting to MediaBox
2025-05-16 17:10:33,334 - INFO - Processing lobbyist ID: 062661126926-78
2025-05-16 17:10:33,825 - WARNING - CropBox missing from /Page, defaulting to MediaBox
2025-05-16 17:10:33,855 - WARNING - CropBox missing from /Page, defaulting to MediaBox
2025-05-16 17:10:33,855 - INFO - Processing lobbyist ID: 062719947686-52
2025-05-16 17:10:34,334 - WARNING - CropBox missing from /Page, defaulting to MediaBox
2025-05-16 17:10:34,358 - WARNING - CropBox missing from /Page, defaulting to MediaBox
2025-05-16 17:10:34,358 - INFO - Processing lobbyist ID: 062743553069-57
2025-05-16 17:10:34,828 - WARNING - CropBox missing from /Page, defaulting to MediaBox
2025-05-16 17:10:34,849 - WARNING - CropBox missing from /Page, defaulting to MediaBox
2025-05-16 17:10:34,849 - INFO - Processing lobbyist ID: 062863197834-79
2025-05-16 17:10:35,310 - WARNING - CropBox missing from /Page, defaulting to MediaBox
2025-05-16 17:10:35,363 - WARNING - CropBox missing from /Page, defaulting to MediaBox
2025-05-16 17:10:35,363 - INFO - Processing lobbyist ID: 062895952326-07
2025-05-16 17:10:35,877 - WARNING - CropBox missing from /Page, defaulting to MediaBox
2025-05-16 17:10:35,896 - WARNING - CropBox missing from /Page, defaulting to MediaBox
2025-05-16 17:10:35,896 - INFO - Processing lobbyist ID: 063377615456-10
2025-05-16 17:10:36,367 - WARNING - CropBox missing from /Page, defaulting to MediaBox
2025-05-16 17:10:36,389 - WARNING - CropBox missing from /Page, defaulting to MediaBox
2025-05-16 17:10:36,390 - INFO - Processing lobbyist ID: 0633841538-63
2025-05-16 17:10:36,919 - WARNING - CropBox missing from /Page, defaulting to MediaBox
2025-05-16 17:10:36,946 - WARNING - CropBox missing from /Page, defaulting to MediaBox
2025-05-16 17:10:36,946 - INFO - Processing lobbyist ID: 063426644863-51
2025-05-16 17:10:37,580 - WARNING - CropBox missing from /Page, defaulting to MediaBox
2025-05-16 17:10:37,603 - WARNING - CropBox missing from /Page, defaulting to MediaBox
2025-05-16 17:10:37,603 - INFO - Processing lobbyist ID: 063432548669-40
2025-05-16 17:10:38,158 - WARNING - CropBox missing from /Page, defaulting to MediaBox
2025-05-16 17:10:38,182 - WARNING - CropBox missing from /Page, defaulting to MediaBox
2025-05-16 17:10:38,182 - INFO - Processing lobbyist ID: 063571949066-13
2025-05-16 17:10:38,654 - WARNING - CropBox missing from /Page, defaulting to MediaBox
2025-05-16 17:10:38,678 - WARNING - CropBox missing from /Page, defaulting to MediaBox
2025-05-16 17:10:38,678 - INFO - Processing lobbyist ID: 063579837711-91
2025-05-16 17:10:39,155 - WARNING - CropBox missing from /Page, defaulting to MediaBox
2025-05-16 17:10:39,178 - WARNING - CropBox missing from /Page, defaulting to MediaBox
2025-05-16 17:10:39,178 - INFO - Processing lobbyist ID: 063616592987-45
2025-05-16 17:10:39,707 - WARNING - CropBox missing from /Page, defaulting to MediaBox
2025-05-16 17:10:39,730 - WARNING - CropBox missing from /Page, defaulting to MediaBox
2025-05-16 17:10:39,731 - INFO - Processing lobbyist ID: 063678450752-51
2025-05-16 17:10:40,296 - WARNING - CropBox missing from /Page, defaulting to MediaBox
2025-05-16 17:10:40,324 - WARNING - CropBox missing from /Page, defaulting to MediaBox
2025-05-16 17:10:40,324 - INFO - Processing lobbyist ID: 063687428620-87
2025-05-16 17:10:40,966 - WARNING - CropBox missing from /Page, defaulting to MediaBox
2025-05-16 17:10:40,992 - WARNING - CropBox missing from /Page, defaulting to MediaBox
2025-05-16 17:10:40,992 - INFO - Processing lobbyist ID: 063760495957-03
2025-05-16 17:10:41,862 - WARNING - CropBox missing from /Page, defaulting to MediaBox
2025-05-16 17:10:41,896 - WARNING - CropBox missing from /Page, defaulting to MediaBox
2025-05-16 17:10:41,897 - INFO - Processing lobbyist ID: 063789047077-65
2025-05-16 17:10:42,406 - WARNING - CropBox missing from /Page, defaulting to MediaBox
2025-05-16 17:10:42,440 - WARNING - CropBox missing from /Page, defaulting to MediaBox
2025-05-16 17:10:42,440 - INFO - Processing lobbyist ID: 063886638002-22
2025-05-16 17:10:42,906 - WARNING - CropBox missing from /Page, defaulting to MediaBox
2025-05-16 17:10:42,929 - WARNING - CropBox missing from /Page, defaulting to MediaBox
2025-05-16 17:10:42,929 - INFO - Processing lobbyist ID: 063887939934-11
2025-05-16 17:10:43,414 - WARNING - CropBox missing from /Page, defaulting to MediaBox
2025-05-16 17:10:43,439 - WARNING - CropBox missing from /Page, defaulting to MediaBox
2025-05-16 17:10:43,439 - INFO - Processing lobbyist ID: 063946234853-60
2025-05-16 17:10:44,006 - WARNING - CropBox missing from /Page, defaulting to MediaBox
2025-05-16 17:10:44,051 - WARNING - CropBox missing from /Page, defaulting to MediaBox
2025-05-16 17:10:44,052 - INFO - Processing lobbyist ID: 063960043362-79
2025-05-16 17:10:44,582 - WARNING - CropBox missing from /Page, defaulting to MediaBox
2025-05-16 17:10:44,608 - WARNING - CropBox missing from /Page, defaulting to MediaBox
2025-05-16 17:10:44,609 - INFO - Processing lobbyist ID: 063992339263-19
2025-05-16 17:10:45,117 - WARNING - CropBox missing from /Page, defaulting to MediaBox
2025-05-16 17:10:45,140 - WARNING - CropBox missing from /Page, defaulting to MediaBox
2025-05-16 17:10:45,141 - INFO - Processing lobbyist ID: 064034733055-88
2025-05-16 17:10:47,488 - WARNING - CropBox missing from /Page, defaulting to MediaBox
2025-05-16 17:10:47,490 - WARNING - CropBox missing from /Page, defaulting to MediaBox
2025-05-16 17:10:47,492 - WARNING - CropBox missing from /Page, defaulting to MediaBox
2025-05-16 17:10:47,645 - WARNING - CropBox missing from /Page, defaulting to MediaBox
2025-05-16 17:10:47,645 - WARNING - CropBox missing from /Page, defaulting to MediaBox
2025-05-16 17:10:47,645 - WARNING - CropBox missing from /Page, defaulting to MediaBox
2025-05-16 17:10:47,646 - INFO - Processing lobbyist ID: 064161336056-08
2025-05-16 17:10:48,171 - WARNING - CropBox missing from /Page, defaulting to MediaBox
2025-05-16 17:10:48,190 - WARNING - CropBox missing from /Page, defaulting to MediaBox
2025-05-16 17:10:48,190 - INFO - Processed 1000 lobbyists out of 14400. Pausing for 3 seconds to avoid server overload...
2025-05-16 17:10:51,223 - INFO - Processing lobbyist ID: 064309946772-86
2025-05-16 17:10:51,767 - WARNING - CropBox missing from /Page, defaulting to MediaBox
2025-05-16 17:10:51,789 - WARNING - CropBox missing from /Page, defaulting to MediaBox
2025-05-16 17:10:51,789 - INFO - Processing lobbyist ID: 064358997096-43
2025-05-16 17:10:52,234 - WARNING - CropBox missing from /Page, defaulting to MediaBox
2025-05-16 17:10:52,255 - WARNING - CropBox missing from /Page, defaulting to MediaBox
2025-05-16 17:10:52,256 - INFO - Processing lobbyist ID: 06436048400-37
2025-05-16 17:10:52,829 - WARNING - CropBox missing from /Page, defaulting to MediaBox
2025-05-16 17:10:52,855 - WARNING - CropBox missing from /Page, defaulting to MediaBox
2025-05-16 17:10:52,855 - INFO - Processing lobbyist ID: 064379325038-09
2025-05-16 17:10:53,455 - WARNING - CropBox missing from /Page, defaulting to MediaBox
2025-05-16 17:10:53,475 - WARNING - CropBox missing from /Page, defaulting to MediaBox
2025-05-16 17:10:53,475 - INFO - Processing lobbyist ID: 064473227395-04
2025-05-16 17:10:54,031 - WARNING - CropBox missing from /Page, defaulting to MediaBox
2025-05-16 17:10:54,054 - WARNING - CropBox missing from /Page, defaulting to MediaBox
2025-05-16 17:10:54,054 - INFO - Processing lobbyist ID: 064596197393-22
2025-05-16 17:10:54,524 - WARNING - CropBox missing from /Page, defaulting to MediaBox
2025-05-16 17:10:54,541 - WARNING - CropBox missing from /Page, defaulting to MediaBox
2025-05-16 17:10:54,541 - INFO - Processing lobbyist ID: 064616126640-05
2025-05-16 17:10:55,573 - WARNING - CropBox missing from /Page, defaulting to MediaBox
2025-05-16 17:10:55,574 - WARNING - CropBox missing from /Page, defaulting to MediaBox
2025-05-16 17:10:55,575 - WARNING - CropBox missing from /Page, defaulting to MediaBox
2025-05-16 17:10:55,776 - WARNING - CropBox missing from /Page, defaulting to MediaBox
2025-05-16 17:10:55,776 - WARNING - CropBox missing from /Page, defaulting to MediaBox
2025-05-16 17:10:55,776 - WARNING - CropBox missing from /Page, defaulting to MediaBox
2025-05-16 17:10:55,776 - INFO - Processing lobbyist ID: 064790495341-15
2025-05-16 17:10:56,480 - WARNING - CropBox missing from /Page, defaulting to MediaBox
2025-05-16 17:10:56,520 - WARNING - CropBox missing from /Page, defaulting to MediaBox
2025-05-16 17:10:56,520 - INFO - Processing lobbyist ID: 064792712901-58
2025-05-16 17:10:56,988 - WARNING - CropBox missing from /Page, defaulting to MediaBox
2025-05-16 17:10:57,014 - WARNING - CropBox missing from /Page, defaulting to MediaBox
2025-05-16 17:10:57,014 - INFO - Processing lobbyist ID: 064910191830-58
2025-05-16 17:10:57,578 - WARNING - CropBox missing from /Page, defaulting to MediaBox
2025-05-16 17:10:57,602 - WARNING - CropBox missing from /Page, defaulting to MediaBox
2025-05-16 17:10:57,602 - INFO - Processing lobbyist ID: 064928934414-31
2025-05-16 17:10:58,071 - WARNING - CropBox missing from /Page, defaulting to MediaBox
2025-05-16 17:10:58,089 - WARNING - CropBox missing from /Page, defaulting to MediaBox
2025-05-16 17:10:58,089 - INFO - Processing lobbyist ID: 064936594983-45
2025-05-16 17:10:58,561 - WARNING - CropBox missing from /Page, defaulting to MediaBox
2025-05-16 17:10:58,614 - WARNING - CropBox missing from /Page, defaulting to MediaBox
2025-05-16 17:10:58,614 - INFO - Processing lobbyist ID: 0649790813-47
2025-05-16 17:11:03,558 - WARNING - CropBox missing from /Page, defaulting to MediaBox
2025-05-16 17:11:03,559 - WARNING - CropBox missing from /Page, defaulting to MediaBox
2025-05-16 17:11:03,560 - WARNING - CropBox missing from /Page, defaulting to MediaBox
2025-05-16 17:11:03,560 - WARNING - CropBox missing from /Page, defaulting to MediaBox
2025-05-16 17:11:03,561 - WARNING - CropBox missing from /Page, defaulting to MediaBox
2025-05-16 17:11:03,561 - WARNING - CropBox missing from /Page, defaulting to MediaBox
2025-05-16 17:11:03,562 - WARNING - CropBox missing from /Page, defaulting to MediaBox
2025-05-16 17:11:03,563 - WARNING - CropBox missing from /Page, defaulting to MediaBox
2025-05-16 17:11:03,563 - WARNING - CropBox missing from /Page, defaulting to MediaBox
2025-05-16 17:11:03,564 - WARNING - CropBox missing from /Page, defaulting to MediaBox
2025-05-16 17:11:03,564 - WARNING - CropBox missing from /Page, defaulting to MediaBox
2025-05-16 17:11:03,565 - WARNING - CropBox missing from /Page, defaulting to MediaBox
2025-05-16 17:11:03,565 - WARNING - CropBox missing from /Page, defaulting to MediaBox
2025-05-16 17:11:03,566 - WARNING - CropBox missing from /Page, defaulting to MediaBox
2025-05-16 17:11:03,566 - WARNING - CropBox missing from /Page, defaulting to MediaBox
2025-05-16 17:11:03,567 - WARNING - CropBox missing from /Page, defaulting to MediaBox
2025-05-16 17:11:03,567 - WARNING - CropBox missing from /Page, defaulting to MediaBox
2025-05-16 17:11:03,567 - WARNING - CropBox missing from /Page, defaulting to MediaBox
2025-05-16 17:11:03,568 - WARNING - CropBox missing from /Page, defaulting to MediaBox
2025-05-16 17:11:03,568 - WARNING - CropBox missing from /Page, defaulting to MediaBox
2025-05-16 17:11:03,568 - WARNING - CropBox missing from /Page, defaulting to MediaBox
2025-05-16 17:11:03,569 - WARNING - CropBox missing from /Page, defaulting to MediaBox
2025-05-16 17:11:03,569 - WARNING - CropBox missing from /Page, defaulting to MediaBox
2025-05-16 17:11:05,070 - WARNING - CropBox missing from /Page, defaulting to MediaBox
2025-05-16 17:11:05,070 - WARNING - CropBox missing from /Page, defaulting to MediaBox
2025-05-16 17:11:05,070 - WARNING - CropBox missing from /Page, defaulting to MediaBox
2025-05-16 17:11:05,070 - WARNING - CropBox missing from /Page, defaulting to MediaBox
2025-05-16 17:11:05,070 - WARNING - CropBox missing from /Page, defaulting to MediaBox
2025-05-16 17:11:05,070 - WARNING - CropBox missing from /Page, defaulting to MediaBox
2025-05-16 17:11:05,070 - WARNING - CropBox missing from /Page, defaulting to MediaBox
2025-05-16 17:11:05,070 - WARNING - CropBox missing from /Page, defaulting to MediaBox
2025-05-16 17:11:05,071 - WARNING - CropBox missing from /Page, defaulting to MediaBox
2025-05-16 17:11:05,071 - WARNING - CropBox missing from /Page, defaulting to MediaBox
2025-05-16 17:11:05,071 - WARNING - CropBox missing from /Page, defaulting to MediaBox
2025-05-16 17:11:05,071 - WARNING - CropBox missing from /Page, defaulting to MediaBox
2025-05-16 17:11:05,071 - WARNING - CropBox missing from /Page, defaulting to MediaBox
2025-05-16 17:11:05,071 - WARNING - CropBox missing from /Page, defaulting to MediaBox
2025-05-16 17:11:05,071 - WARNING - CropBox missing from /Page, defaulting to MediaBox
2025-05-16 17:11:05,071 - WARNING - CropBox missing from /Page, defaulting to MediaBox
2025-05-16 17:11:05,071 - WARNING - CropBox missing from /Page, defaulting to MediaBox
2025-05-16 17:11:05,072 - WARNING - CropBox missing from /Page, defaulting to MediaBox
2025-05-16 17:11:05,072 - WARNING - CropBox missing from /Page, defaulting to MediaBox
2025-05-16 17:11:05,072 - WARNING - CropBox missing from /Page, defaulting to MediaBox
2025-05-16 17:11:05,072 - WARNING - CropBox missing from /Page, defaulting to MediaBox
2025-05-16 17:11:05,072 - WARNING - CropBox missing from /Page, defaulting to MediaBox
2025-05-16 17:11:05,072 - WARNING - CropBox missing from /Page, defaulting to MediaBox
2025-05-16 17:11:05,072 - INFO - Processing lobbyist ID: 064989921145-33
2025-05-16 17:11:05,834 - WARNING - CropBox missing from /Page, defaulting to MediaBox
2025-05-16 17:11:05,858 - WARNING - CropBox missing from /Page, defaulting to MediaBox
2025-05-16 17:11:05,858 - INFO - Processing lobbyist ID: 065121550802-09
2025-05-16 17:11:06,314 - WARNING - CropBox missing from /Page, defaulting to MediaBox
2025-05-16 17:11:06,338 - WARNING - CropBox missing from /Page, defaulting to MediaBox
2025-05-16 17:11:06,339 - INFO - Processing lobbyist ID: 065162648302-69
2025-05-16 17:11:06,856 - WARNING - CropBox missing from /Page, defaulting to MediaBox
2025-05-16 17:11:06,889 - WARNING - CropBox missing from /Page, defaulting to MediaBox
2025-05-16 17:11:06,889 - INFO - Processing lobbyist ID: 065264248348-06
2025-05-16 17:11:07,409 - WARNING - CropBox missing from /Page, defaulting to MediaBox
2025-05-16 17:11:07,431 - WARNING - CropBox missing from /Page, defaulting to MediaBox
2025-05-16 17:11:07,431 - INFO - Processing lobbyist ID: 065273448871-68
2025-05-16 17:11:07,894 - WARNING - CropBox missing from /Page, defaulting to MediaBox
2025-05-16 17:11:07,912 - WARNING - CropBox missing from /Page, defaulting to MediaBox
2025-05-16 17:11:07,913 - INFO - Processing lobbyist ID: 065456717887-82
2025-05-16 17:11:08,455 - WARNING - CropBox missing from /Page, defaulting to MediaBox
2025-05-16 17:11:08,473 - WARNING - CropBox missing from /Page, defaulting to MediaBox
2025-05-16 17:11:08,474 - INFO - Processing lobbyist ID: 065465253058-33
2025-05-16 17:11:08,929 - WARNING - CropBox missing from /Page, defaulting to MediaBox
2025-05-16 17:11:08,946 - WARNING - CropBox missing from /Page, defaulting to MediaBox
2025-05-16 17:11:08,946 - INFO - Processing lobbyist ID: 065475744608-04
2025-05-16 17:11:09,609 - WARNING - CropBox missing from /Page, defaulting to MediaBox
2025-05-16 17:11:09,645 - WARNING - CropBox missing from /Page, defaulting to MediaBox
2025-05-16 17:11:09,645 - INFO - Processing lobbyist ID: 065639949399-46
2025-05-16 17:11:10,114 - WARNING - CropBox missing from /Page, defaulting to MediaBox
2025-05-16 17:11:10,136 - WARNING - CropBox missing from /Page, defaulting to MediaBox
2025-05-16 17:11:10,136 - INFO - Processing lobbyist ID: 065896849182-50
2025-05-16 17:11:10,611 - WARNING - CropBox missing from /Page, defaulting to MediaBox
2025-05-16 17:11:10,636 - WARNING - CropBox missing from /Page, defaulting to MediaBox
2025-05-16 17:11:10,636 - INFO - Processing lobbyist ID: 066028495169-09
2025-05-16 17:11:11,090 - WARNING - CropBox missing from /Page, defaulting to MediaBox
2025-05-16 17:11:11,110 - WARNING - CropBox missing from /Page, defaulting to MediaBox
2025-05-16 17:11:11,111 - INFO - Processing lobbyist ID: 066035452247-67
2025-05-16 17:11:11,645 - WARNING - CropBox missing from /Page, defaulting to MediaBox
2025-05-16 17:11:11,673 - WARNING - CropBox missing from /Page, defaulting to MediaBox
2025-05-16 17:11:11,673 - INFO - Processing lobbyist ID: 066047295869-94
2025-05-16 17:11:12,304 - WARNING - CropBox missing from /Page, defaulting to MediaBox
2025-05-16 17:11:12,372 - WARNING - CropBox missing from /Page, defaulting to MediaBox
2025-05-16 17:11:12,372 - INFO - Processing lobbyist ID: 066114045418-01
2025-05-16 17:11:12,993 - WARNING - CropBox missing from /Page, defaulting to MediaBox
2025-05-16 17:11:13,020 - WARNING - CropBox missing from /Page, defaulting to MediaBox
2025-05-16 17:11:13,020 - INFO - Processing lobbyist ID: 066143721963-20
2025-05-16 17:11:13,661 - WARNING - CropBox missing from /Page, defaulting to MediaBox
2025-05-16 17:11:13,685 - WARNING - CropBox missing from /Page, defaulting to MediaBox
2025-05-16 17:11:13,686 - INFO - Processing lobbyist ID: 066146247199-67
2025-05-16 17:11:14,187 - WARNING - CropBox missing from /Page, defaulting to MediaBox
2025-05-16 17:11:14,211 - WARNING - CropBox missing from /Page, defaulting to MediaBox
2025-05-16 17:11:14,211 - INFO - Processing lobbyist ID: 066314042392-60
2025-05-16 17:11:14,690 - WARNING - CropBox missing from /Page, defaulting to MediaBox
2025-05-16 17:11:14,717 - WARNING - CropBox missing from /Page, defaulting to MediaBox
2025-05-16 17:11:14,717 - INFO - Processing lobbyist ID: 066421848242-44
2025-05-16 17:11:15,284 - WARNING - CropBox missing from /Page, defaulting to MediaBox
2025-05-16 17:11:15,318 - WARNING - CropBox missing from /Page, defaulting to MediaBox
2025-05-16 17:11:15,319 - INFO - Processing lobbyist ID: 066549432608-52
2025-05-16 17:11:15,831 - WARNING - CropBox missing from /Page, defaulting to MediaBox
2025-05-16 17:11:15,856 - WARNING - CropBox missing from /Page, defaulting to MediaBox
2025-05-16 17:11:15,856 - INFO - Processing lobbyist ID: 066665253038-31
2025-05-16 17:11:16,409 - WARNING - CropBox missing from /Page, defaulting to MediaBox
2025-05-16 17:11:16,431 - WARNING - CropBox missing from /Page, defaulting to MediaBox
2025-05-16 17:11:16,431 - INFO - Processing lobbyist ID: 066806912065-67
2025-05-16 17:11:16,932 - WARNING - CropBox missing from /Page, defaulting to MediaBox
2025-05-16 17:11:16,979 - WARNING - CropBox missing from /Page, defaulting to MediaBox
2025-05-16 17:11:16,979 - INFO - Processing lobbyist ID: 06698681039-26
2025-05-16 17:11:22,105 - WARNING - CropBox missing from /Page, defaulting to MediaBox
2025-05-16 17:11:22,106 - WARNING - CropBox missing from /Page, defaulting to MediaBox
2025-05-16 17:11:22,107 - WARNING - CropBox missing from /Page, defaulting to MediaBox
2025-05-16 17:11:22,109 - WARNING - CropBox missing from /Page, defaulting to MediaBox
2025-05-16 17:11:22,109 - WARNING - CropBox missing from /Page, defaulting to MediaBox
2025-05-16 17:11:22,110 - WARNING - CropBox missing from /Page, defaulting to MediaBox
2025-05-16 17:11:22,111 - WARNING - CropBox missing from /Page, defaulting to MediaBox
2025-05-16 17:11:22,112 - WARNING - CropBox missing from /Page, defaulting to MediaBox
2025-05-16 17:11:22,112 - WARNING - CropBox missing from /Page, defaulting to MediaBox
2025-05-16 17:11:22,113 - WARNING - CropBox missing from /Page, defaulting to MediaBox
2025-05-16 17:11:22,113 - WARNING - CropBox missing from /Page, defaulting to MediaBox
2025-05-16 17:11:22,114 - WARNING - CropBox missing from /Page, defaulting to MediaBox
2025-05-16 17:11:22,114 - WARNING - CropBox missing from /Page, defaulting to MediaBox
2025-05-16 17:11:22,115 - WARNING - CropBox missing from /Page, defaulting to MediaBox
2025-05-16 17:11:22,115 - WARNING - CropBox missing from /Page, defaulting to MediaBox
2025-05-16 17:11:22,115 - WARNING - CropBox missing from /Page, defaulting to MediaBox
2025-05-16 17:11:22,115 - WARNING - CropBox missing from /Page, defaulting to MediaBox
2025-05-16 17:11:22,116 - WARNING - CropBox missing from /Page, defaulting to MediaBox
2025-05-16 17:11:22,116 - WARNING - CropBox missing from /Page, defaulting to MediaBox
2025-05-16 17:11:22,116 - WARNING - CropBox missing from /Page, defaulting to MediaBox
2025-05-16 17:11:22,116 - WARNING - CropBox missing from /Page, defaulting to MediaBox
2025-05-16 17:11:22,117 - WARNING - CropBox missing from /Page, defaulting to MediaBox
2025-05-16 17:11:22,117 - WARNING - CropBox missing from /Page, defaulting to MediaBox
2025-05-16 17:11:22,117 - WARNING - CropBox missing from /Page, defaulting to MediaBox
2025-05-16 17:11:22,117 - WARNING - CropBox missing from /Page, defaulting to MediaBox
2025-05-16 17:11:22,118 - WARNING - CropBox missing from /Page, defaulting to MediaBox
2025-05-16 17:11:22,118 - WARNING - CropBox missing from /Page, defaulting to MediaBox
2025-05-16 17:11:22,118 - WARNING - CropBox missing from /Page, defaulting to MediaBox
2025-05-16 17:11:22,118 - WARNING - CropBox missing from /Page, defaulting to MediaBox
2025-05-16 17:11:23,798 - WARNING - CropBox missing from /Page, defaulting to MediaBox
2025-05-16 17:11:23,798 - WARNING - CropBox missing from /Page, defaulting to MediaBox
2025-05-16 17:11:23,798 - WARNING - CropBox missing from /Page, defaulting to MediaBox
2025-05-16 17:11:23,798 - WARNING - CropBox missing from /Page, defaulting to MediaBox
2025-05-16 17:11:23,799 - WARNING - CropBox missing from /Page, defaulting to MediaBox
2025-05-16 17:11:23,799 - WARNING - CropBox missing from /Page, defaulting to MediaBox
2025-05-16 17:11:23,799 - WARNING - CropBox missing from /Page, defaulting to MediaBox
2025-05-16 17:11:23,799 - WARNING - CropBox missing from /Page, defaulting to MediaBox
2025-05-16 17:11:23,799 - WARNING - CropBox missing from /Page, defaulting to MediaBox
2025-05-16 17:11:23,799 - WARNING - CropBox missing from /Page, defaulting to MediaBox
2025-05-16 17:11:23,799 - WARNING - CropBox missing from /Page, defaulting to MediaBox
2025-05-16 17:11:23,799 - WARNING - CropBox missing from /Page, defaulting to MediaBox
2025-05-16 17:11:23,799 - WARNING - CropBox missing from /Page, defaulting to MediaBox
2025-05-16 17:11:23,799 - WARNING - CropBox missing from /Page, defaulting to MediaBox
2025-05-16 17:11:23,799 - WARNING - CropBox missing from /Page, defaulting to MediaBox
2025-05-16 17:11:23,799 - WARNING - CropBox missing from /Page, defaulting to MediaBox
2025-05-16 17:11:23,799 - WARNING - CropBox missing from /Page, defaulting to MediaBox
2025-05-16 17:11:23,800 - WARNING - CropBox missing from /Page, defaulting to MediaBox
2025-05-16 17:11:23,800 - WARNING - CropBox missing from /Page, defaulting to MediaBox
2025-05-16 17:11:23,800 - WARNING - CropBox missing from /Page, defaulting to MediaBox
2025-05-16 17:11:23,800 - WARNING - CropBox missing from /Page, defaulting to MediaBox
2025-05-16 17:11:23,800 - WARNING - CropBox missing from /Page, defaulting to MediaBox
2025-05-16 17:11:23,800 - WARNING - CropBox missing from /Page, defaulting to MediaBox
2025-05-16 17:11:23,800 - WARNING - CropBox missing from /Page, defaulting to MediaBox
2025-05-16 17:11:23,800 - WARNING - CropBox missing from /Page, defaulting to MediaBox
2025-05-16 17:11:23,800 - WARNING - CropBox missing from /Page, defaulting to MediaBox
2025-05-16 17:11:23,800 - WARNING - CropBox missing from /Page, defaulting to MediaBox
2025-05-16 17:11:23,800 - WARNING - CropBox missing from /Page, defaulting to MediaBox
2025-05-16 17:11:23,800 - WARNING - CropBox missing from /Page, defaulting to MediaBox
2025-05-16 17:11:23,801 - INFO - Processing lobbyist ID: 067117795544-64
2025-05-16 17:11:24,341 - WARNING - CropBox missing from /Page, defaulting to MediaBox
2025-05-16 17:11:24,358 - WARNING - CropBox missing from /Page, defaulting to MediaBox
2025-05-16 17:11:24,358 - INFO - Processing lobbyist ID: 067223231522-58
2025-05-16 17:11:24,940 - WARNING - CropBox missing from /Page, defaulting to MediaBox
2025-05-16 17:11:25,055 - WARNING - CropBox missing from /Page, defaulting to MediaBox
2025-05-16 17:11:25,056 - INFO - Processing lobbyist ID: 067406813343-59
2025-05-16 17:11:25,536 - WARNING - CropBox missing from /Page, defaulting to MediaBox
2025-05-16 17:11:25,556 - WARNING - CropBox missing from /Page, defaulting to MediaBox
2025-05-16 17:11:25,556 - INFO - Processing lobbyist ID: 067438810848-61
2025-05-16 17:11:26,218 - WARNING - CropBox missing from /Page, defaulting to MediaBox
2025-05-16 17:11:26,266 - WARNING - CropBox missing from /Page, defaulting to MediaBox
2025-05-16 17:11:26,266 - INFO - Processing lobbyist ID: 067539346753-57
2025-05-16 17:11:27,043 - WARNING - CropBox missing from /Page, defaulting to MediaBox
2025-05-16 17:11:27,044 - WARNING - CropBox missing from /Page, defaulting to MediaBox
2025-05-16 17:11:27,099 - WARNING - CropBox missing from /Page, defaulting to MediaBox
2025-05-16 17:11:27,099 - WARNING - CropBox missing from /Page, defaulting to MediaBox
2025-05-16 17:11:27,099 - INFO - Processing lobbyist ID: 067689818073-54
2025-05-16 17:11:27,586 - WARNING - CropBox missing from /Page, defaulting to MediaBox
2025-05-16 17:11:27,610 - WARNING - CropBox missing from /Page, defaulting to MediaBox
2025-05-16 17:11:27,610 - INFO - Processing lobbyist ID: 067902995679-27
2025-05-16 17:11:28,142 - WARNING - CropBox missing from /Page, defaulting to MediaBox
2025-05-16 17:11:28,188 - WARNING - CropBox missing from /Page, defaulting to MediaBox
2025-05-16 17:11:28,188 - INFO - Processing lobbyist ID: 06798511314-27
2025-05-16 17:11:32,840 - WARNING - CropBox missing from /Page, defaulting to MediaBox
2025-05-16 17:11:32,841 - WARNING - CropBox missing from /Page, defaulting to MediaBox
2025-05-16 17:11:32,842 - WARNING - CropBox missing from /Page, defaulting to MediaBox
2025-05-16 17:11:32,843 - WARNING - CropBox missing from /Page, defaulting to MediaBox
2025-05-16 17:11:32,844 - WARNING - CropBox missing from /Page, defaulting to MediaBox
2025-05-16 17:11:32,845 - WARNING - CropBox missing from /Page, defaulting to MediaBox
2025-05-16 17:11:32,846 - WARNING - CropBox missing from /Page, defaulting to MediaBox
2025-05-16 17:11:32,847 - WARNING - CropBox missing from /Page, defaulting to MediaBox
2025-05-16 17:11:32,848 - WARNING - CropBox missing from /Page, defaulting to MediaBox
2025-05-16 17:11:32,848 - WARNING - CropBox missing from /Page, defaulting to MediaBox
2025-05-16 17:11:32,848 - WARNING - CropBox missing from /Page, defaulting to MediaBox
2025-05-16 17:11:32,849 - WARNING - CropBox missing from /Page, defaulting to MediaBox
2025-05-16 17:11:32,849 - WARNING - CropBox missing from /Page, defaulting to MediaBox
2025-05-16 17:11:32,849 - WARNING - CropBox missing from /Page, defaulting to MediaBox
2025-05-16 17:11:32,849 - WARNING - CropBox missing from /Page, defaulting to MediaBox
2025-05-16 17:11:32,850 - WARNING - CropBox missing from /Page, defaulting to MediaBox
2025-05-16 17:11:32,850 - WARNING - CropBox missing from /Page, defaulting to MediaBox
2025-05-16 17:11:33,999 - WARNING - CropBox missing from /Page, defaulting to MediaBox
2025-05-16 17:11:33,999 - WARNING - CropBox missing from /Page, defaulting to MediaBox
2025-05-16 17:11:33,999 - WARNING - CropBox missing from /Page, defaulting to MediaBox
2025-05-16 17:11:33,999 - WARNING - CropBox missing from /Page, defaulting to MediaBox
2025-05-16 17:11:33,999 - WARNING - CropBox missing from /Page, defaulting to MediaBox
2025-05-16 17:11:33,999 - WARNING - CropBox missing from /Page, defaulting to MediaBox
2025-05-16 17:11:34,000 - WARNING - CropBox missing from /Page, defaulting to MediaBox
2025-05-16 17:11:34,000 - WARNING - CropBox missing from /Page, defaulting to MediaBox
2025-05-16 17:11:34,000 - WARNING - CropBox missing from /Page, defaulting to MediaBox
2025-05-16 17:11:34,000 - WARNING - CropBox missing from /Page, defaulting to MediaBox
2025-05-16 17:11:34,000 - WARNING - CropBox missing from /Page, defaulting to MediaBox
2025-05-16 17:11:34,000 - WARNING - CropBox missing from /Page, defaulting to MediaBox
2025-05-16 17:11:34,000 - WARNING - CropBox missing from /Page, defaulting to MediaBox
2025-05-16 17:11:34,000 - WARNING - CropBox missing from /Page, defaulting to MediaBox
2025-05-16 17:11:34,000 - WARNING - CropBox missing from /Page, defaulting to MediaBox
2025-05-16 17:11:34,001 - WARNING - CropBox missing from /Page, defaulting to MediaBox
2025-05-16 17:11:34,001 - WARNING - CropBox missing from /Page, defaulting to MediaBox
2025-05-16 17:11:34,001 - INFO - Processing lobbyist ID: 067996639979-91
2025-05-16 17:11:34,562 - WARNING - CropBox missing from /Page, defaulting to MediaBox
2025-05-16 17:11:34,585 - WARNING - CropBox missing from /Page, defaulting to MediaBox
2025-05-16 17:11:34,585 - INFO - Processing lobbyist ID: 068028792284-23
2025-05-16 17:11:35,440 - WARNING - CropBox missing from /Page, defaulting to MediaBox
2025-05-16 17:11:35,441 - WARNING - CropBox missing from /Page, defaulting to MediaBox
2025-05-16 17:11:35,502 - WARNING - CropBox missing from /Page, defaulting to MediaBox
2025-05-16 17:11:35,502 - WARNING - CropBox missing from /Page, defaulting to MediaBox
2025-05-16 17:11:35,502 - INFO - Processing lobbyist ID: 068030492265-77
2025-05-16 17:11:36,011 - WARNING - CropBox missing from /Page, defaulting to MediaBox
2025-05-16 17:11:36,031 - WARNING - CropBox missing from /Page, defaulting to MediaBox
2025-05-16 17:11:36,031 - INFO - Processing lobbyist ID: 068100722742-39
2025-05-16 17:11:36,642 - WARNING - CropBox missing from /Page, defaulting to MediaBox
2025-05-16 17:11:36,676 - WARNING - CropBox missing from /Page, defaulting to MediaBox
2025-05-16 17:11:36,676 - INFO - Processing lobbyist ID: 068113492541-41
2025-05-16 17:11:37,159 - WARNING - CropBox missing from /Page, defaulting to MediaBox
2025-05-16 17:11:37,180 - WARNING - CropBox missing from /Page, defaulting to MediaBox
2025-05-16 17:11:37,180 - INFO - Processing lobbyist ID: 068175396502-01
2025-05-16 17:11:37,705 - WARNING - CropBox missing from /Page, defaulting to MediaBox
2025-05-16 17:11:37,726 - WARNING - CropBox missing from /Page, defaulting to MediaBox
2025-05-16 17:11:37,726 - INFO - Processing lobbyist ID: 06818218065-85
2025-05-16 17:11:38,500 - WARNING - CropBox missing from /Page, defaulting to MediaBox
2025-05-16 17:11:38,502 - WARNING - CropBox missing from /Page, defaulting to MediaBox
2025-05-16 17:11:38,636 - WARNING - CropBox missing from /Page, defaulting to MediaBox
2025-05-16 17:11:38,637 - WARNING - CropBox missing from /Page, defaulting to MediaBox
2025-05-16 17:11:38,637 - INFO - Processing lobbyist ID: 068236841302-08
2025-05-16 17:11:39,161 - WARNING - CropBox missing from /Page, defaulting to MediaBox
2025-05-16 17:11:39,187 - WARNING - CropBox missing from /Page, defaulting to MediaBox
2025-05-16 17:11:39,187 - INFO - Processing lobbyist ID: 068354541533-02
2025-05-16 17:11:39,729 - WARNING - CropBox missing from /Page, defaulting to MediaBox
2025-05-16 17:11:39,754 - WARNING - CropBox missing from /Page, defaulting to MediaBox
2025-05-16 17:11:39,754 - INFO - Processing lobbyist ID: 068398598183-84
2025-05-16 17:11:40,434 - WARNING - CropBox missing from /Page, defaulting to MediaBox
2025-05-16 17:11:40,461 - WARNING - CropBox missing from /Page, defaulting to MediaBox
2025-05-16 17:11:40,461 - INFO - Processing lobbyist ID: 068428953130-76
2025-05-16 17:11:40,970 - WARNING - CropBox missing from /Page, defaulting to MediaBox
2025-05-16 17:11:40,996 - WARNING - CropBox missing from /Page, defaulting to MediaBox
2025-05-16 17:11:40,996 - INFO - Processing lobbyist ID: 068431739578-25
2025-05-16 17:11:41,555 - WARNING - CropBox missing from /Page, defaulting to MediaBox
2025-05-16 17:11:41,580 - WARNING - CropBox missing from /Page, defaulting to MediaBox
2025-05-16 17:11:41,581 - INFO - Processing lobbyist ID: 068469941546-22
2025-05-16 17:11:42,195 - WARNING - CropBox missing from /Page, defaulting to MediaBox
2025-05-16 17:11:42,233 - WARNING - CropBox missing from /Page, defaulting to MediaBox
2025-05-16 17:11:42,233 - INFO - Processing lobbyist ID: 068521543634-79
2025-05-16 17:11:42,771 - WARNING - CropBox missing from /Page, defaulting to MediaBox
2025-05-16 17:11:42,810 - WARNING - CropBox missing from /Page, defaulting to MediaBox
2025-05-16 17:11:42,810 - INFO - Processing lobbyist ID: 068612444228-20
2025-05-16 17:11:43,300 - WARNING - CropBox missing from /Page, defaulting to MediaBox
2025-05-16 17:11:43,320 - WARNING - CropBox missing from /Page, defaulting to MediaBox
2025-05-16 17:11:43,320 - INFO - Processing lobbyist ID: 068639936503-04
2025-05-16 17:11:43,866 - WARNING - CropBox missing from /Page, defaulting to MediaBox
2025-05-16 17:11:43,882 - WARNING - CropBox missing from /Page, defaulting to MediaBox
2025-05-16 17:11:43,883 - INFO - Processing lobbyist ID: 06869148182-50
2025-05-16 17:11:45,153 - WARNING - CropBox missing from /Page, defaulting to MediaBox
2025-05-16 17:11:45,155 - WARNING - CropBox missing from /Page, defaulting to MediaBox
2025-05-16 17:11:45,277 - WARNING - CropBox missing from /Page, defaulting to MediaBox
2025-05-16 17:11:45,277 - WARNING - CropBox missing from /Page, defaulting to MediaBox
2025-05-16 17:11:45,278 - INFO - Processing lobbyist ID: 068793895042-96
2025-05-16 17:11:45,730 - WARNING - CropBox missing from /Page, defaulting to MediaBox
2025-05-16 17:11:45,749 - WARNING - CropBox missing from /Page, defaulting to MediaBox
2025-05-16 17:11:45,750 - INFO - Processing lobbyist ID: 068803391785-07
2025-05-16 17:11:46,218 - WARNING - CropBox missing from /Page, defaulting to MediaBox
2025-05-16 17:11:46,248 - WARNING - CropBox missing from /Page, defaulting to MediaBox
2025-05-16 17:11:46,248 - INFO - Processing lobbyist ID: 068878321241-43
2025-05-16 17:11:47,020 - WARNING - CropBox missing from /Page, defaulting to MediaBox
2025-05-16 17:11:47,078 - WARNING - CropBox missing from /Page, defaulting to MediaBox
2025-05-16 17:11:47,078 - INFO - Processing lobbyist ID: 068890821527-53
2025-05-16 17:11:47,672 - WARNING - CropBox missing from /Page, defaulting to MediaBox
2025-05-16 17:11:47,694 - WARNING - CropBox missing from /Page, defaulting to MediaBox
2025-05-16 17:11:47,695 - INFO - Processing lobbyist ID: 068896294182-87
2025-05-16 17:11:48,173 - WARNING - CropBox missing from /Page, defaulting to MediaBox
2025-05-16 17:11:48,193 - WARNING - CropBox missing from /Page, defaulting to MediaBox
2025-05-16 17:11:48,193 - INFO - Processing lobbyist ID: 068965843827-29
2025-05-16 17:11:48,776 - WARNING - CropBox missing from /Page, defaulting to MediaBox
2025-05-16 17:11:48,808 - WARNING - CropBox missing from /Page, defaulting to MediaBox
2025-05-16 17:11:48,808 - INFO - Processing lobbyist ID: 069040353035-20
2025-05-16 17:11:49,268 - WARNING - CropBox missing from /Page, defaulting to MediaBox
2025-05-16 17:11:49,289 - WARNING - CropBox missing from /Page, defaulting to MediaBox
2025-05-16 17:11:49,289 - INFO - Processing lobbyist ID: 069250127054-82
2025-05-16 17:11:49,828 - WARNING - CropBox missing from /Page, defaulting to MediaBox
2025-05-16 17:11:49,875 - WARNING - CropBox missing from /Page, defaulting to MediaBox
2025-05-16 17:11:49,875 - INFO - Processing lobbyist ID: 069365444306-89
2025-05-16 17:11:50,449 - WARNING - CropBox missing from /Page, defaulting to MediaBox
2025-05-16 17:11:50,482 - WARNING - CropBox missing from /Page, defaulting to MediaBox
2025-05-16 17:11:50,482 - INFO - Processing lobbyist ID: 069443932083-28
2025-05-16 17:11:50,983 - WARNING - CropBox missing from /Page, defaulting to MediaBox
2025-05-16 17:11:51,001 - WARNING - CropBox missing from /Page, defaulting to MediaBox
2025-05-16 17:11:51,001 - INFO - Processing lobbyist ID: 069449920691-52
2025-05-16 17:11:51,594 - WARNING - CropBox missing from /Page, defaulting to MediaBox
2025-05-16 17:11:51,637 - WARNING - CropBox missing from /Page, defaulting to MediaBox
2025-05-16 17:11:51,638 - INFO - Processing lobbyist ID: 069462752648-22
2025-05-16 17:11:52,120 - WARNING - CropBox missing from /Page, defaulting to MediaBox
2025-05-16 17:11:52,143 - WARNING - CropBox missing from /Page, defaulting to MediaBox
2025-05-16 17:11:52,143 - INFO - Processing lobbyist ID: 069810551569-10
2025-05-16 17:11:52,601 - WARNING - CropBox missing from /Page, defaulting to MediaBox
2025-05-16 17:11:52,622 - WARNING - CropBox missing from /Page, defaulting to MediaBox
2025-05-16 17:11:52,623 - INFO - Processing lobbyist ID: 069910339313-06
2025-05-16 17:11:53,268 - WARNING - CropBox missing from /Page, defaulting to MediaBox
2025-05-16 17:11:53,285 - WARNING - CropBox missing from /Page, defaulting to MediaBox
2025-05-16 17:11:53,286 - INFO - Processing lobbyist ID: 069926525931-96
2025-05-16 17:11:53,740 - WARNING - CropBox missing from /Page, defaulting to MediaBox
2025-05-16 17:11:53,763 - WARNING - CropBox missing from /Page, defaulting to MediaBox
2025-05-16 17:11:53,763 - INFO - Processing lobbyist ID: 069944637849-40
2025-05-16 17:11:54,282 - WARNING - CropBox missing from /Page, defaulting to MediaBox
2025-05-16 17:11:54,303 - WARNING - CropBox missing from /Page, defaulting to MediaBox
2025-05-16 17:11:54,303 - INFO - Processing lobbyist ID: 069990195444-39
2025-05-16 17:11:54,760 - WARNING - CropBox missing from /Page, defaulting to MediaBox
2025-05-16 17:11:54,808 - WARNING - CropBox missing from /Page, defaulting to MediaBox
2025-05-16 17:11:54,808 - INFO - Processing lobbyist ID: 070325730214-86
2025-05-16 17:11:55,351 - WARNING - CropBox missing from /Page, defaulting to MediaBox
2025-05-16 17:11:55,368 - WARNING - CropBox missing from /Page, defaulting to MediaBox
2025-05-16 17:11:55,368 - INFO - Processing lobbyist ID: 070357813063-97
2025-05-16 17:11:55,906 - WARNING - CropBox missing from /Page, defaulting to MediaBox
2025-05-16 17:11:55,929 - WARNING - CropBox missing from /Page, defaulting to MediaBox
2025-05-16 17:11:55,929 - INFO - Processing lobbyist ID: 070432295344-08
2025-05-16 17:11:56,420 - WARNING - CropBox missing from /Page, defaulting to MediaBox
2025-05-16 17:11:56,438 - WARNING - CropBox missing from /Page, defaulting to MediaBox
2025-05-16 17:11:56,438 - INFO - Processing lobbyist ID: 070444714545-60
2025-05-16 17:11:56,902 - WARNING - CropBox missing from /Page, defaulting to MediaBox
2025-05-16 17:11:56,926 - WARNING - CropBox missing from /Page, defaulting to MediaBox
2025-05-16 17:11:56,926 - INFO - Processing lobbyist ID: 070555092924-97
2025-05-16 17:11:57,432 - WARNING - CropBox missing from /Page, defaulting to MediaBox
2025-05-16 17:11:57,453 - WARNING - CropBox missing from /Page, defaulting to MediaBox
2025-05-16 17:11:57,453 - INFO - Processing lobbyist ID: 07055806769-32
2025-05-16 17:11:58,088 - WARNING - CropBox missing from /Page, defaulting to MediaBox
2025-05-16 17:11:58,127 - WARNING - CropBox missing from /Page, defaulting to MediaBox
2025-05-16 17:11:58,127 - INFO - Processing lobbyist ID: 070638512780-81
2025-05-16 17:11:59,260 - WARNING - CropBox missing from /Page, defaulting to MediaBox
2025-05-16 17:11:59,261 - WARNING - CropBox missing from /Page, defaulting to MediaBox
2025-05-16 17:11:59,348 - WARNING - CropBox missing from /Page, defaulting to MediaBox
2025-05-16 17:11:59,348 - WARNING - CropBox missing from /Page, defaulting to MediaBox
2025-05-16 17:11:59,348 - INFO - Processing lobbyist ID: 070646398209-49
2025-05-16 17:11:59,868 - WARNING - CropBox missing from /Page, defaulting to MediaBox
2025-05-16 17:11:59,890 - WARNING - CropBox missing from /Page, defaulting to MediaBox
2025-05-16 17:11:59,890 - INFO - Processing lobbyist ID: 070652642912-86
2025-05-16 17:12:00,580 - WARNING - CropBox missing from /Page, defaulting to MediaBox
2025-05-16 17:12:00,615 - WARNING - CropBox missing from /Page, defaulting to MediaBox
2025-05-16 17:12:00,616 - INFO - Processing lobbyist ID: 070655042395-53
2025-05-16 17:12:01,216 - WARNING - CropBox missing from /Page, defaulting to MediaBox
2025-05-16 17:12:01,247 - WARNING - CropBox missing from /Page, defaulting to MediaBox
2025-05-16 17:12:01,247 - INFO - Processing lobbyist ID: 070666441096-14
2025-05-16 17:12:01,758 - WARNING - CropBox missing from /Page, defaulting to MediaBox
2025-05-16 17:12:01,785 - WARNING - CropBox missing from /Page, defaulting to MediaBox
2025-05-16 17:12:01,785 - INFO - Processing lobbyist ID: 070762412733-39
2025-05-16 17:12:02,294 - WARNING - CropBox missing from /Page, defaulting to MediaBox
2025-05-16 17:12:02,319 - WARNING - CropBox missing from /Page, defaulting to MediaBox
2025-05-16 17:12:02,319 - INFO - Processing lobbyist ID: 070830052107-62
2025-05-16 17:12:02,817 - WARNING - CropBox missing from /Page, defaulting to MediaBox
2025-05-16 17:12:02,839 - WARNING - CropBox missing from /Page, defaulting to MediaBox
2025-05-16 17:12:02,839 - INFO - Processing lobbyist ID: 070846748781-26
2025-05-16 17:12:03,316 - WARNING - CropBox missing from /Page, defaulting to MediaBox
2025-05-16 17:12:03,340 - WARNING - CropBox missing from /Page, defaulting to MediaBox
2025-05-16 17:12:03,340 - INFO - Processing lobbyist ID: 070964338618-73
2025-05-16 17:12:03,814 - WARNING - CropBox missing from /Page, defaulting to MediaBox
2025-05-16 17:12:03,858 - WARNING - CropBox missing from /Page, defaulting to MediaBox
2025-05-16 17:12:03,858 - INFO - Processing lobbyist ID: 070972894723-87
2025-05-16 17:12:04,460 - WARNING - CropBox missing from /Page, defaulting to MediaBox
2025-05-16 17:12:04,481 - WARNING - CropBox missing from /Page, defaulting to MediaBox
2025-05-16 17:12:04,481 - INFO - Processing lobbyist ID: 071008240552-65
2025-05-16 17:12:05,172 - WARNING - CropBox missing from /Page, defaulting to MediaBox
2025-05-16 17:12:05,243 - WARNING - CropBox missing from /Page, defaulting to MediaBox
2025-05-16 17:12:05,243 - INFO - Processing lobbyist ID: 071038232378-12
2025-05-16 17:12:05,745 - WARNING - CropBox missing from /Page, defaulting to MediaBox
2025-05-16 17:12:05,779 - WARNING - CropBox missing from /Page, defaulting to MediaBox
2025-05-16 17:12:05,779 - INFO - Processing lobbyist ID: 071072495830-54
2025-05-16 17:12:06,322 - WARNING - CropBox missing from /Page, defaulting to MediaBox
2025-05-16 17:12:06,342 - WARNING - CropBox missing from /Page, defaulting to MediaBox
2025-05-16 17:12:06,343 - INFO - Processing lobbyist ID: 071146092686-36
2025-05-16 17:12:06,790 - WARNING - CropBox missing from /Page, defaulting to MediaBox
2025-05-16 17:12:06,814 - WARNING - CropBox missing from /Page, defaulting to MediaBox
2025-05-16 17:12:06,814 - INFO - Processing lobbyist ID: 0711626572-26
2025-05-16 17:12:08,086 - WARNING - CropBox missing from /Page, defaulting to MediaBox
2025-05-16 17:12:08,088 - WARNING - CropBox missing from /Page, defaulting to MediaBox
2025-05-16 17:12:08,089 - WARNING - CropBox missing from /Page, defaulting to MediaBox
2025-05-16 17:12:08,091 - WARNING - CropBox missing from /Page, defaulting to MediaBox
2025-05-16 17:12:08,369 - WARNING - CropBox missing from /Page, defaulting to MediaBox
2025-05-16 17:12:08,369 - WARNING - CropBox missing from /Page, defaulting to MediaBox
2025-05-16 17:12:08,370 - WARNING - CropBox missing from /Page, defaulting to MediaBox
2025-05-16 17:12:08,370 - WARNING - CropBox missing from /Page, defaulting to MediaBox
2025-05-16 17:12:08,370 - INFO - Processing lobbyist ID: 071191797741-52
2025-05-16 17:12:08,873 - WARNING - CropBox missing from /Page, defaulting to MediaBox
2025-05-16 17:12:08,897 - WARNING - CropBox missing from /Page, defaulting to MediaBox
2025-05-16 17:12:08,897 - INFO - Processing lobbyist ID: 071230647405-02
2025-05-16 17:12:09,692 - WARNING - CropBox missing from /Page, defaulting to MediaBox
2025-05-16 17:12:09,750 - WARNING - CropBox missing from /Page, defaulting to MediaBox
2025-05-16 17:12:09,750 - INFO - Processed 1100 lobbyists out of 14400. Pausing for 3 seconds to avoid server overload...
2025-05-16 17:12:12,781 - INFO - Processing lobbyist ID: 071334293727-56
2025-05-16 17:12:13,222 - WARNING - CropBox missing from /Page, defaulting to MediaBox
2025-05-16 17:12:13,242 - WARNING - CropBox missing from /Page, defaulting to MediaBox
2025-05-16 17:12:13,242 - INFO - Processing lobbyist ID: 071433849004-65
2025-05-16 17:12:13,753 - WARNING - CropBox missing from /Page, defaulting to MediaBox
2025-05-16 17:12:13,774 - WARNING - CropBox missing from /Page, defaulting to MediaBox
2025-05-16 17:12:13,774 - INFO - Processing lobbyist ID: 0714344663-32
2025-05-16 17:12:15,211 - WARNING - CropBox missing from /Page, defaulting to MediaBox
2025-05-16 17:12:15,213 - WARNING - CropBox missing from /Page, defaulting to MediaBox
2025-05-16 17:12:15,215 - WARNING - CropBox missing from /Page, defaulting to MediaBox
2025-05-16 17:12:15,216 - WARNING - CropBox missing from /Page, defaulting to MediaBox
2025-05-16 17:12:15,218 - WARNING - CropBox missing from /Page, defaulting to MediaBox
2025-05-16 17:12:15,219 - WARNING - CropBox missing from /Page, defaulting to MediaBox
2025-05-16 17:12:15,578 - WARNING - CropBox missing from /Page, defaulting to MediaBox
2025-05-16 17:12:15,578 - WARNING - CropBox missing from /Page, defaulting to MediaBox
2025-05-16 17:12:15,579 - WARNING - CropBox missing from /Page, defaulting to MediaBox
2025-05-16 17:12:15,579 - WARNING - CropBox missing from /Page, defaulting to MediaBox
2025-05-16 17:12:15,579 - WARNING - CropBox missing from /Page, defaulting to MediaBox
2025-05-16 17:12:15,579 - WARNING - CropBox missing from /Page, defaulting to MediaBox
2025-05-16 17:12:15,579 - INFO - Processing lobbyist ID: 071436850741-73
2025-05-16 17:12:16,053 - WARNING - CropBox missing from /Page, defaulting to MediaBox
2025-05-16 17:12:16,078 - WARNING - CropBox missing from /Page, defaulting to MediaBox
2025-05-16 17:12:16,078 - INFO - Processing lobbyist ID: 071476117686-50
2025-05-16 17:12:16,602 - WARNING - CropBox missing from /Page, defaulting to MediaBox
2025-05-16 17:12:16,630 - WARNING - CropBox missing from /Page, defaulting to MediaBox
2025-05-16 17:12:16,631 - INFO - Processing lobbyist ID: 071570496834-13
2025-05-16 17:12:17,094 - WARNING - CropBox missing from /Page, defaulting to MediaBox
2025-05-16 17:12:17,116 - WARNING - CropBox missing from /Page, defaulting to MediaBox
2025-05-16 17:12:17,116 - INFO - Processing lobbyist ID: 071765918148-46
2025-05-16 17:12:17,571 - WARNING - CropBox missing from /Page, defaulting to MediaBox
2025-05-16 17:12:17,593 - WARNING - CropBox missing from /Page, defaulting to MediaBox
2025-05-16 17:12:17,593 - INFO - Processing lobbyist ID: 071771920040-91
2025-05-16 17:12:18,236 - WARNING - CropBox missing from /Page, defaulting to MediaBox
2025-05-16 17:12:18,238 - WARNING - CropBox missing from /Page, defaulting to MediaBox
2025-05-16 17:12:18,326 - WARNING - CropBox missing from /Page, defaulting to MediaBox
2025-05-16 17:12:18,326 - WARNING - CropBox missing from /Page, defaulting to MediaBox
2025-05-16 17:12:18,326 - INFO - Processing lobbyist ID: 072000848609-30
2025-05-16 17:12:18,851 - WARNING - CropBox missing from /Page, defaulting to MediaBox
2025-05-16 17:12:18,869 - WARNING - CropBox missing from /Page, defaulting to MediaBox
2025-05-16 17:12:18,869 - INFO - Processing lobbyist ID: 07203323308-65
2025-05-16 17:12:19,475 - WARNING - CropBox missing from /Page, defaulting to MediaBox
2025-05-16 17:12:19,548 - WARNING - CropBox missing from /Page, defaulting to MediaBox
2025-05-16 17:12:19,548 - INFO - Processing lobbyist ID: 072101849936-17
2025-05-16 17:12:20,036 - WARNING - CropBox missing from /Page, defaulting to MediaBox
2025-05-16 17:12:20,058 - WARNING - CropBox missing from /Page, defaulting to MediaBox
2025-05-16 17:12:20,058 - INFO - Processing lobbyist ID: 072111227233-08
2025-05-16 17:12:20,683 - WARNING - CropBox missing from /Page, defaulting to MediaBox
2025-05-16 17:12:20,734 - WARNING - CropBox missing from /Page, defaulting to MediaBox
2025-05-16 17:12:20,734 - INFO - Processing lobbyist ID: 07211478950-95
2025-05-16 17:12:21,212 - WARNING - CropBox missing from /Page, defaulting to MediaBox
2025-05-16 17:12:21,232 - WARNING - CropBox missing from /Page, defaulting to MediaBox
2025-05-16 17:12:21,232 - INFO - Processing lobbyist ID: 072341446282-97
2025-05-16 17:12:21,686 - WARNING - CropBox missing from /Page, defaulting to MediaBox
2025-05-16 17:12:21,704 - WARNING - CropBox missing from /Page, defaulting to MediaBox
2025-05-16 17:12:21,704 - INFO - Processing lobbyist ID: 07234236863-59
2025-05-16 17:12:22,244 - WARNING - CropBox missing from /Page, defaulting to MediaBox
2025-05-16 17:12:22,267 - WARNING - CropBox missing from /Page, defaulting to MediaBox
2025-05-16 17:12:22,267 - INFO - Processing lobbyist ID: 072380152248-17
2025-05-16 17:12:22,760 - WARNING - CropBox missing from /Page, defaulting to MediaBox
2025-05-16 17:12:22,790 - WARNING - CropBox missing from /Page, defaulting to MediaBox
2025-05-16 17:12:22,790 - INFO - Processing lobbyist ID: 072648396332-23
2025-05-16 17:12:23,538 - WARNING - CropBox missing from /Page, defaulting to MediaBox
2025-05-16 17:12:23,557 - WARNING - CropBox missing from /Page, defaulting to MediaBox
2025-05-16 17:12:23,557 - INFO - Processing lobbyist ID: 072649026562-94
2025-05-16 17:12:24,005 - WARNING - CropBox missing from /Page, defaulting to MediaBox
2025-05-16 17:12:24,023 - WARNING - CropBox missing from /Page, defaulting to MediaBox
2025-05-16 17:12:24,023 - INFO - Processing lobbyist ID: 072692941225-13
2025-05-16 17:12:24,475 - WARNING - CropBox missing from /Page, defaulting to MediaBox
2025-05-16 17:12:24,499 - WARNING - CropBox missing from /Page, defaulting to MediaBox
2025-05-16 17:12:24,499 - INFO - Processing lobbyist ID: 072701049484-27
2025-05-16 17:12:24,981 - WARNING - CropBox missing from /Page, defaulting to MediaBox
2025-05-16 17:12:25,004 - WARNING - CropBox missing from /Page, defaulting to MediaBox
2025-05-16 17:12:25,004 - INFO - Processing lobbyist ID: 072764049566-85
2025-05-16 17:12:25,458 - WARNING - CropBox missing from /Page, defaulting to MediaBox
2025-05-16 17:12:25,482 - WARNING - CropBox missing from /Page, defaulting to MediaBox
2025-05-16 17:12:25,482 - INFO - Processing lobbyist ID: 072774045378-70
2025-05-16 17:12:25,974 - WARNING - CropBox missing from /Page, defaulting to MediaBox
2025-05-16 17:12:26,001 - WARNING - CropBox missing from /Page, defaulting to MediaBox
2025-05-16 17:12:26,001 - INFO - Processing lobbyist ID: 072996648531-47
2025-05-16 17:12:26,469 - WARNING - CropBox missing from /Page, defaulting to MediaBox
2025-05-16 17:12:26,493 - WARNING - CropBox missing from /Page, defaulting to MediaBox
2025-05-16 17:12:26,494 - INFO - Processing lobbyist ID: 073065435191-02
2025-05-16 17:12:27,082 - WARNING - CropBox missing from /Page, defaulting to MediaBox
2025-05-16 17:12:27,103 - WARNING - CropBox missing from /Page, defaulting to MediaBox
2025-05-16 17:12:27,104 - INFO - Processing lobbyist ID: 073081941259-09
2025-05-16 17:12:27,631 - WARNING - CropBox missing from /Page, defaulting to MediaBox
2025-05-16 17:12:27,656 - WARNING - CropBox missing from /Page, defaulting to MediaBox
2025-05-16 17:12:27,656 - INFO - Processing lobbyist ID: 073113537074-85
2025-05-16 17:12:28,263 - WARNING - CropBox missing from /Page, defaulting to MediaBox
2025-05-16 17:12:28,310 - WARNING - CropBox missing from /Page, defaulting to MediaBox
2025-05-16 17:12:28,310 - INFO - Processing lobbyist ID: 073127814104-19
2025-05-16 17:12:29,242 - WARNING - CropBox missing from /Page, defaulting to MediaBox
2025-05-16 17:12:29,313 - WARNING - CropBox missing from /Page, defaulting to MediaBox
2025-05-16 17:12:29,313 - INFO - Processing lobbyist ID: 073159850117-64
2025-05-16 17:12:29,837 - WARNING - CropBox missing from /Page, defaulting to MediaBox
2025-05-16 17:12:29,856 - WARNING - CropBox missing from /Page, defaulting to MediaBox
2025-05-16 17:12:29,856 - INFO - Processing lobbyist ID: 073160751791-49
2025-05-16 17:12:30,353 - WARNING - CropBox missing from /Page, defaulting to MediaBox
2025-05-16 17:12:30,370 - WARNING - CropBox missing from /Page, defaulting to MediaBox
2025-05-16 17:12:30,371 - INFO - Processing lobbyist ID: 073252247105-13
2025-05-16 17:12:30,856 - WARNING - CropBox missing from /Page, defaulting to MediaBox
2025-05-16 17:12:30,879 - WARNING - CropBox missing from /Page, defaulting to MediaBox
2025-05-16 17:12:30,879 - INFO - Processing lobbyist ID: 073267447671-87
2025-05-16 17:12:31,488 - WARNING - CropBox missing from /Page, defaulting to MediaBox
2025-05-16 17:12:31,519 - WARNING - CropBox missing from /Page, defaulting to MediaBox
2025-05-16 17:12:31,520 - INFO - Processing lobbyist ID: 073568451576-12
2025-05-16 17:12:31,994 - WARNING - CropBox missing from /Page, defaulting to MediaBox
2025-05-16 17:12:32,021 - WARNING - CropBox missing from /Page, defaulting to MediaBox
2025-05-16 17:12:32,021 - INFO - Processing lobbyist ID: 073609715164-10
2025-05-16 17:12:32,813 - WARNING - CropBox missing from /Page, defaulting to MediaBox
2025-05-16 17:12:32,853 - WARNING - CropBox missing from /Page, defaulting to MediaBox
2025-05-16 17:12:32,854 - INFO - Processing lobbyist ID: 073617950670-76
2025-05-16 17:12:33,403 - WARNING - CropBox missing from /Page, defaulting to MediaBox
2025-05-16 17:12:33,450 - WARNING - CropBox missing from /Page, defaulting to MediaBox
2025-05-16 17:12:33,450 - INFO - Processing lobbyist ID: 073782448244-79
2025-05-16 17:12:34,254 - WARNING - CropBox missing from /Page, defaulting to MediaBox
2025-05-16 17:12:34,276 - WARNING - CropBox missing from /Page, defaulting to MediaBox
2025-05-16 17:12:34,276 - INFO - Processing lobbyist ID: 073833319732-61
2025-05-16 17:12:34,775 - WARNING - CropBox missing from /Page, defaulting to MediaBox
2025-05-16 17:12:34,801 - WARNING - CropBox missing from /Page, defaulting to MediaBox
2025-05-16 17:12:34,801 - INFO - Processing lobbyist ID: 073919148838-41
2025-05-16 17:12:35,358 - WARNING - CropBox missing from /Page, defaulting to MediaBox
2025-05-16 17:12:35,378 - WARNING - CropBox missing from /Page, defaulting to MediaBox
2025-05-16 17:12:35,378 - INFO - Processing lobbyist ID: 074316492069-55
2025-05-16 17:12:35,908 - WARNING - CropBox missing from /Page, defaulting to MediaBox
2025-05-16 17:12:35,953 - WARNING - CropBox missing from /Page, defaulting to MediaBox
2025-05-16 17:12:35,953 - INFO - Processing lobbyist ID: 074368795181-21
2025-05-16 17:12:36,451 - WARNING - CropBox missing from /Page, defaulting to MediaBox
2025-05-16 17:12:36,475 - WARNING - CropBox missing from /Page, defaulting to MediaBox
2025-05-16 17:12:36,476 - INFO - Processing lobbyist ID: 07442991338-05
2025-05-16 17:12:37,443 - WARNING - CropBox missing from /Page, defaulting to MediaBox
2025-05-16 17:12:37,444 - WARNING - CropBox missing from /Page, defaulting to MediaBox
2025-05-16 17:12:37,445 - WARNING - CropBox missing from /Page, defaulting to MediaBox
2025-05-16 17:12:37,592 - WARNING - CropBox missing from /Page, defaulting to MediaBox
2025-05-16 17:12:37,592 - WARNING - CropBox missing from /Page, defaulting to MediaBox
2025-05-16 17:12:37,592 - WARNING - CropBox missing from /Page, defaulting to MediaBox
2025-05-16 17:12:37,593 - INFO - Processing lobbyist ID: 074433697256-80
2025-05-16 17:12:38,096 - WARNING - CropBox missing from /Page, defaulting to MediaBox
2025-05-16 17:12:38,115 - WARNING - CropBox missing from /Page, defaulting to MediaBox
2025-05-16 17:12:38,115 - INFO - Processing lobbyist ID: 074512652514-69
2025-05-16 17:12:38,578 - WARNING - CropBox missing from /Page, defaulting to MediaBox
2025-05-16 17:12:38,601 - WARNING - CropBox missing from /Page, defaulting to MediaBox
2025-05-16 17:12:38,601 - INFO - Processing lobbyist ID: 074543250490-48
2025-05-16 17:12:39,071 - WARNING - CropBox missing from /Page, defaulting to MediaBox
2025-05-16 17:12:39,096 - WARNING - CropBox missing from /Page, defaulting to MediaBox
2025-05-16 17:12:39,097 - INFO - Processing lobbyist ID: 0745650927-75
2025-05-16 17:12:41,408 - WARNING - CropBox missing from /Page, defaulting to MediaBox
2025-05-16 17:12:41,410 - WARNING - CropBox missing from /Page, defaulting to MediaBox
2025-05-16 17:12:41,411 - WARNING - CropBox missing from /Page, defaulting to MediaBox
2025-05-16 17:12:41,412 - WARNING - CropBox missing from /Page, defaulting to MediaBox
2025-05-16 17:12:41,412 - WARNING - CropBox missing from /Page, defaulting to MediaBox
2025-05-16 17:12:41,413 - WARNING - CropBox missing from /Page, defaulting to MediaBox
2025-05-16 17:12:41,413 - WARNING - CropBox missing from /Page, defaulting to MediaBox
2025-05-16 17:12:41,827 - WARNING - CropBox missing from /Page, defaulting to MediaBox
2025-05-16 17:12:41,827 - WARNING - CropBox missing from /Page, defaulting to MediaBox
2025-05-16 17:12:41,828 - WARNING - CropBox missing from /Page, defaulting to MediaBox
2025-05-16 17:12:41,828 - WARNING - CropBox missing from /Page, defaulting to MediaBox
2025-05-16 17:12:41,828 - WARNING - CropBox missing from /Page, defaulting to MediaBox
2025-05-16 17:12:41,828 - WARNING - CropBox missing from /Page, defaulting to MediaBox
2025-05-16 17:12:41,828 - WARNING - CropBox missing from /Page, defaulting to MediaBox
2025-05-16 17:12:41,828 - INFO - Processing lobbyist ID: 074578834859-39
2025-05-16 17:12:42,364 - WARNING - CropBox missing from /Page, defaulting to MediaBox
2025-05-16 17:12:42,411 - WARNING - CropBox missing from /Page, defaulting to MediaBox
2025-05-16 17:12:42,412 - INFO - Processing lobbyist ID: 074599750761-59
2025-05-16 17:12:42,912 - WARNING - CropBox missing from /Page, defaulting to MediaBox
2025-05-16 17:12:42,940 - WARNING - CropBox missing from /Page, defaulting to MediaBox
2025-05-16 17:12:42,940 - INFO - Processing lobbyist ID: 074704552447-24
2025-05-16 17:12:43,466 - WARNING - CropBox missing from /Page, defaulting to MediaBox
2025-05-16 17:12:43,485 - WARNING - CropBox missing from /Page, defaulting to MediaBox
2025-05-16 17:12:43,485 - INFO - Processing lobbyist ID: 074765749882-39
2025-05-16 17:12:43,982 - WARNING - CropBox missing from /Page, defaulting to MediaBox
2025-05-16 17:12:44,003 - WARNING - CropBox missing from /Page, defaulting to MediaBox
2025-05-16 17:12:44,003 - INFO - Processing lobbyist ID: 074807745456-72
2025-05-16 17:12:44,655 - WARNING - CropBox missing from /Page, defaulting to MediaBox
2025-05-16 17:12:44,686 - WARNING - CropBox missing from /Page, defaulting to MediaBox
2025-05-16 17:12:44,687 - INFO - Processing lobbyist ID: 07483302972-25
2025-05-16 17:12:45,057 - ERROR - Errore durante l'elaborazione dei lobbisti: 1264 (22003): Out of range value for column 'annual_cost_estimate_min' at row 1
2025-05-16 17:12:45,057 - ERROR - Errore critico: 1264 (22003): Out of range value for column 'annual_cost_estimate_min' at row 1. Terminazione dello script.
